--- Miniterm on COM20  115200,8,N,1 ---
--- Quit: Ctrl+] | Menu: Ctrl+T | Help: Ctrl+T followed by Ctrl+H ---
[MEM_MON] heap_free=85584 heap_min_free=75508 internal_free=85584
[MEM_MON]   task=MEM_MONITOR      stack_free_min=884
[MEM_MON]   task=IDLE1            stack_free_min=868
[MEM_MON]   task=IDLE0            stack_free_min=748
[MEM_MON]   task=LED_PANEL        stack_free_min=7216
[MEM_MON]   task=tiT              stack_free_min=1468
[MEM_MON]   task=READ_AMPOULES    stack_free_min=6648
[MEM_MON]   task=PRINT_CHECK      stack_free_min=6852
[MEM_MON]   task=button_event     stack_free_min=7188
[MEM_MON]   task=PRINT_TST        stack_free_min=7020
[MEM_MON]   task=check_temperatu  stack_free_min=3984
[MEM_MON]   task=BLINK_TESTS      stack_free_min=6816
[MEM_MON]   task=BLINK_HEATER     stack_free_min=6904
[MEM_MON]   task=BUZZER_ALARM     stack_free_min=4420
[MEM_MON]   task=BUZZER_ALERT     stack_free_min=4424
[MEM_MON]   task=TASK_CHECK_TST_  stack_free_min=7500
[MEM_MON]   task=READ_AMPOULES_T  stack_free_min=6856
[MEM_MON]   task=check_heat_temp  stack_free_min=2976
[MEM_MON]   task=Tmr Svc          stack_free_min=2348
[MEM_MON]   task=button_task      stack_free_min=6716
[MEM_MON]   task=AMP_LEDS_TST     stack_free_min=7240
[MEM_MON]   task=AMP_LEDS_ERR     stack_free_min=7232
[MEM_MON]   task=ipc0             stack_free_min=532
[MEM_MON]   task=ipc1             stack_free_min=536
[MEM_MON]   task=httpd            stack_free_min=2944
[MEM_MON]   task=sys_evt          stack_free_min=1588
[MEM_MON]   task=main             stack_free_min=1192
[MEM_MON]   task=daemon           stack_free_min=2128
[MEM_MON]   task=esp_timer        stack_free_min=3632
[MEM_MON]   task=wifi             stack_free_min=4212
[MEM_MON]   task=class            stack_free_min=2136
[MEM_MON]   task=HEATER_FAIL      stack_free_min=4368
[MEM_MON] heap_free=85584 heap_min_free=75508 internal_free=85584
[MEM_MON]   task=MEM_MONITOR      stack_free_min=884
[MEM_MON]   task=IDLE1            stack_free_min=868
[MEM_MON]   task=IDLE0            stack_free_min=748
[MEM_MON]   task=BLINK_TESTS      stack_free_min=6816
[MEM_MON]   task=button_task      stack_free_min=6716
[MEM_MON]   task=button_event     stack_free_min=7188
[MEM_MON]   task=READ_AMPOULES    stack_free_min=6648
[MEM_MON]   task=PRINT_TST        stack_free_min=7020
[MEM_MON]   task=check_heat_temp  stack_free_min=2976
[MEM_MON]   task=BUZZER_ALARM     stack_free_min=4420
[MEM_MON]   task=BUZZER_ALERT     stack_free_min=4424
[MEM_MON]   task=TASK_CHECK_TST_  stack_free_min=7500
[MEM_MON]   task=tiT              stack_free_min=1468
[MEM_MON]   task=BLINK_HEATER     stack_free_min=6904
[MEM_MON]   task=READ_AMPOULES_T  stack_free_min=6856
[MEM_MON]   task=PRINT_CHECK      stack_free_min=6852
[MEM_MON]   task=check_temperatu  stack_free_min=3984
[MEM_MON]   task=Tmr Svc          stack_free_min=2348
[MEM_MON]   task=LED_PANEL        stack_free_min=7216
[MEM_MON]   task=AMP_LEDS_ERR     stack_free_min=7232
[MEM_MON]   task=ipc0             stack_free_min=532
[MEM_MON]   task=ipc1             stack_free_min=536
[MEM_MON]   task=httpd            stack_free_min=2944
[MEM_MON]   task=sys_evt          stack_free_min=1588
[MEM_MON]   task=main             stack_free_min=1192
[MEM_MON]   task=daemon           stack_free_min=2128
[MEM_MON]   task=class            stack_free_min=2136
[MEM_MON]   task=esp_timer        stack_free_min=3632
[MEM_MON]   task=wifi             stack_free_min=4212
[MEM_MON]   task=HEATER_FAIL      stack_free_min=4368
[MEM_MON]   task=AMP_LEDS_TST     stack_free_min=7240

[0;31mE (123937) HEATER: Temperatura: 25.500[0m
[0;31mE (123937) HEATER: Funcoes Habilitadas: Não[0m
[0;31mE (123937) HEATER: Esta em teste: Nao[0m
[0;31mE (123937) HEATER: Temperatura estabilizada: Nao[0m
[0;31mE (123937) HEATER: Temperatura no Range > 53.0 e < 68.0: Nao[0m

[0;32mI (123947) HEATER: AGUARDE: Temperatura de aquecimento atual: 25.500[0m
[MEM_MON] heap_free=85584 heap_min_free=75508 internal_free=85584
[MEM_MON]   task=MEM_MONITOR      stack_free_min=884
[MEM_MON]   task=IDLE1            stack_free_min=868
[MEM_MON]   task=IDLE0            stack_free_min=748
[MEM_MON]   task=button_event     stack_free_min=7188
[MEM_MON]   task=LED_PANEL        stack_free_min=7216
[MEM_MON]   task=BLINK_TESTS      stack_free_min=6816
[MEM_MON]   task=READ_AMPOULES    stack_free_min=6648
[MEM_MON]   task=BUZZER_ALARM     stack_free_min=4420
[MEM_MON]   task=BUZZER_ALERT     stack_free_min=4424
[MEM_MON]   task=PRINT_TST        stack_free_min=7020
[MEM_MON]   task=TASK_CHECK_TST_  stack_free_min=7500
[MEM_MON]   task=tiT              stack_free_min=1468
[MEM_MON]   task=BLINK_HEATER     stack_free_min=6904
[MEM_MON]   task=READ_AMPOULES_T  stack_free_min=6856
[MEM_MON]   task=PRINT_CHECK      stack_free_min=6852
[MEM_MON]   task=check_heat_temp  stack_free_min=2976
[MEM_MON]   task=check_temperatu  stack_free_min=3984
[MEM_MON]   task=Tmr Svc          stack_free_min=2348
[MEM_MON]   task=button_task      stack_free_min=6716
[MEM_MON]   task=ipc0             stack_free_min=532
[MEM_MON]   task=ipc1             stack_free_min=536
[MEM_MON]   task=httpd            stack_free_min=2944
[MEM_MON]   task=sys_evt          stack_free_min=1588
[MEM_MON]   task=main             stack_free_min=1192
[MEM_MON]   task=daemon           stack_free_min=2128
[MEM_MON]   task=class            stack_free_min=2136
[MEM_MON]   task=HEATER_FAIL      stack_free_min=4368
[MEM_MON]   task=esp_timer        stack_free_min=3632
[MEM_MON]   task=wifi             stack_free_min=4212
[MEM_MON]   task=AMP_LEDS_TST     stack_free_min=7240
[MEM_MON]   task=AMP_LEDS_ERR     stack_free_min=7232
[MEM_MON] heap_free=85404 heap_min_free=75508 internal_free=85404
[MEM_MON]   task=MEM_MONITOR      stack_free_min=884
[MEM_MON]   task=IDLE1            stack_free_min=868
[MEM_MON]   task=IDLE0            stack_free_min=748
[MEM_MON]   task=BLINK_TESTS      stack_free_min=6816
[MEM_MON]   task=BUZZER_ALARM     stack_free_min=4420
[MEM_MON]   task=BUZZER_ALERT     stack_free_min=4424
[MEM_MON]   task=LED_PANEL        stack_free_min=7216
[MEM_MON]   task=TASK_CHECK_TST_  stack_free_min=7500
[MEM_MON]   task=tiT              stack_free_min=1468
[MEM_MON]   task=READ_AMPOULES    stack_free_min=6648
[MEM_MON]   task=PRINT_TST        stack_free_min=7020
[MEM_MON]   task=BLINK_HEATER     stack_free_min=6904
[MEM_MON]   task=READ_AMPOULES_T  stack_free_min=6856
[MEM_MON]   task=PRINT_CHECK      stack_free_min=6852
[MEM_MON]   task=button_task      stack_free_min=6716
[MEM_MON]   task=check_heat_temp  stack_free_min=2976
[MEM_MON]   task=check_temperatu  stack_free_min=3984
[MEM_MON]   task=Tmr Svc          stack_free_min=2348
[MEM_MON]   task=button_event     stack_free_min=7188
[MEM_MON]   task=ipc1             stack_free_min=536
[MEM_MON]   task=httpd            stack_free_min=2944
[MEM_MON]   task=sys_evt          stack_free_min=1588
[MEM_MON]   task=main             stack_free_min=1192
[MEM_MON]   task=daemon           stack_free_min=2128
[MEM_MON]   task=class            stack_free_min=2136
[MEM_MON]   task=HEATER_FAIL      stack_free_min=4368
[MEM_MON]   task=AMP_LEDS_TST     stack_free_min=7240
[MEM_MON]   task=esp_timer        stack_free_min=3632
[MEM_MON]   task=wifi             stack_free_min=4212
[MEM_MON]   task=AMP_LEDS_ERR     stack_free_min=7232
[MEM_MON]   task=ipc0             stack_free_min=532
[MEM_MON] heap_free=85584 heap_min_free=75508 internal_free=85584
[MEM_MON]   task=MEM_MONITOR      stack_free_min=884
[MEM_MON]   task=IDLE1            stack_free_min=868
[MEM_MON]   task=IDLE0            stack_free_min=748
[MEM_MON]   task=READ_AMPOULES    stack_free_min=6648
[MEM_MON]   task=TASK_CHECK_TST_  stack_free_min=7500
[MEM_MON]   task=button_event     stack_free_min=7188
[MEM_MON]   task=BLINK_TESTS      stack_free_min=6816
[MEM_MON]   task=tiT              stack_free_min=1468
[MEM_MON]   task=LED_PANEL        stack_free_min=7216
[MEM_MON]   task=BLINK_HEATER     stack_free_min=6904
[MEM_MON]   task=READ_AMPOULES_T  stack_free_min=6856
[MEM_MON]   task=PRINT_TST        stack_free_min=7020
[MEM_MON]   task=PRINT_CHECK      stack_free_min=6852
[MEM_MON]   task=check_temperatu  stack_free_min=3984
[MEM_MON]   task=check_heat_temp  stack_free_min=2976
[MEM_MON]   task=BUZZER_ALARM     stack_free_min=4420
[MEM_MON]   task=BUZZER_ALERT     stack_free_min=4424
[MEM_MON]   task=Tmr Svc          stack_free_min=2348
[MEM_MON]   task=button_task      stack_free_min=6716
[MEM_MON]   task=httpd            stack_free_min=2944
[MEM_MON]   task=sys_evt          stack_free_min=1588
[MEM_MON]   task=main             stack_free_min=1192
[MEM_MON]   task=daemon           stack_free_min=2128
[MEM_MON]   task=class            stack_free_min=2136
[MEM_MON]   task=HEATER_FAIL      stack_free_min=4368
[MEM_MON]   task=AMP_LEDS_TST     stack_free_min=7240
[MEM_MON]   task=AMP_LEDS_ERR     stack_free_min=7232
[MEM_MON]   task=esp_timer        stack_free_min=3632
[MEM_MON]   task=wifi             stack_free_min=4212
[MEM_MON]   task=ipc0             stack_free_min=532
[MEM_MON]   task=ipc1             stack_free_min=536
[MEM_MON] heap_free=85584 heap_min_free=75508 internal_free=85584
[MEM_MON]   task=MEM_MONITOR      stack_free_min=884
[MEM_MON]   task=IDLE1            stack_free_min=868
[MEM_MON]   task=IDLE0            stack_free_min=748
[MEM_MON]   task=button_event     stack_free_min=7188
[MEM_MON]   task=READ_AMPOULES    stack_free_min=6648
[MEM_MON]   task=BLINK_TESTS      stack_free_min=6816
[MEM_MON]   task=READ_AMPOULES_T  stack_free_min=6856
[MEM_MON]   task=LED_PANEL        stack_free_min=7216
[MEM_MON]   task=check_temperatu  stack_free_min=3984
[MEM_MON]   task=tiT              stack_free_min=1468
[MEM_MON]   task=PRINT_CHECK      stack_free_min=6852
[MEM_MON]   task=PRINT_TST        stack_free_min=7020
[MEM_MON]   task=BLINK_HEATER     stack_free_min=6904
[MEM_MON]   task=BUZZER_ALARM     stack_free_min=4420
[MEM_MON]   task=BUZZER_ALERT     stack_free_min=4424
[MEM_MON]   task=TASK_CHECK_TST_  stack_free_min=7500
[MEM_MON]   task=check_heat_temp  stack_free_min=2976
[MEM_MON]   task=Tmr Svc          stack_free_min=2348
[MEM_MON]   task=button_task      stack_free_min=6716
[MEM_MON]   task=sys_evt          stack_free_min=1588
[MEM_MON]   task=main             stack_free_min=1192
[MEM_MON]   task=daemon           stack_free_min=2128
[MEM_MON]   task=class            stack_free_min=2136
[MEM_MON]   task=HEATER_FAIL      stack_free_min=4368
[MEM_MON]   task=AMP_LEDS_TST     stack_free_min=7240
[MEM_MON]   task=AMP_LEDS_ERR     stack_free_min=7232
[MEM_MON]   task=ipc0             stack_free_min=532
[MEM_MON]   task=esp_timer        stack_free_min=3632
[MEM_MON]   task=wifi             stack_free_min=4212
[MEM_MON]   task=ipc1             stack_free_min=536
[MEM_MON]   task=httpd            stack_free_min=2944
[MEM_MON] heap_free=85584 heap_min_free=75508 internal_free=85584
[MEM_MON]   task=MEM_MONITOR      stack_free_min=884
[MEM_MON]   task=IDLE0            stack_free_min=748
[MEM_MON]   task=IDLE1            stack_free_min=868
[MEM_MON]   task=button_task      stack_free_min=6716
[MEM_MON]   task=PRINT_TST        stack_free_min=7020
[MEM_MON]   task=READ_AMPOULES_T  stack_free_min=6856
[MEM_MON]   task=BLINK_TESTS      stack_free_min=6816
[MEM_MON]   task=READ_AMPOULES    stack_free_min=6648
[MEM_MON]   task=tiT              stack_free_min=1468
[MEM_MON]   task=PRINT_CHECK      stack_free_min=6852
[MEM_MON]   task=LED_PANEL        stack_free_min=7216
[MEM_MON]   task=BLINK_HEATER     stack_free_min=6904
[MEM_MON]   task=BUZZER_ALARM     stack_free_min=4420
[MEM_MON]   task=BUZZER_ALERT     stack_free_min=4424
[MEM_MON]   task=TASK_CHECK_TST_  stack_free_min=7500
[MEM_MON]   task=check_heat_temp  stack_free_min=2976
[MEM_MON]   task=check_temperatu  stack_free_min=3984
[MEM_MON]   task=Tmr Svc          stack_free_min=2348
[MEM_MON]   task=button_event     stack_free_min=7188
[MEM_MON]   task=main             stack_free_min=1192
[MEM_MON]   task=daemon           stack_free_min=2128
[MEM_MON]   task=class            stack_free_min=2136
[MEM_MON]   task=HEATER_FAIL      stack_free_min=4368
[MEM_MON]   task=AMP_LEDS_TST     stack_free_min=7240
[MEM_MON]   task=AMP_LEDS_ERR     stack_free_min=7232
[MEM_MON]   task=ipc0             stack_free_min=532
[MEM_MON]   task=ipc1             stack_free_min=536
[MEM_MON]   task=esp_timer        stack_free_min=3632
[MEM_MON]   task=wifi             stack_free_min=4212
[MEM_MON]   task=httpd            stack_free_min=2944
[MEM_MON]   task=sys_evt          stack_free_min=1588
[MEM_MON] heap_free=85584 heap_min_free=75508 internal_free=85584
[MEM_MON]   task=MEM_MONITOR      stack_free_min=884
[MEM_MON]   task=IDLE1            stack_free_min=868
[MEM_MON]   task=IDLE0            stack_free_min=748
[MEM_MON]   task=button_task      stack_free_min=6716
[MEM_MON]   task=tiT              stack_free_min=1468
[MEM_MON]   task=PRINT_CHECK      stack_free_min=6852
[MEM_MON]   task=BLINK_TESTS      stack_free_min=6816
[MEM_MON]   task=READ_AMPOULES    stack_free_min=6648
[MEM_MON]   task=LED_PANEL        stack_free_min=7216
[MEM_MON]   task=check_heat_temp  stack_free_min=2976
[MEM_MON]   task=BUZZER_ALARM     stack_free_min=4420
[MEM_MON]   task=BUZZER_ALERT     stack_free_min=4424
[MEM_MON]   task=TASK_CHECK_TST_  stack_free_min=7500
[MEM_MON]   task=BLINK_HEATER     stack_free_min=6904
[MEM_MON]   task=READ_AMPOULES_T  stack_free_min=6856
[MEM_MON]   task=button_event     stack_free_min=7188
[MEM_MON]   task=check_temperatu  stack_free_min=3984
[MEM_MON]   task=Tmr Svc          stack_free_min=2348
[MEM_MON]   task=PRINT_TST        stack_free_min=7020
[MEM_MON]   task=daemon           stack_free_min=2128
[MEM_MON]   task=class            stack_free_min=2136
[MEM_MON]   task=HEATER_FAIL      stack_free_min=4368
[MEM_MON]   task=AMP_LEDS_TST     stack_free_min=7240
[MEM_MON]   task=AMP_LEDS_ERR     stack_free_min=7232
[MEM_MON]   task=ipc0             stack_free_min=532
[MEM_MON]   task=ipc1             stack_free_min=536
[MEM_MON]   task=httpd            stack_free_min=2944
[MEM_MON]   task=esp_timer        stack_free_min=3632
[MEM_MON]   task=wifi             stack_free_min=4212
[MEM_MON]   task=sys_evt          stack_free_min=1588
[MEM_MON]   task=main             stack_free_min=1192

[0;31mE (130957) HEATER: Temperatura: 25.500[0m
[0;31mE (130957) HEATER: Funcoes Habilitadas: Não[0m
[0;31mE (130957) HEATER: Esta em teste: Nao[0m
[0;31mE (130957) HEATER: Temperatura estabilizada: Nao[0m
[0;31mE (130957) HEATER: Temperatura no Range > 53.0 e < 68.0: Nao[0m

[0;32mI (130967) HEATER: AGUARDE: Temperatura de aquecimento atual: 25.500[0m
[MEM_MON] heap_free=85404 heap_min_free=75508 internal_free=85404
[MEM_MON]   task=MEM_MONITOR      stack_free_min=884
[MEM_MON]   task=IDLE1            stack_free_min=868
[MEM_MON]   task=IDLE0            stack_free_min=748
[MEM_MON]   task=BLINK_TESTS      stack_free_min=6816
[MEM_MON]   task=READ_AMPOULES    stack_free_min=6648
[MEM_MON]   task=BUZZER_ALARM     stack_free_min=4420
[MEM_MON]   task=BUZZER_ALERT     stack_free_min=4424
[MEM_MON]   task=LED_PANEL        stack_free_min=7216
[MEM_MON]   task=TASK_CHECK_TST_  stack_free_min=7500
[MEM_MON]   task=tiT              stack_free_min=1468
[MEM_MON]   task=BLINK_HEATER     stack_free_min=6904
[MEM_MON]   task=READ_AMPOULES_T  stack_free_min=6856
[MEM_MON]   task=button_event     stack_free_min=7188
[MEM_MON]   task=PRINT_CHECK      stack_free_min=6852
[MEM_MON]   task=button_task      stack_free_min=6716
[MEM_MON]   task=check_temperatu  stack_free_min=3984
[MEM_MON]   task=check_heat_temp  stack_free_min=2976
[MEM_MON]   task=Tmr Svc          stack_free_min=2348
[MEM_MON]   task=PRINT_TST        stack_free_min=7020
[MEM_MON]   task=class            stack_free_min=2136
[MEM_MON]   task=HEATER_FAIL      stack_free_min=4368
[MEM_MON]   task=AMP_LEDS_TST     stack_free_min=7240
[MEM_MON]   task=AMP_LEDS_ERR     stack_free_min=7232
[MEM_MON]   task=ipc0             stack_free_min=532
[MEM_MON]   task=ipc1             stack_free_min=536
[MEM_MON]   task=httpd            stack_free_min=2944
[MEM_MON]   task=sys_evt          stack_free_min=1588
[MEM_MON]   task=esp_timer        stack_free_min=3632
[MEM_MON]   task=wifi             stack_free_min=4212
[MEM_MON]   task=main             stack_free_min=1192
[MEM_MON]   task=daemon           stack_free_min=2128
[MEM_MON] heap_free=85584 heap_min_free=75508 internal_free=85584
[MEM_MON]   task=MEM_MONITOR      stack_free_min=884
[MEM_MON]   task=IDLE1            stack_free_min=868
[MEM_MON]   task=IDLE0            stack_free_min=748
[MEM_MON]   task=button_task      stack_free_min=6716
[MEM_MON]   task=READ_AMPOULES    stack_free_min=6648
[MEM_MON]   task=PRINT_TST        stack_free_min=7020
[MEM_MON]   task=BLINK_TESTS      stack_free_min=6816
[MEM_MON]   task=BUZZER_ALARM     stack_free_min=4420
[MEM_MON]   task=BUZZER_ALERT     stack_free_min=4424
[MEM_MON]   task=TASK_CHECK_TST_  stack_free_min=7500
[MEM_MON]   task=tiT              stack_free_min=1468
[MEM_MON]   task=BLINK_HEATER     stack_free_min=6904
[MEM_MON]   task=READ_AMPOULES_T  stack_free_min=6856
[MEM_MON]   task=check_temperatu  stack_free_min=3984
[MEM_MON]   task=PRINT_CHECK      stack_free_min=6852
[MEM_MON]   task=button_event     stack_free_min=7188
[MEM_MON]   task=check_heat_temp  stack_free_min=2976
[MEM_MON]   task=Tmr Svc          stack_free_min=2348
[MEM_MON]   task=LED_PANEL        stack_free_min=7216
[MEM_MON]   task=HEATER_FAIL      stack_free_min=4368
[MEM_MON]   task=AMP_LEDS_TST     stack_free_min=7240
[MEM_MON]   task=AMP_LEDS_ERR     stack_free_min=7232
[MEM_MON]   task=ipc0             stack_free_min=532
[MEM_MON]   task=ipc1             stack_free_min=536
[MEM_MON]   task=httpd            stack_free_min=2944
[MEM_MON]   task=sys_evt          stack_free_min=1588
[MEM_MON]   task=main             stack_free_min=1192
[MEM_MON]   task=esp_timer        stack_free_min=3632
[MEM_MON]   task=wifi             stack_free_min=4212
[MEM_MON]   task=daemon           stack_free_min=2128
[MEM_MON]   task=class            stack_free_min=2136
[MEM_MON] heap_free=85584 heap_min_free=75508 internal_free=85584
[MEM_MON]   task=MEM_MONITOR      stack_free_min=884
[MEM_MON]   task=IDLE1            stack_free_min=868
[MEM_MON]   task=IDLE0            stack_free_min=748
[MEM_MON]   task=LED_PANEL        stack_free_min=7216
[MEM_MON]   task=READ_AMPOULES    stack_free_min=6648
[MEM_MON]   task=check_heat_temp  stack_free_min=2976
[MEM_MON]   task=BUZZER_ALARM     stack_free_min=4420
[MEM_MON]   task=BUZZER_ALERT     stack_free_min=4424
[MEM_MON]   task=PRINT_TST        stack_free_min=7020
[MEM_MON]   task=TASK_CHECK_TST_  stack_free_min=7500
[MEM_MON]   task=BLINK_TESTS      stack_free_min=6816
[MEM_MON]   task=tiT              stack_free_min=1468
[MEM_MON]   task=check_temperatu  stack_free_min=3984
[MEM_MON]   task=BLINK_HEATER     stack_free_min=6904
[MEM_MON]   task=READ_AMPOULES_T  stack_free_min=6856
[MEM_MON]   task=PRINT_CHECK      stack_free_min=6852
[MEM_MON]   task=button_event     stack_free_min=7188
[MEM_MON]   task=Tmr Svc          stack_free_min=2348
[MEM_MON]   task=button_task      stack_free_min=6716
[MEM_MON]   task=AMP_LEDS_TST     stack_free_min=7240
[MEM_MON]   task=AMP_LEDS_ERR     stack_free_min=7232
[MEM_MON]   task=ipc0             stack_free_min=532
[MEM_MON]   task=ipc1             stack_free_min=536
[MEM_MON]   task=httpd            stack_free_min=2944
[MEM_MON]   task=sys_evt          stack_free_min=1588
[MEM_MON]   task=main             stack_free_min=1192
[MEM_MON]   task=daemon           stack_free_min=2128
[MEM_MON]   task=esp_timer        stack_free_min=3632
[MEM_MON]   task=wifi             stack_free_min=4212
[MEM_MON]   task=class            stack_free_min=2136
[MEM_MON]   task=HEATER_FAIL      stack_free_min=4368

[0;31mE (134197) HEATER: Temperatura: 25.500[0m
[0;31mE (134197) HEATER: Funcoes Habilitadas: Não[0m
[0;31mE (134197) HEATER: Esta em teste: Nao[0m
[0;31mE (134197) HEATER: Temperatura estabilizada: Nao[0m
[0;31mE (134197) HEATER: Temperatura no Range > 53.0 e < 68.0: Nao[0m

[0;32mI (134207) HEATER: AGUARDE: Temperatura de aquecimento atual: 25.500[0m
[MEM_MON] heap_free=85584 heap_min_free=75508 internal_free=85584
[MEM_MON]   task=MEM_MONITOR      stack_free_min=884
[MEM_MON]   task=IDLE1            stack_free_min=868
[MEM_MON]   task=IDLE0            stack_free_min=748
[MEM_MON]   task=BUZZER_ALERT     stack_free_min=4424
[MEM_MON]   task=LED_PANEL        stack_free_min=7216
[MEM_MON]   task=BLINK_TESTS      stack_free_min=6816
[MEM_MON]   task=button_task      stack_free_min=6716
[MEM_MON]   task=TASK_CHECK_TST_  stack_free_min=7500
[MEM_MON]   task=tiT              stack_free_min=1468
[MEM_MON]   task=READ_AMPOULES    stack_free_min=6648
[MEM_MON]   task=PRINT_TST        stack_free_min=7020
[MEM_MON]   task=BLINK_HEATER     stack_free_min=6904
[MEM_MON]   task=READ_AMPOULES_T  stack_free_min=6856
[MEM_MON]   task=PRINT_CHECK      stack_free_min=6852
[MEM_MON]   task=button_event     stack_free_min=7188
[MEM_MON]   task=check_heat_temp  stack_free_min=2976
[MEM_MON]   task=check_temperatu  stack_free_min=3984
[MEM_MON]   task=Tmr Svc          stack_free_min=2348
[MEM_MON]   task=BUZZER_ALARM     stack_free_min=4420
[MEM_MON]   task=AMP_LEDS_ERR     stack_free_min=7232
[MEM_MON]   task=ipc0             stack_free_min=532
[MEM_MON]   task=ipc1             stack_free_min=536
[MEM_MON]   task=httpd            stack_free_min=2944
[MEM_MON]   task=sys_evt          stack_free_min=1588
[MEM_MON]   task=main             stack_free_min=1192
[MEM_MON]   task=daemon           stack_free_min=2128
[MEM_MON]   task=class            stack_free_min=2136
[MEM_MON]   task=esp_timer        stack_free_min=3632
[MEM_MON]   task=wifi             stack_free_min=4212
[MEM_MON]   task=HEATER_FAIL      stack_free_min=4368
[MEM_MON]   task=AMP_LEDS_TST     stack_free_min=7240
[MEM_MON] heap_free=85584 heap_min_free=75508 internal_free=85584
[MEM_MON]   task=MEM_MONITOR      stack_free_min=884
[MEM_MON]   task=IDLE1            stack_free_min=868
[MEM_MON]   task=IDLE0            stack_free_min=748
[MEM_MON]   task=button_task      stack_free_min=6716
[MEM_MON]   task=LED_PANEL        stack_free_min=7216
[MEM_MON]   task=BLINK_HEATER     stack_free_min=6904
[MEM_MON]   task=READ_AMPOULES    stack_free_min=6648
[MEM_MON]   task=READ_AMPOULES_T  stack_free_min=6856
[MEM_MON]   task=PRINT_TST        stack_free_min=7020
[MEM_MON]   task=PRINT_CHECK      stack_free_min=6852
[MEM_MON]   task=BLINK_TESTS      stack_free_min=6816
[MEM_MON]   task=button_event     stack_free_min=7188
[MEM_MON]   task=BUZZER_ALARM     stack_free_min=4420
[MEM_MON]   task=BUZZER_ALERT     stack_free_min=4424
[MEM_MON]   task=TASK_CHECK_TST_  stack_free_min=7500
[MEM_MON]   task=check_heat_temp  stack_free_min=2976
[MEM_MON]   task=check_temperatu  stack_free_min=3984
[MEM_MON]   task=Tmr Svc          stack_free_min=2348
[MEM_MON]   task=tiT              stack_free_min=1468
[MEM_MON]   task=ipc0             stack_free_min=532
[MEM_MON]   task=ipc1             stack_free_min=536
[MEM_MON]   task=httpd            stack_free_min=2944
[MEM_MON]   task=sys_evt          stack_free_min=1588
[MEM_MON]   task=main             stack_free_min=1192
[MEM_MON]   task=daemon           stack_free_min=2128
[MEM_MON]   task=class            stack_free_min=2136
[MEM_MON]   task=HEATER_FAIL      stack_free_min=4368
[MEM_MON]   task=esp_timer        stack_free_min=3632
[MEM_MON]   task=wifi             stack_free_min=4212
[MEM_MON]   task=AMP_LEDS_TST     stack_free_min=7240
[MEM_MON]   task=AMP_LEDS_ERR     stack_free_min=7232
[MEM_MON] heap_free=85584 heap_min_free=75508 internal_free=85584
[MEM_MON]   task=MEM_MONITOR      stack_free_min=884
[MEM_MON]   task=IDLE1            stack_free_min=868
[MEM_MON]   task=IDLE0            stack_free_min=748
[MEM_MON]   task=LED_PANEL        stack_free_min=7216
[MEM_MON]   task=BLINK_TESTS      stack_free_min=6816
[MEM_MON]   task=tiT              stack_free_min=1468
[MEM_MON]   task=READ_AMPOULES    stack_free_min=6648
[MEM_MON]   task=PRINT_CHECK      stack_free_min=6852
[MEM_MON]   task=PRINT_TST        stack_free_min=7020
[MEM_MON]   task=BLINK_HEATER     stack_free_min=6904
[MEM_MON]   task=BUZZER_ALARM     stack_free_min=4420
[MEM_MON]   task=BUZZER_ALERT     stack_free_min=4424
[MEM_MON]   task=button_event     stack_free_min=7188
[MEM_MON]   task=TASK_CHECK_TST_  stack_free_min=7500
[MEM_MON]   task=check_heat_temp  stack_free_min=2976
[MEM_MON]   task=button_task      stack_free_min=6716
[MEM_MON]   task=check_temperatu  stack_free_min=3984
[MEM_MON]   task=Tmr Svc          stack_free_min=2348
[MEM_MON]   task=READ_AMPOULES_T  stack_free_min=6856
[MEM_MON]   task=ipc1             stack_free_min=536
[MEM_MON]   task=httpd            stack_free_min=2944
[MEM_MON]   task=sys_evt          stack_free_min=1588
[MEM_MON]   task=main             stack_free_min=1192
[MEM_MON]   task=daemon           stack_free_min=2128
[MEM_MON]   task=class            stack_free_min=2136
[MEM_MON]   task=HEATER_FAIL      stack_free_min=4368
[MEM_MON]   task=AMP_LEDS_TST     stack_free_min=7240
[MEM_MON]   task=esp_timer        stack_free_min=3632
[MEM_MON]   task=wifi             stack_free_min=4212
[MEM_MON]   task=AMP_LEDS_ERR     stack_free_min=7232
[MEM_MON]   task=ipc0             stack_free_min=532
[MEM_MON] heap_free=85584 heap_min_free=75508 internal_free=85584
[MEM_MON]   task=MEM_MONITOR      stack_free_min=884
[MEM_MON]   task=IDLE0            stack_free_min=748
[MEM_MON]   task=IDLE1            stack_free_min=868
[MEM_MON]   task=button_task      stack_free_min=6716
[MEM_MON]   task=READ_AMPOULES    stack_free_min=6648
[MEM_MON]   task=tiT              stack_free_min=1468
[MEM_MON]   task=PRINT_CHECK      stack_free_min=6852
[MEM_MON]   task=LED_PANEL        stack_free_min=7216
[MEM_MON]   task=BLINK_HEATER     stack_free_min=6904
[MEM_MON]   task=PRINT_TST        stack_free_min=7020
[MEM_MON]   task=BUZZER_ALARM     stack_free_min=4420
[MEM_MON]   task=BUZZER_ALERT     stack_free_min=4424
[MEM_MON]   task=TASK_CHECK_TST_  stack_free_min=7500
[MEM_MON]   task=button_event     stack_free_min=7188
[MEM_MON]   task=check_temperatu  stack_free_min=3984
[MEM_MON]   task=READ_AMPOULES_T  stack_free_min=6856
[MEM_MON]   task=check_heat_temp  stack_free_min=2976
[MEM_MON]   task=Tmr Svc          stack_free_min=2348
[MEM_MON]   task=BLINK_TESTS      stack_free_min=6816
[MEM_MON]   task=httpd            stack_free_min=2944
[MEM_MON]   task=sys_evt          stack_free_min=1588
[MEM_MON]   task=main             stack_free_min=1192
[MEM_MON]   task=daemon           stack_free_min=2128
[MEM_MON]   task=class            stack_free_min=2136
[MEM_MON]   task=HEATER_FAIL      stack_free_min=4368
[MEM_MON]   task=AMP_LEDS_TST     stack_free_min=7240
[MEM_MON]   task=AMP_LEDS_ERR     stack_free_min=7232
[MEM_MON]   task=esp_timer        stack_free_min=3632
[MEM_MON]   task=wifi             stack_free_min=4212
[MEM_MON]   task=ipc0             stack_free_min=532
[MEM_MON]   task=ipc1             stack_free_min=536
[MEM_MON] heap_free=85584 heap_min_free=75508 internal_free=85584
[MEM_MON]   task=MEM_MONITOR      stack_free_min=884
[MEM_MON]   task=IDLE1            stack_free_min=868
[MEM_MON]   task=IDLE0            stack_free_min=748
[MEM_MON]   task=button_task      stack_free_min=6716
[MEM_MON]   task=BLINK_TESTS      stack_free_min=6816
[MEM_MON]   task=READ_AMPOULES    stack_free_min=6648
[MEM_MON]   task=LED_PANEL        stack_free_min=7216
[MEM_MON]   task=check_temperatu  stack_free_min=3984
[MEM_MON]   task=BUZZER_ALARM     stack_free_min=4420
[MEM_MON]   task=BUZZER_ALERT     stack_free_min=4424
[MEM_MON]   task=PRINT_TST        stack_free_min=7020
[MEM_MON]   task=TASK_CHECK_TST_  stack_free_min=7500
[MEM_MON]   task=tiT              stack_free_min=1468
[MEM_MON]   task=button_event     stack_free_min=7188
[MEM_MON]   task=BLINK_HEATER     stack_free_min=6904
[MEM_MON]   task=READ_AMPOULES_T  stack_free_min=6856
[MEM_MON]   task=check_heat_temp  stack_free_min=2976
[MEM_MON]   task=Tmr Svc          stack_free_min=2348
[MEM_MON]   task=PRINT_CHECK      stack_free_min=6852
[MEM_MON]   task=sys_evt          stack_free_min=1588
[MEM_MON]   task=main             stack_free_min=1192
[MEM_MON]   task=daemon           stack_free_min=2128
[MEM_MON]   task=class            stack_free_min=2136
[MEM_MON]   task=HEATER_FAIL      stack_free_min=4368
[MEM_MON]   task=AMP_LEDS_TST     stack_free_min=7240
[MEM_MON]   task=AMP_LEDS_ERR     stack_free_min=7232
[MEM_MON]   task=ipc0             stack_free_min=532
[MEM_MON]   task=esp_timer        stack_free_min=3632
[MEM_MON]   task=wifi             stack_free_min=4212
[MEM_MON]   task=ipc1             stack_free_min=536
[MEM_MON]   task=httpd            stack_free_min=2944
[MEM_MON] heap_free=85584 heap_min_free=75508 internal_free=85584
[MEM_MON]   task=MEM_MONITOR      stack_free_min=884
[MEM_MON]   task=IDLE1            stack_free_min=868
[MEM_MON]   task=IDLE0            stack_free_min=748
[MEM_MON]   task=button_task      stack_free_min=6716
[MEM_MON]   task=PRINT_TST        stack_free_min=7020
[MEM_MON]   task=READ_AMPOULES    stack_free_min=6648
[MEM_MON]   task=BUZZER_ALARM     stack_free_min=4420
[MEM_MON]   task=BUZZER_ALERT     stack_free_min=4424
[MEM_MON]   task=LED_PANEL        stack_free_min=7216
[MEM_MON]   task=TASK_CHECK_TST_  stack_free_min=7500
[MEM_MON]   task=tiT              stack_free_min=1468
[MEM_MON]   task=check_heat_temp  stack_free_min=2976
[MEM_MON]   task=button_event     stack_free_min=7188
[MEM_MON]   task=BLINK_HEATER     stack_free_min=6904
[MEM_MON]   task=READ_AMPOULES_T  stack_free_min=6856
[MEM_MON]   task=PRINT_CHECK      stack_free_min=6852
[MEM_MON]   task=check_temperatu  stack_free_min=3984
[MEM_MON]   task=Tmr Svc          stack_free_min=2348
[MEM_MON]   task=BLINK_TESTS      stack_free_min=6816
[MEM_MON]   task=main             stack_free_min=1192
[MEM_MON]   task=daemon           stack_free_min=2128
[MEM_MON]   task=class            stack_free_min=2136
[MEM_MON]   task=HEATER_FAIL      stack_free_min=4368
[MEM_MON]   task=AMP_LEDS_TST     stack_free_min=7240
[MEM_MON]   task=AMP_LEDS_ERR     stack_free_min=7232
[MEM_MON]   task=ipc0             stack_free_min=532
[MEM_MON]   task=ipc1             stack_free_min=536
[MEM_MON]   task=esp_timer        stack_free_min=3632
[MEM_MON]   task=wifi             stack_free_min=4212
[MEM_MON]   task=httpd            stack_free_min=2944
[MEM_MON]   task=sys_evt          stack_free_min=1588

[0;31mE (141217) HEATER: Temperatura: 25.500[0m
[0;31mE (141217) HEATER: Funcoes Habilitadas: Não[0m
[0;31mE (141217) HEATER: Esta em teste: Nao[0m
[0;31mE (141217) HEATER: Temperatura estabilizada: Nao[0m
[0;31mE (141217) HEATER: Temperatura no Range > 53.0 e < 68.0: Nao[0m

[0;32mI (141227) HEATER: AGUARDE: Temperatura de aquecimento atual: 25.500[0m
[MEM_MON] heap_free=85584 heap_min_free=75508 internal_free=85584
[MEM_MON]   task=MEM_MONITOR      stack_free_min=884
[MEM_MON]   task=IDLE1            stack_free_min=868
[MEM_MON]   task=IDLE0            stack_free_min=748
[MEM_MON]   task=button_task      stack_free_min=6716
[MEM_MON]   task=BLINK_TESTS      stack_free_min=6816
[MEM_MON]   task=BUZZER_ALARM     stack_free_min=4420
[MEM_MON]   task=BUZZER_ALERT     stack_free_min=4424
[MEM_MON]   task=READ_AMPOULES    stack_free_min=6648
[MEM_MON]   task=TASK_CHECK_TST_  stack_free_min=7500
[MEM_MON]   task=tiT              stack_free_min=1468
[MEM_MON]   task=LED_PANEL        stack_free_min=7216
[MEM_MON]   task=BLINK_HEATER     stack_free_min=6904
[MEM_MON]   task=READ_AMPOULES_T  stack_free_min=6856
[MEM_MON]   task=button_event     stack_free_min=7188
[MEM_MON]   task=PRINT_CHECK      stack_free_min=6852
[MEM_MON]   task=check_heat_temp  stack_free_min=2976
[MEM_MON]   task=check_temperatu  stack_free_min=3984
[MEM_MON]   task=Tmr Svc          stack_free_min=2348
[MEM_MON]   task=PRINT_TST        stack_free_min=7020
[MEM_MON]   task=daemon           stack_free_min=2128
[MEM_MON]   task=class            stack_free_min=2136
[MEM_MON]   task=HEATER_FAIL      stack_free_min=4368
[MEM_MON]   task=AMP_LEDS_TST     stack_free_min=7240
[MEM_MON]   task=AMP_LEDS_ERR     stack_free_min=7232
[MEM_MON]   task=ipc0             stack_free_min=532
[MEM_MON]   task=ipc1             stack_free_min=536
[MEM_MON]   task=httpd            stack_free_min=2944
[MEM_MON]   task=esp_timer        stack_free_min=3632
[MEM_MON]   task=wifi             stack_free_min=4212
[MEM_MON]   task=sys_evt          stack_free_min=1588
[MEM_MON]   task=main             stack_free_min=1192
[MEM_MON] heap_free=85404 heap_min_free=75508 internal_free=85404
[MEM_MON]   task=MEM_MONITOR      stack_free_min=884
[MEM_MON]   task=IDLE1            stack_free_min=868
[MEM_MON]   task=IDLE0            stack_free_min=748
[MEM_MON]   task=BUZZER_ALERT     stack_free_min=4424
[MEM_MON]   task=PRINT_TST        stack_free_min=7020
[MEM_MON]   task=TASK_CHECK_TST_  stack_free_min=7500
[MEM_MON]   task=BLINK_TESTS      stack_free_min=6816
[MEM_MON]   task=tiT              stack_free_min=1468
[MEM_MON]   task=READ_AMPOULES    stack_free_min=6648
[MEM_MON]   task=BLINK_HEATER     stack_free_min=6904
[MEM_MON]   task=READ_AMPOULES_T  stack_free_min=6856
[MEM_MON]   task=LED_PANEL        stack_free_min=7216
[MEM_MON]   task=button_event     stack_free_min=7188
[MEM_MON]   task=PRINT_CHECK      stack_free_min=6852
[MEM_MON]   task=button_task      stack_free_min=6716
[MEM_MON]   task=check_heat_temp  stack_free_min=2976
[MEM_MON]   task=check_temperatu  stack_free_min=3984
[MEM_MON]   task=Tmr Svc          stack_free_min=2348
[MEM_MON]   task=BUZZER_ALARM     stack_free_min=4420
[MEM_MON]   task=class            stack_free_min=2136
[MEM_MON]   task=HEATER_FAIL      stack_free_min=4368
[MEM_MON]   task=AMP_LEDS_TST     stack_free_min=7240
[MEM_MON]   task=AMP_LEDS_ERR     stack_free_min=7232
[MEM_MON]   task=ipc0             stack_free_min=532
[MEM_MON]   task=ipc1             stack_free_min=536
[MEM_MON]   task=httpd            stack_free_min=2944
[MEM_MON]   task=sys_evt          stack_free_min=1588
[MEM_MON]   task=esp_timer        stack_free_min=3632
[MEM_MON]   task=wifi             stack_free_min=4212
[MEM_MON]   task=main             stack_free_min=1192
[MEM_MON]   task=daemon           stack_free_min=2128
[MEM_MON] heap_free=85584 heap_min_free=75508 internal_free=85584
[MEM_MON]   task=MEM_MONITOR      stack_free_min=884
[MEM_MON]   task=IDLE1            stack_free_min=868
[MEM_MON]   task=IDLE0            stack_free_min=748
[MEM_MON]   task=button_task      stack_free_min=6716
[MEM_MON]   task=tiT              stack_free_min=1468
[MEM_MON]   task=READ_AMPOULES    stack_free_min=6648
[MEM_MON]   task=BLINK_TESTS      stack_free_min=6816
[MEM_MON]   task=PRINT_TST        stack_free_min=7020
[MEM_MON]   task=check_heat_temp  stack_free_min=2976
[MEM_MON]   task=READ_AMPOULES_T  stack_free_min=6856
[MEM_MON]   task=PRINT_CHECK      stack_free_min=6852
[MEM_MON]   task=button_event     stack_free_min=7188
[MEM_MON]   task=BLINK_HEATER     stack_free_min=6904
[MEM_MON]   task=check_temperatu  stack_free_min=3984
[MEM_MON]   task=BUZZER_ALARM     stack_free_min=4420
[MEM_MON]   task=BUZZER_ALERT     stack_free_min=4424
[MEM_MON]   task=TASK_CHECK_TST_  stack_free_min=7500
[MEM_MON]   task=Tmr Svc          stack_free_min=2348
[MEM_MON]   task=LED_PANEL        stack_free_min=7216
[MEM_MON]   task=HEATER_FAIL      stack_free_min=4368
[MEM_MON]   task=AMP_LEDS_TST     stack_free_min=7240
[MEM_MON]   task=AMP_LEDS_ERR     stack_free_min=7232
[MEM_MON]   task=ipc0             stack_free_min=532
[MEM_MON]   task=ipc1             stack_free_min=536
[MEM_MON]   task=httpd            stack_free_min=2944
[MEM_MON]   task=sys_evt          stack_free_min=1588
[MEM_MON]   task=main             stack_free_min=1192
[MEM_MON]   task=esp_timer        stack_free_min=3632
[MEM_MON]   task=wifi             stack_free_min=4212
[MEM_MON]   task=daemon           stack_free_min=2128
[MEM_MON]   task=class            stack_free_min=2136
[MEM_MON] heap_free=85584 heap_min_free=75508 internal_free=85584
[MEM_MON]   task=MEM_MONITOR      stack_free_min=884
[MEM_MON]   task=IDLE1            stack_free_min=868
[MEM_MON]   task=IDLE0            stack_free_min=748
[MEM_MON]   task=button_task      stack_free_min=6716
[MEM_MON]   task=LED_PANEL        stack_free_min=7216
[MEM_MON]   task=READ_AMPOULES    stack_free_min=6648
[MEM_MON]   task=READ_AMPOULES_T  stack_free_min=6856
[MEM_MON]   task=BLINK_TESTS      stack_free_min=6816
[MEM_MON]   task=PRINT_TST        stack_free_min=7020
[MEM_MON]   task=tiT              stack_free_min=1468
[MEM_MON]   task=PRINT_CHECK      stack_free_min=6852
[MEM_MON]   task=button_event     stack_free_min=7188
[MEM_MON]   task=check_temperatu  stack_free_min=3984
[MEM_MON]   task=BLINK_HEATER     stack_free_min=6904
[MEM_MON]   task=BUZZER_ALARM     stack_free_min=4420
[MEM_MON]   task=BUZZER_ALERT     stack_free_min=4424
[MEM_MON]   task=TASK_CHECK_TST_  stack_free_min=7500
[MEM_MON]   task=Tmr Svc          stack_free_min=2348
[MEM_MON]   task=check_heat_temp  stack_free_min=2976
[MEM_MON]   task=AMP_LEDS_TST     stack_free_min=7240
[MEM_MON]   task=AMP_LEDS_ERR     stack_free_min=7232
[MEM_MON]   task=ipc0             stack_free_min=532
[MEM_MON]   task=ipc1             stack_free_min=536
[MEM_MON]   task=httpd            stack_free_min=2944
[MEM_MON]   task=sys_evt          stack_free_min=1588
[MEM_MON]   task=main             stack_free_min=1192
[MEM_MON]   task=daemon           stack_free_min=2128
[MEM_MON]   task=esp_timer        stack_free_min=3632
[MEM_MON]   task=wifi             stack_free_min=4212
[MEM_MON]   task=class            stack_free_min=2136
[MEM_MON]   task=HEATER_FAIL      stack_free_min=4368
[MEM_MON] heap_free=85584 heap_min_free=75508 internal_free=85584
[MEM_MON]   task=MEM_MONITOR      stack_free_min=884
[MEM_MON]   task=IDLE0            stack_free_min=748
[MEM_MON]   task=IDLE1            stack_free_min=868
[MEM_MON]   task=button_task      stack_free_min=6716
[MEM_MON]   task=tiT              stack_free_min=1468
[MEM_MON]   task=READ_AMPOULES    stack_free_min=6648
[MEM_MON]   task=PRINT_CHECK      stack_free_min=6852
[MEM_MON]   task=BLINK_TESTS      stack_free_min=6816
[MEM_MON]   task=PRINT_TST        stack_free_min=7020
[MEM_MON]   task=button_event     stack_free_min=7188
[MEM_MON]   task=BUZZER_ALARM     stack_free_min=4420
[MEM_MON]   task=BUZZER_ALERT     stack_free_min=4424
[MEM_MON]   task=TASK_CHECK_TST_  stack_free_min=7500
[MEM_MON]   task=BLINK_HEATER     stack_free_min=6904
[MEM_MON]   task=READ_AMPOULES_T  stack_free_min=6856
[MEM_MON]   task=check_heat_temp  stack_free_min=2976
[MEM_MON]   task=check_temperatu  stack_free_min=3984
[MEM_MON]   task=Tmr Svc          stack_free_min=2348
[MEM_MON]   task=LED_PANEL        stack_free_min=7216
[MEM_MON]   task=AMP_LEDS_ERR     stack_free_min=7232
[MEM_MON]   task=ipc0             stack_free_min=532
[MEM_MON]   task=ipc1             stack_free_min=536
[MEM_MON]   task=httpd            stack_free_min=2944
[MEM_MON]   task=sys_evt          stack_free_min=1588
[MEM_MON]   task=main             stack_free_min=1192
[MEM_MON]   task=daemon           stack_free_min=2128
[MEM_MON]   task=class            stack_free_min=2136
[MEM_MON]   task=wifi             stack_free_min=4212
[MEM_MON]   task=esp_timer        stack_free_min=3632
[MEM_MON]   task=HEATER_FAIL      stack_free_min=4368
[MEM_MON]   task=AMP_LEDS_TST     stack_free_min=7240
[MEM_MON] heap_free=85584 heap_min_free=75508 internal_free=85584
[MEM_MON]   task=MEM_MONITOR      stack_free_min=884
[MEM_MON]   task=IDLE0            stack_free_min=748
[MEM_MON]   task=IDLE1            stack_free_min=868
[MEM_MON]   task=button_task      stack_free_min=6716
[MEM_MON]   task=LED_PANEL        stack_free_min=7216
[MEM_MON]   task=BLINK_TESTS      stack_free_min=6816
[MEM_MON]   task=READ_AMPOULES    stack_free_min=6648
[MEM_MON]   task=PRINT_TST        stack_free_min=7020
[MEM_MON]   task=button_event     stack_free_min=7188
[MEM_MON]   task=BUZZER_ALARM     stack_free_min=4420
[MEM_MON]   task=BUZZER_ALERT     stack_free_min=4424
[MEM_MON]   task=TASK_CHECK_TST_  stack_free_min=7500
[MEM_MON]   task=tiT              stack_free_min=1468
[MEM_MON]   task=check_heat_temp  stack_free_min=2976
[MEM_MON]   task=BLINK_HEATER     stack_free_min=6904
[MEM_MON]   task=READ_AMPOULES_T  stack_free_min=6856
[MEM_MON]   task=check_temperatu  stack_free_min=3984
[MEM_MON]   task=Tmr Svc          stack_free_min=2348
[MEM_MON]   task=PRINT_CHECK      stack_free_min=6852
[MEM_MON]   task=ipc0             stack_free_min=532
[MEM_MON]   task=ipc1             stack_free_min=536
[MEM_MON]   task=httpd            stack_free_min=2944
[MEM_MON]   task=sys_evt          stack_free_min=1588
[MEM_MON]   task=main             stack_free_min=1192
[MEM_MON]   task=daemon           stack_free_min=2128
[MEM_MON]   task=class            stack_free_min=2136
[MEM_MON]   task=HEATER_FAIL      stack_free_min=4368
[MEM_MON]   task=wifi             stack_free_min=4212
[MEM_MON]   task=esp_timer        stack_free_min=3632
[MEM_MON]   task=AMP_LEDS_TST     stack_free_min=7240
[MEM_MON]   task=AMP_LEDS_ERR     stack_free_min=7232

[0;31mE (148237) HEATER: Temperatura: 25.500[0m
[0;31mE (148237) HEATER: Funcoes Habilitadas: Não[0m
[0;31mE (148237) HEATER: Esta em teste: Nao[0m
[0;31mE (148237) HEATER: Temperatura estabilizada: Nao[0m
[0;31mE (148237) HEATER: Temperatura no Range > 53.0 e < 68.0: Nao[0m

[0;32mI (148247) HEATER: AGUARDE: Temperatura de aquecimento atual: 25.500[0m
[MEM_MON] heap_free=85404 heap_min_free=75508 internal_free=85404
[MEM_MON]   task=MEM_MONITOR      stack_free_min=884
[MEM_MON]   task=IDLE1            stack_free_min=868
[MEM_MON]   task=IDLE0            stack_free_min=748
[MEM_MON]   task=BLINK_TESTS      stack_free_min=6816
[MEM_MON]   task=READ_AMPOULES    stack_free_min=6648
[MEM_MON]   task=BUZZER_ALARM     stack_free_min=4420
[MEM_MON]   task=BUZZER_ALERT     stack_free_min=4424
[MEM_MON]   task=button_event     stack_free_min=7188
[MEM_MON]   task=PRINT_TST        stack_free_min=7020
[MEM_MON]   task=TASK_CHECK_TST_  stack_free_min=7500
[MEM_MON]   task=tiT              stack_free_min=1468
[MEM_MON]   task=BLINK_HEATER     stack_free_min=6904
[MEM_MON]   task=READ_AMPOULES_T  stack_free_min=6856
[MEM_MON]   task=PRINT_CHECK      stack_free_min=6852
[MEM_MON]   task=button_task      stack_free_min=6716
[MEM_MON]   task=check_temperatu  stack_free_min=3984
[MEM_MON]   task=check_heat_temp  stack_free_min=2976
[MEM_MON]   task=Tmr Svc          stack_free_min=2348
[MEM_MON]   task=LED_PANEL        stack_free_min=7216
[MEM_MON]   task=ipc1             stack_free_min=536
[MEM_MON]   task=httpd            stack_free_min=2944
[MEM_MON]   task=sys_evt          stack_free_min=1588
[MEM_MON]   task=main             stack_free_min=1192
[MEM_MON]   task=daemon           stack_free_min=2128
[MEM_MON]   task=class            stack_free_min=2136
[MEM_MON]   task=HEATER_FAIL      stack_free_min=4368
[MEM_MON]   task=AMP_LEDS_TST     stack_free_min=7240
[MEM_MON]   task=esp_timer        stack_free_min=3632
[MEM_MON]   task=wifi             stack_free_min=4212
[MEM_MON]   task=AMP_LEDS_ERR     stack_free_min=7232
[MEM_MON]   task=ipc0             stack_free_min=532
[MEM_MON] heap_free=85584 heap_min_free=75508 internal_free=85584
[MEM_MON]   task=MEM_MONITOR      stack_free_min=884
[MEM_MON]   task=IDLE1            stack_free_min=868
[MEM_MON]   task=IDLE0            stack_free_min=748
[MEM_MON]   task=button_task      stack_free_min=6716
[MEM_MON]   task=READ_AMPOULES    stack_free_min=6648
[MEM_MON]   task=BUZZER_ALARM     stack_free_min=4420
[MEM_MON]   task=BUZZER_ALERT     stack_free_min=4424
[MEM_MON]   task=LED_PANEL        stack_free_min=7216
[MEM_MON]   task=TASK_CHECK_TST_  stack_free_min=7500
[MEM_MON]   task=button_event     stack_free_min=7188
[MEM_MON]   task=tiT              stack_free_min=1468
[MEM_MON]   task=PRINT_TST        stack_free_min=7020
[MEM_MON]   task=BLINK_HEATER     stack_free_min=6904
[MEM_MON]   task=READ_AMPOULES_T  stack_free_min=6856
[MEM_MON]   task=PRINT_CHECK      stack_free_min=6852
[MEM_MON]   task=check_temperatu  stack_free_min=3984
[MEM_MON]   task=check_heat_temp  stack_free_min=2976
[MEM_MON]   task=Tmr Svc          stack_free_min=2348
[MEM_MON]   task=BLINK_TESTS      stack_free_min=6816
[MEM_MON]   task=httpd            stack_free_min=2944
[MEM_MON]   task=sys_evt          stack_free_min=1588
[MEM_MON]   task=main             stack_free_min=1192
[MEM_MON]   task=daemon           stack_free_min=2128
[MEM_MON]   task=class            stack_free_min=2136
[MEM_MON]   task=HEATER_FAIL      stack_free_min=4368
[MEM_MON]   task=AMP_LEDS_TST     stack_free_min=7240
[MEM_MON]   task=AMP_LEDS_ERR     stack_free_min=7232
[MEM_MON]   task=esp_timer        stack_free_min=3632
[MEM_MON]   task=wifi             stack_free_min=4212
[MEM_MON]   task=ipc0             stack_free_min=532
[MEM_MON]   task=ipc1             stack_free_min=536
[MEM_MON] heap_free=85584 heap_min_free=75508 internal_free=85584
[MEM_MON]   task=MEM_MONITOR      stack_free_min=884
[MEM_MON]   task=IDLE1            stack_free_min=868
[MEM_MON]   task=IDLE0            stack_free_min=748
[MEM_MON]   task=BUZZER_ALARM     stack_free_min=4420
[MEM_MON]   task=BUZZER_ALERT     stack_free_min=4424
[MEM_MON]   task=READ_AMPOULES    stack_free_min=6648
[MEM_MON]   task=TASK_CHECK_TST_  stack_free_min=7500
[MEM_MON]   task=BLINK_TESTS      stack_free_min=6816
[MEM_MON]   task=tiT              stack_free_min=1468
[MEM_MON]   task=button_event     stack_free_min=7188
[MEM_MON]   task=LED_PANEL        stack_free_min=7216
[MEM_MON]   task=check_heat_temp  stack_free_min=2976
[MEM_MON]   task=READ_AMPOULES_T  stack_free_min=6856
[MEM_MON]   task=PRINT_TST        stack_free_min=7020
[MEM_MON]   task=check_temperatu  stack_free_min=3984
[MEM_MON]   task=PRINT_CHECK      stack_free_min=6852
[MEM_MON]   task=BLINK_HEATER     stack_free_min=6904
[MEM_MON]   task=Tmr Svc          stack_free_min=2348
[MEM_MON]   task=button_task      stack_free_min=6716
[MEM_MON]   task=sys_evt          stack_free_min=1588
[MEM_MON]   task=main             stack_free_min=1192
[MEM_MON]   task=daemon           stack_free_min=2128
[MEM_MON]   task=class            stack_free_min=2136
[MEM_MON]   task=HEATER_FAIL      stack_free_min=4368
[MEM_MON]   task=AMP_LEDS_TST     stack_free_min=7240
[MEM_MON]   task=AMP_LEDS_ERR     stack_free_min=7232
[MEM_MON]   task=ipc0             stack_free_min=532
[MEM_MON]   task=esp_timer        stack_free_min=3632
[MEM_MON]   task=wifi             stack_free_min=4212
[MEM_MON]   task=ipc1             stack_free_min=536
[MEM_MON]   task=httpd            stack_free_min=2944

[0;31mE (151487) HEATER: Temperatura: 25.500[0m
[0;31mE (151487) HEATER: Funcoes Habilitadas: Não[0m
[0;31mE (151487) HEATER: Esta em teste: Nao[0m
[0;31mE (151487) HEATER: Temperatura estabilizada: Nao[0m
[0;31mE (151497) HEATER: Temperatura no Range > 53.0 e < 68.0: Nao[0m

[0;32mI (151497) HEATER: AGUARDE: Temperatura de aquecimento atual: 25.500[0m
[MEM_MON] heap_free=85584 heap_min_free=75508 internal_free=85584
[MEM_MON]   task=MEM_MONITOR      stack_free_min=884
[MEM_MON]   task=IDLE1            stack_free_min=868
[MEM_MON]   task=IDLE0            stack_free_min=748
[MEM_MON]   task=tiT              stack_free_min=1468
[MEM_MON]   task=PRINT_TST        stack_free_min=7020
[MEM_MON]   task=READ_AMPOULES    stack_free_min=6648
[MEM_MON]   task=button_event     stack_free_min=7188
[MEM_MON]   task=BLINK_TESTS      stack_free_min=6816
[MEM_MON]   task=READ_AMPOULES_T  stack_free_min=6856
[MEM_MON]   task=LED_PANEL        stack_free_min=7216
[MEM_MON]   task=PRINT_CHECK      stack_free_min=6852
[MEM_MON]   task=BLINK_HEATER     stack_free_min=6904
[MEM_MON]   task=BUZZER_ALARM     stack_free_min=4420
[MEM_MON]   task=BUZZER_ALERT     stack_free_min=4424
[MEM_MON]   task=TASK_CHECK_TST_  stack_free_min=7500
[MEM_MON]   task=check_heat_temp  stack_free_min=2976
[MEM_MON]   task=check_temperatu  stack_free_min=3984
[MEM_MON]   task=Tmr Svc          stack_free_min=2348
[MEM_MON]   task=button_task      stack_free_min=6716
[MEM_MON]   task=main             stack_free_min=1192
[MEM_MON]   task=daemon           stack_free_min=2128
[MEM_MON]   task=class            stack_free_min=2136
[MEM_MON]   task=HEATER_FAIL      stack_free_min=4368
[MEM_MON]   task=AMP_LEDS_TST     stack_free_min=7240
[MEM_MON]   task=AMP_LEDS_ERR     stack_free_min=7232
[MEM_MON]   task=ipc0             stack_free_min=532
[MEM_MON]   task=ipc1             stack_free_min=536
[MEM_MON]   task=esp_timer        stack_free_min=3632
[MEM_MON]   task=wifi             stack_free_min=4212
[MEM_MON]   task=httpd            stack_free_min=2944
[MEM_MON]   task=sys_evt          stack_free_min=1588
[MEM_MON] heap_free=85584 heap_min_free=75508 internal_free=85584
[MEM_MON]   task=MEM_MONITOR      stack_free_min=884
[MEM_MON]   task=IDLE1            stack_free_min=868
[MEM_MON]   task=IDLE0            stack_free_min=748
[MEM_MON]   task=button_task      stack_free_min=6716
[MEM_MON]   task=READ_AMPOULES_T  stack_free_min=6856
[MEM_MON]   task=button_event     stack_free_min=7188
[MEM_MON]   task=READ_AMPOULES    stack_free_min=6648
[MEM_MON]   task=BLINK_TESTS      stack_free_min=6816
[MEM_MON]   task=tiT              stack_free_min=1468
[MEM_MON]   task=PRINT_CHECK      stack_free_min=6852
[MEM_MON]   task=LED_PANEL        stack_free_min=7216
[MEM_MON]   task=BLINK_HEATER     stack_free_min=6904
[MEM_MON]   task=BUZZER_ALARM     stack_free_min=4420
[MEM_MON]   task=BUZZER_ALERT     stack_free_min=4424
[MEM_MON]   task=TASK_CHECK_TST_  stack_free_min=7500
[MEM_MON]   task=check_heat_temp  stack_free_min=2976
[MEM_MON]   task=check_temperatu  stack_free_min=3984
[MEM_MON]   task=Tmr Svc          stack_free_min=2348
[MEM_MON]   task=PRINT_TST        stack_free_min=7020
[MEM_MON]   task=daemon           stack_free_min=2128
[MEM_MON]   task=class            stack_free_min=2136
[MEM_MON]   task=HEATER_FAIL      stack_free_min=4368
[MEM_MON]   task=AMP_LEDS_TST     stack_free_min=7240
[MEM_MON]   task=AMP_LEDS_ERR     stack_free_min=7232
[MEM_MON]   task=ipc0             stack_free_min=532
[MEM_MON]   task=ipc1             stack_free_min=536
[MEM_MON]   task=httpd            stack_free_min=2944
[MEM_MON]   task=esp_timer        stack_free_min=3632
[MEM_MON]   task=wifi             stack_free_min=4212
[MEM_MON]   task=sys_evt          stack_free_min=1588
[MEM_MON]   task=main             stack_free_min=1192
[MEM_MON] heap_free=85584 heap_min_free=75508 internal_free=85584
[MEM_MON]   task=MEM_MONITOR      stack_free_min=884
[MEM_MON]   task=IDLE1            stack_free_min=868
[MEM_MON]   task=IDLE0            stack_free_min=748
[MEM_MON]   task=PRINT_TST        stack_free_min=7020
[MEM_MON]   task=button_event     stack_free_min=7188
[MEM_MON]   task=check_heat_temp  stack_free_min=2976
[MEM_MON]   task=tiT              stack_free_min=1468
[MEM_MON]   task=PRINT_CHECK      stack_free_min=6852
[MEM_MON]   task=BLINK_TESTS      stack_free_min=6816
[MEM_MON]   task=READ_AMPOULES    stack_free_min=6648
[MEM_MON]   task=BLINK_HEATER     stack_free_min=6904
[MEM_MON]   task=LED_PANEL        stack_free_min=7216
[MEM_MON]   task=BUZZER_ALARM     stack_free_min=4420
[MEM_MON]   task=BUZZER_ALERT     stack_free_min=4424
[MEM_MON]   task=TASK_CHECK_TST_  stack_free_min=7500
[MEM_MON]   task=button_task      stack_free_min=6716
[MEM_MON]   task=check_temperatu  stack_free_min=3984
[MEM_MON]   task=Tmr Svc          stack_free_min=2348
[MEM_MON]   task=READ_AMPOULES_T  stack_free_min=6856
[MEM_MON]   task=class            stack_free_min=2136
[MEM_MON]   task=HEATER_FAIL      stack_free_min=4368
[MEM_MON]   task=AMP_LEDS_TST     stack_free_min=7240
[MEM_MON]   task=AMP_LEDS_ERR     stack_free_min=7232
[MEM_MON]   task=ipc0             stack_free_min=532
[MEM_MON]   task=ipc1             stack_free_min=536
[MEM_MON]   task=httpd            stack_free_min=2944
[MEM_MON]   task=sys_evt          stack_free_min=1588
[MEM_MON]   task=esp_timer        stack_free_min=3632
[MEM_MON]   task=wifi             stack_free_min=4212
[MEM_MON]   task=main             stack_free_min=1192
[MEM_MON]   task=daemon           stack_free_min=2128
[MEM_MON] heap_free=85584 heap_min_free=75508 internal_free=85584
[MEM_MON]   task=MEM_MONITOR      stack_free_min=884
[MEM_MON]   task=IDLE1            stack_free_min=868
[MEM_MON]   task=IDLE0            stack_free_min=748
[MEM_MON]   task=LED_PANEL        stack_free_min=7216
[MEM_MON]   task=button_task      stack_free_min=6716
[MEM_MON]   task=check_heat_temp  stack_free_min=2976
[MEM_MON]   task=tiT              stack_free_min=1468
[MEM_MON]   task=READ_AMPOULES    stack_free_min=6648
[MEM_MON]   task=PRINT_CHECK      stack_free_min=6852
[MEM_MON]   task=button_event     stack_free_min=7188
[MEM_MON]   task=PRINT_TST        stack_free_min=7020
[MEM_MON]   task=BUZZER_ALARM     stack_free_min=4420
[MEM_MON]   task=BUZZER_ALERT     stack_free_min=4424
[MEM_MON]   task=TASK_CHECK_TST_  stack_free_min=7500
[MEM_MON]   task=BLINK_HEATER     stack_free_min=6904
[MEM_MON]   task=READ_AMPOULES_T  stack_free_min=6856
[MEM_MON]   task=check_temperatu  stack_free_min=3984
[MEM_MON]   task=Tmr Svc          stack_free_min=2348
[MEM_MON]   task=BLINK_TESTS      stack_free_min=6816
[MEM_MON]   task=HEATER_FAIL      stack_free_min=4368
[MEM_MON]   task=AMP_LEDS_TST     stack_free_min=7240
[MEM_MON]   task=AMP_LEDS_ERR     stack_free_min=7232
[MEM_MON]   task=ipc0             stack_free_min=532
[MEM_MON]   task=ipc1             stack_free_min=536
[MEM_MON]   task=httpd            stack_free_min=2944
[MEM_MON]   task=sys_evt          stack_free_min=1588
[MEM_MON]   task=main             stack_free_min=1192
[MEM_MON]   task=esp_timer        stack_free_min=3632
[MEM_MON]   task=wifi             stack_free_min=4212
[MEM_MON]   task=daemon           stack_free_min=2128
[MEM_MON]   task=class            stack_free_min=2136
[MEM_MON] heap_free=85584 heap_min_free=75508 internal_free=85584
[MEM_MON]   task=MEM_MONITOR      stack_free_min=884
[MEM_MON]   task=IDLE1            stack_free_min=868
[MEM_MON]   task=IDLE0            stack_free_min=748
[MEM_MON]   task=button_event     stack_free_min=7188
[MEM_MON]   task=BLINK_TESTS      stack_free_min=6816
[MEM_MON]   task=LED_PANEL        stack_free_min=7216
[MEM_MON]   task=READ_AMPOULES    stack_free_min=6648
[MEM_MON]   task=PRINT_TST        stack_free_min=7020
[MEM_MON]   task=BUZZER_ALARM     stack_free_min=4420
[MEM_MON]   task=BUZZER_ALERT     stack_free_min=4424
[MEM_MON]   task=TASK_CHECK_TST_  stack_free_min=7500
[MEM_MON]   task=tiT              stack_free_min=1468
[MEM_MON]   task=check_temperatu  stack_free_min=3984
[MEM_MON]   task=BLINK_HEATER     stack_free_min=6904
[MEM_MON]   task=READ_AMPOULES_T  stack_free_min=6856
[MEM_MON]   task=PRINT_CHECK      stack_free_min=6852
[MEM_MON]   task=check_heat_temp  stack_free_min=2976
[MEM_MON]   task=Tmr Svc          stack_free_min=2348
[MEM_MON]   task=button_task      stack_free_min=6716
[MEM_MON]   task=AMP_LEDS_TST     stack_free_min=7240
[MEM_MON]   task=AMP_LEDS_ERR     stack_free_min=7232
[MEM_MON]   task=ipc0             stack_free_min=532
[MEM_MON]   task=ipc1             stack_free_min=536
[MEM_MON]   task=httpd            stack_free_min=2944
[MEM_MON]   task=sys_evt          stack_free_min=1588
[MEM_MON]   task=main             stack_free_min=1192
[MEM_MON]   task=daemon           stack_free_min=2128
[MEM_MON]   task=esp_timer        stack_free_min=3632
[MEM_MON]   task=wifi             stack_free_min=4212
[MEM_MON]   task=class            stack_free_min=2136
[MEM_MON]   task=HEATER_FAIL      stack_free_min=4368
[MEM_MON] heap_free=85584 heap_min_free=75508 internal_free=85584
[MEM_MON]   task=MEM_MONITOR      stack_free_min=884
[MEM_MON]   task=IDLE1            stack_free_min=756
[MEM_MON]   task=IDLE0            stack_free_min=748
[MEM_MON]   task=BLINK_HEATER     stack_free_min=6904
[MEM_MON]   task=LED_PANEL        stack_free_min=7216
[MEM_MON]   task=button_task      stack_free_min=6716
[MEM_MON]   task=READ_AMPOULES    stack_free_min=6648
[MEM_MON]   task=BUZZER_ALARM     stack_free_min=4420
[MEM_MON]   task=BUZZER_ALERT     stack_free_min=4424
[MEM_MON]   task=PRINT_TST        stack_free_min=7020
[MEM_MON]   task=TASK_CHECK_TST_  stack_free_min=7500
[MEM_MON]   task=BLINK_TESTS      stack_free_min=6816
[MEM_MON]   task=tiT              stack_free_min=1468
[MEM_MON]   task=READ_AMPOULES_T  stack_free_min=6856
[MEM_MON]   task=check_heat_temp  stack_free_min=2976
[MEM_MON]   task=PRINT_CHECK      stack_free_min=6852
[MEM_MON]   task=check_temperatu  stack_free_min=3984
[MEM_MON]   task=Tmr Svc          stack_free_min=2348
[MEM_MON]   task=button_event     stack_free_min=7188
[MEM_MON]   task=AMP_LEDS_ERR     stack_free_min=7232
[MEM_MON]   task=ipc0             stack_free_min=532
[MEM_MON]   task=ipc1             stack_free_min=536
[MEM_MON]   task=httpd            stack_free_min=2944
[MEM_MON]   task=sys_evt          stack_free_min=1588
[MEM_MON]   task=main             stack_free_min=1192
[MEM_MON]   task=daemon           stack_free_min=2128
[MEM_MON]   task=class            stack_free_min=2136
[MEM_MON]   task=esp_timer        stack_free_min=3632
[MEM_MON]   task=wifi             stack_free_min=4212
[MEM_MON]   task=HEATER_FAIL      stack_free_min=4368
[MEM_MON]   task=AMP_LEDS_TST     stack_free_min=7240

[0;31mE (158507) HEATER: Temperatura: 25.500[0m
[0;31mE (158507) HEATER: Funcoes Habilitadas: Não[0m
[0;31mE (158507) HEATER: Esta em teste: Nao[0m
[0;31mE (158507) HEATER: Temperatura estabilizada: Nao[0m
[0;31mE (158507) HEATER: Temperatura no Range > 53.0 e < 68.0: Nao[0m

[0;32mI (158517) HEATER: AGUARDE: Temperatura de aquecimento atual: 25.500[0m
[MEM_MON] heap_free=85584 heap_min_free=75508 internal_free=85584
[MEM_MON]   task=MEM_MONITOR      stack_free_min=884
[MEM_MON]   task=IDLE1            stack_free_min=756
[MEM_MON]   task=IDLE0            stack_free_min=748
[MEM_MON]   task=BUZZER_ALARM     stack_free_min=4420
[MEM_MON]   task=BUZZER_ALERT     stack_free_min=4424
[MEM_MON]   task=button_event     stack_free_min=7188
[MEM_MON]   task=LED_PANEL        stack_free_min=7216
[MEM_MON]   task=BLINK_TESTS      stack_free_min=6816
[MEM_MON]   task=TASK_CHECK_TST_  stack_free_min=7500
[MEM_MON]   task=tiT              stack_free_min=1468
[MEM_MON]   task=READ_AMPOULES    stack_free_min=6648
[MEM_MON]   task=PRINT_TST        stack_free_min=7020
[MEM_MON]   task=READ_AMPOULES_T  stack_free_min=6856
[MEM_MON]   task=PRINT_CHECK      stack_free_min=6852
[MEM_MON]   task=BLINK_HEATER     stack_free_min=6904
[MEM_MON]   task=check_heat_temp  stack_free_min=2976
[MEM_MON]   task=check_temperatu  stack_free_min=3984
[MEM_MON]   task=Tmr Svc          stack_free_min=2348
[MEM_MON]   task=button_task      stack_free_min=6716
[MEM_MON]   task=ipc0             stack_free_min=532
[MEM_MON]   task=ipc1             stack_free_min=536
[MEM_MON]   task=httpd            stack_free_min=2944
[MEM_MON]   task=sys_evt          stack_free_min=1588
[MEM_MON]   task=main             stack_free_min=1192
[MEM_MON]   task=daemon           stack_free_min=2128
[MEM_MON]   task=class            stack_free_min=2136
[MEM_MON]   task=HEATER_FAIL      stack_free_min=4368
[MEM_MON]   task=esp_timer        stack_free_min=3632
[MEM_MON]   task=wifi             stack_free_min=4212
[MEM_MON]   task=AMP_LEDS_TST     stack_free_min=7240
[MEM_MON]   task=AMP_LEDS_ERR     stack_free_min=7232
[MEM_MON] heap_free=85404 heap_min_free=75508 internal_free=85404
[MEM_MON]   task=MEM_MONITOR      stack_free_min=884
[MEM_MON]   task=IDLE1            stack_free_min=756
[MEM_MON]   task=IDLE0            stack_free_min=748
[MEM_MON]   task=button_event     stack_free_min=7188
[MEM_MON]   task=tiT              stack_free_min=1468
[MEM_MON]   task=LED_PANEL        stack_free_min=7216
[MEM_MON]   task=BLINK_TESTS      stack_free_min=6816
[MEM_MON]   task=READ_AMPOULES    stack_free_min=6648
[MEM_MON]   task=READ_AMPOULES_T  stack_free_min=6856
[MEM_MON]   task=PRINT_TST        stack_free_min=7020
[MEM_MON]   task=PRINT_CHECK      stack_free_min=6852
[MEM_MON]   task=BLINK_HEATER     stack_free_min=6904
[MEM_MON]   task=BUZZER_ALARM     stack_free_min=4420
[MEM_MON]   task=BUZZER_ALERT     stack_free_min=4424
[MEM_MON]   task=button_task      stack_free_min=6716
[MEM_MON]   task=check_heat_temp  stack_free_min=2976
[MEM_MON]   task=check_temperatu  stack_free_min=3984
[MEM_MON]   task=Tmr Svc          stack_free_min=2348
[MEM_MON]   task=TASK_CHECK_TST_  stack_free_min=7500
[MEM_MON]   task=ipc1             stack_free_min=536
[MEM_MON]   task=httpd            stack_free_min=2944
[MEM_MON]   task=sys_evt          stack_free_min=1588
[MEM_MON]   task=main             stack_free_min=1192
[MEM_MON]   task=daemon           stack_free_min=2128
[MEM_MON]   task=class            stack_free_min=2136
[MEM_MON]   task=HEATER_FAIL      stack_free_min=4368
[MEM_MON]   task=AMP_LEDS_TST     stack_free_min=7240
[MEM_MON]   task=esp_timer        stack_free_min=3632
[MEM_MON]   task=wifi             stack_free_min=4212
[MEM_MON]   task=AMP_LEDS_ERR     stack_free_min=7232
[MEM_MON]   task=ipc0             stack_free_min=532
[MEM_MON] heap_free=85584 heap_min_free=75508 internal_free=85584
[MEM_MON]   task=MEM_MONITOR      stack_free_min=884
[MEM_MON]   task=IDLE1            stack_free_min=756
[MEM_MON]   task=IDLE0            stack_free_min=748
[MEM_MON]   task=READ_AMPOULES    stack_free_min=6648
[MEM_MON]   task=READ_AMPOULES_T  stack_free_min=6856
[MEM_MON]   task=LED_PANEL        stack_free_min=7216
[MEM_MON]   task=tiT              stack_free_min=1468
[MEM_MON]   task=check_heat_temp  stack_free_min=2976
[MEM_MON]   task=PRINT_CHECK      stack_free_min=6852
[MEM_MON]   task=BLINK_TESTS      stack_free_min=6816
[MEM_MON]   task=PRINT_TST        stack_free_min=7020
[MEM_MON]   task=BLINK_HEATER     stack_free_min=6904
[MEM_MON]   task=BUZZER_ALARM     stack_free_min=4420
[MEM_MON]   task=BUZZER_ALERT     stack_free_min=4424
[MEM_MON]   task=TASK_CHECK_TST_  stack_free_min=7500
[MEM_MON]   task=button_event     stack_free_min=7188
[MEM_MON]   task=check_temperatu  stack_free_min=3984
[MEM_MON]   task=Tmr Svc          stack_free_min=2348
[MEM_MON]   task=button_task      stack_free_min=6716
[MEM_MON]   task=httpd            stack_free_min=2944
[MEM_MON]   task=sys_evt          stack_free_min=1588
[MEM_MON]   task=main             stack_free_min=1192
[MEM_MON]   task=daemon           stack_free_min=2128
[MEM_MON]   task=class            stack_free_min=2136
[MEM_MON]   task=HEATER_FAIL      stack_free_min=4368
[MEM_MON]   task=AMP_LEDS_TST     stack_free_min=7240
[MEM_MON]   task=AMP_LEDS_ERR     stack_free_min=7232
[MEM_MON]   task=esp_timer        stack_free_min=3632
[MEM_MON]   task=wifi             stack_free_min=4212
[MEM_MON]   task=ipc0             stack_free_min=532
[MEM_MON]   task=ipc1             stack_free_min=536
[MEM_MON] heap_free=85584 heap_min_free=75508 internal_free=85584
[MEM_MON]   task=MEM_MONITOR      stack_free_min=884
[MEM_MON]   task=IDLE1            stack_free_min=756
[MEM_MON]   task=IDLE0            stack_free_min=748
[MEM_MON]   task=READ_AMPOULES_T  stack_free_min=6856
[MEM_MON]   task=READ_AMPOULES    stack_free_min=6648
[MEM_MON]   task=BLINK_TESTS      stack_free_min=6816
[MEM_MON]   task=tiT              stack_free_min=1468
[MEM_MON]   task=check_heat_temp  stack_free_min=2976
[MEM_MON]   task=PRINT_CHECK      stack_free_min=6852
[MEM_MON]   task=LED_PANEL        stack_free_min=7216
[MEM_MON]   task=PRINT_TST        stack_free_min=7020
[MEM_MON]   task=BUZZER_ALARM     stack_free_min=4420
[MEM_MON]   task=BUZZER_ALERT     stack_free_min=4424
[MEM_MON]   task=check_temperatu  stack_free_min=3984
[MEM_MON]   task=TASK_CHECK_TST_  stack_free_min=7500
[MEM_MON]   task=button_event     stack_free_min=7188
[MEM_MON]   task=BLINK_HEATER     stack_free_min=6904
[MEM_MON]   task=Tmr Svc          stack_free_min=2348
[MEM_MON]   task=button_task      stack_free_min=6716
[MEM_MON]   task=sys_evt          stack_free_min=1588
[MEM_MON]   task=main             stack_free_min=1192
[MEM_MON]   task=daemon           stack_free_min=2128
[MEM_MON]   task=class            stack_free_min=2136
[MEM_MON]   task=HEATER_FAIL      stack_free_min=4368
[MEM_MON]   task=AMP_LEDS_TST     stack_free_min=7240
[MEM_MON]   task=AMP_LEDS_ERR     stack_free_min=7232
[MEM_MON]   task=ipc0             stack_free_min=532
[MEM_MON]   task=esp_timer        stack_free_min=3632
[MEM_MON]   task=wifi             stack_free_min=4212
[MEM_MON]   task=ipc1             stack_free_min=536
[MEM_MON]   task=httpd            stack_free_min=2944
[MEM_MON] heap_free=85584 heap_min_free=75508 internal_free=85584
[MEM_MON]   task=MEM_MONITOR      stack_free_min=884
[MEM_MON]   task=IDLE0            stack_free_min=748
[MEM_MON]   task=IDLE1            stack_free_min=756
[MEM_MON]   task=tiT              stack_free_min=1468
[MEM_MON]   task=PRINT_TST        stack_free_min=7020
[MEM_MON]   task=PRINT_CHECK      stack_free_min=6852
[MEM_MON]   task=READ_AMPOULES    stack_free_min=6648
[MEM_MON]   task=BLINK_TESTS      stack_free_min=6816
[MEM_MON]   task=LED_PANEL        stack_free_min=7216
[MEM_MON]   task=BUZZER_ALARM     stack_free_min=4420
[MEM_MON]   task=BUZZER_ALERT     stack_free_min=4424
[MEM_MON]   task=TASK_CHECK_TST_  stack_free_min=7500
[MEM_MON]   task=BLINK_HEATER     stack_free_min=6904
[MEM_MON]   task=READ_AMPOULES_T  stack_free_min=6856
[MEM_MON]   task=button_event     stack_free_min=7188
[MEM_MON]   task=check_heat_temp  stack_free_min=2976
[MEM_MON]   task=check_temperatu  stack_free_min=3984
[MEM_MON]   task=Tmr Svc          stack_free_min=2348
[MEM_MON]   task=button_task      stack_free_min=6716
[MEM_MON]   task=main             stack_free_min=1192
[MEM_MON]   task=daemon           stack_free_min=2128
[MEM_MON]   task=class            stack_free_min=2136
[MEM_MON]   task=HEATER_FAIL      stack_free_min=4368
[MEM_MON]   task=AMP_LEDS_TST     stack_free_min=7240
[MEM_MON]   task=AMP_LEDS_ERR     stack_free_min=7232
[MEM_MON]   task=ipc0             stack_free_min=532
[MEM_MON]   task=ipc1             stack_free_min=536
[MEM_MON]   task=wifi             stack_free_min=4212
[MEM_MON]   task=esp_timer        stack_free_min=3632
[MEM_MON]   task=httpd            stack_free_min=2944
[MEM_MON]   task=sys_evt          stack_free_min=1588
[MEM_MON] heap_free=85584 heap_min_free=75508 internal_free=85584
[MEM_MON]   task=MEM_MONITOR      stack_free_min=884
[MEM_MON]   task=IDLE1            stack_free_min=756
[MEM_MON]   task=IDLE0            stack_free_min=748
[MEM_MON]   task=button_task      stack_free_min=6716
[MEM_MON]   task=BLINK_HEATER     stack_free_min=6904
[MEM_MON]   task=READ_AMPOULES    stack_free_min=6648
[MEM_MON]   task=BUZZER_ALARM     stack_free_min=4420
[MEM_MON]   task=BUZZER_ALERT     stack_free_min=4424
[MEM_MON]   task=LED_PANEL        stack_free_min=7216
[MEM_MON]   task=TASK_CHECK_TST_  stack_free_min=7500
[MEM_MON]   task=BLINK_TESTS      stack_free_min=6816
[MEM_MON]   task=tiT              stack_free_min=1468
[MEM_MON]   task=READ_AMPOULES_T  stack_free_min=6856
[MEM_MON]   task=button_event     stack_free_min=7188
[MEM_MON]   task=check_heat_temp  stack_free_min=2976
[MEM_MON]   task=PRINT_CHECK      stack_free_min=6852
[MEM_MON]   task=check_temperatu  stack_free_min=3984
[MEM_MON]   task=Tmr Svc          stack_free_min=2348
[MEM_MON]   task=PRINT_TST        stack_free_min=7020
[MEM_MON]   task=daemon           stack_free_min=2128
[MEM_MON]   task=class            stack_free_min=2136
[MEM_MON]   task=HEATER_FAIL      stack_free_min=4368
[MEM_MON]   task=AMP_LEDS_TST     stack_free_min=7240
[MEM_MON]   task=AMP_LEDS_ERR     stack_free_min=7232
[MEM_MON]   task=ipc0             stack_free_min=532
[MEM_MON]   task=ipc1             stack_free_min=536
[MEM_MON]   task=httpd            stack_free_min=2944
[MEM_MON]   task=esp_timer        stack_free_min=3632
[MEM_MON]   task=wifi             stack_free_min=4212
[MEM_MON]   task=sys_evt          stack_free_min=1588
[MEM_MON]   task=main             stack_free_min=1192

[0;31mE (165527) HEATER: Temperatura: 25.500[0m
[0;31mE (165527) HEATER: Funcoes Habilitadas: Não[0m
[0;31mE (165527) HEATER: Esta em teste: Nao[0m
[0;31mE (165527) HEATER: Temperatura estabilizada: Nao[0m
[0;31mE (165527) HEATER: Temperatura no Range > 53.0 e < 68.0: Nao[0m

[0;32mI (165537) HEATER: AGUARDE: Temperatura de aquecimento atual: 25.500[0m
[MEM_MON] heap_free=85404 heap_min_free=75508 internal_free=85404
[MEM_MON]   task=MEM_MONITOR      stack_free_min=884
[MEM_MON]   task=IDLE1            stack_free_min=756
[MEM_MON]   task=IDLE0            stack_free_min=748
[MEM_MON]   task=PRINT_TST        stack_free_min=7020
[MEM_MON]   task=BLINK_TESTS      stack_free_min=6816
[MEM_MON]   task=BUZZER_ALARM     stack_free_min=4420
[MEM_MON]   task=BUZZER_ALERT     stack_free_min=4424
[MEM_MON]   task=READ_AMPOULES    stack_free_min=6648
[MEM_MON]   task=TASK_CHECK_TST_  stack_free_min=7500
[MEM_MON]   task=tiT              stack_free_min=1468
[MEM_MON]   task=LED_PANEL        stack_free_min=7216
[MEM_MON]   task=READ_AMPOULES_T  stack_free_min=6856
[MEM_MON]   task=PRINT_CHECK      stack_free_min=6852
[MEM_MON]   task=button_event     stack_free_min=7188
[MEM_MON]   task=button_task      stack_free_min=6716
[MEM_MON]   task=check_temperatu  stack_free_min=3984
[MEM_MON]   task=check_heat_temp  stack_free_min=2976
[MEM_MON]   task=Tmr Svc          stack_free_min=2348
[MEM_MON]   task=BLINK_HEATER     stack_free_min=6904
[MEM_MON]   task=class            stack_free_min=2136
[MEM_MON]   task=HEATER_FAIL      stack_free_min=4368
[MEM_MON]   task=AMP_LEDS_TST     stack_free_min=7240
[MEM_MON]   task=AMP_LEDS_ERR     stack_free_min=7232
[MEM_MON]   task=ipc0             stack_free_min=532
[MEM_MON]   task=ipc1             stack_free_min=536
[MEM_MON]   task=httpd            stack_free_min=2944
[MEM_MON]   task=sys_evt          stack_free_min=1588
[MEM_MON]   task=esp_timer        stack_free_min=3632
[MEM_MON]   task=wifi             stack_free_min=4212
[MEM_MON]   task=main             stack_free_min=1192
[MEM_MON]   task=daemon           stack_free_min=2128
[MEM_MON] heap_free=85584 heap_min_free=75508 internal_free=85584
[MEM_MON]   task=MEM_MONITOR      stack_free_min=884
[MEM_MON]   task=IDLE1            stack_free_min=756
[MEM_MON]   task=IDLE0            stack_free_min=748
[MEM_MON]   task=button_task      stack_free_min=6716
[MEM_MON]   task=READ_AMPOULES    stack_free_min=6648
[MEM_MON]   task=BUZZER_ALARM     stack_free_min=4420
[MEM_MON]   task=BUZZER_ALERT     stack_free_min=4424
[MEM_MON]   task=PRINT_TST        stack_free_min=7020
[MEM_MON]   task=TASK_CHECK_TST_  stack_free_min=7500
[MEM_MON]   task=BLINK_TESTS      stack_free_min=6816
[MEM_MON]   task=tiT              stack_free_min=1468
[MEM_MON]   task=READ_AMPOULES_T  stack_free_min=6856
[MEM_MON]   task=PRINT_CHECK      stack_free_min=6852
[MEM_MON]   task=button_event     stack_free_min=7188
[MEM_MON]   task=BLINK_HEATER     stack_free_min=6904
[MEM_MON]   task=check_temperatu  stack_free_min=3984
[MEM_MON]   task=check_heat_temp  stack_free_min=2976
[MEM_MON]   task=Tmr Svc          stack_free_min=2348
[MEM_MON]   task=LED_PANEL        stack_free_min=7216
[MEM_MON]   task=HEATER_FAIL      stack_free_min=4368
[MEM_MON]   task=AMP_LEDS_TST     stack_free_min=7240
[MEM_MON]   task=AMP_LEDS_ERR     stack_free_min=7232
[MEM_MON]   task=ipc0             stack_free_min=532
[MEM_MON]   task=ipc1             stack_free_min=536
[MEM_MON]   task=httpd            stack_free_min=2944
[MEM_MON]   task=sys_evt          stack_free_min=1588
[MEM_MON]   task=main             stack_free_min=1192
[MEM_MON]   task=esp_timer        stack_free_min=3632
[MEM_MON]   task=wifi             stack_free_min=4212
[MEM_MON]   task=daemon           stack_free_min=2128
[MEM_MON]   task=class            stack_free_min=2136
[MEM_MON] heap_free=85584 heap_min_free=75508 internal_free=85584
[MEM_MON]   task=MEM_MONITOR      stack_free_min=884
[MEM_MON]   task=IDLE1            stack_free_min=756
[MEM_MON]   task=IDLE0            stack_free_min=748
[MEM_MON]   task=TASK_CHECK_TST_  stack_free_min=7500
[MEM_MON]   task=LED_PANEL        stack_free_min=7216
[MEM_MON]   task=tiT              stack_free_min=1468
[MEM_MON]   task=READ_AMPOULES    stack_free_min=6648
[MEM_MON]   task=PRINT_TST        stack_free_min=7020
[MEM_MON]   task=BLINK_TESTS      stack_free_min=6816
[MEM_MON]   task=READ_AMPOULES_T  stack_free_min=6856
[MEM_MON]   task=PRINT_CHECK      stack_free_min=6852
[MEM_MON]   task=check_heat_temp  stack_free_min=2976
[MEM_MON]   task=check_temperatu  stack_free_min=3984
[MEM_MON]   task=button_event     stack_free_min=7188
[MEM_MON]   task=BLINK_HEATER     stack_free_min=6904
[MEM_MON]   task=BUZZER_ALARM     stack_free_min=4420
[MEM_MON]   task=BUZZER_ALERT     stack_free_min=4424
[MEM_MON]   task=Tmr Svc          stack_free_min=2348
[MEM_MON]   task=button_task      stack_free_min=6716
[MEM_MON]   task=AMP_LEDS_TST     stack_free_min=7240
[MEM_MON]   task=AMP_LEDS_ERR     stack_free_min=7232
[MEM_MON]   task=ipc0             stack_free_min=532
[MEM_MON]   task=ipc1             stack_free_min=536
[MEM_MON]   task=httpd            stack_free_min=2944
[MEM_MON]   task=sys_evt          stack_free_min=1588
[MEM_MON]   task=main             stack_free_min=1192
[MEM_MON]   task=daemon           stack_free_min=2128
[MEM_MON]   task=esp_timer        stack_free_min=3632
[MEM_MON]   task=wifi             stack_free_min=4212
[MEM_MON]   task=class            stack_free_min=2136
[MEM_MON]   task=HEATER_FAIL      stack_free_min=4368

[0;31mE (168767) HEATER: Temperatura: 25.500[0m
[0;31mE (168767) HEATER: Funcoes Habilitadas: Não[0m
[0;31mE (168767) HEATER: Esta em teste: Nao[0m
[0;31mE (168767) HEATER: Temperatura estabilizada: Nao[0m
[0;31mE (168767) HEATER: Temperatura no Range > 53.0 e < 68.0: Nao[0m

[0;32mI (168777) HEATER: AGUARDE: Temperatura de aquecimento atual: 25.500[0m
[MEM_MON] heap_free=85584 heap_min_free=75508 internal_free=85584
[MEM_MON]   task=MEM_MONITOR      stack_free_min=884
[MEM_MON]   task=IDLE1            stack_free_min=756
[MEM_MON]   task=IDLE0            stack_free_min=748
[MEM_MON]   task=button_task      stack_free_min=6716
[MEM_MON]   task=READ_AMPOULES    stack_free_min=6648
[MEM_MON]   task=READ_AMPOULES_T  stack_free_min=6856
[MEM_MON]   task=BLINK_TESTS      stack_free_min=6816
[MEM_MON]   task=PRINT_TST        stack_free_min=7020
[MEM_MON]   task=tiT              stack_free_min=1468
[MEM_MON]   task=PRINT_CHECK      stack_free_min=6852
[MEM_MON]   task=BLINK_HEATER     stack_free_min=6904
[MEM_MON]   task=button_event     stack_free_min=7188
[MEM_MON]   task=BUZZER_ALARM     stack_free_min=4420
[MEM_MON]   task=BUZZER_ALERT     stack_free_min=4424
[MEM_MON]   task=TASK_CHECK_TST_  stack_free_min=7500
[MEM_MON]   task=check_heat_temp  stack_free_min=2976
[MEM_MON]   task=check_temperatu  stack_free_min=3984
[MEM_MON]   task=Tmr Svc          stack_free_min=2348
[MEM_MON]   task=LED_PANEL        stack_free_min=7216
[MEM_MON]   task=AMP_LEDS_ERR     stack_free_min=7232
[MEM_MON]   task=ipc0             stack_free_min=532
[MEM_MON]   task=ipc1             stack_free_min=536
[MEM_MON]   task=httpd            stack_free_min=2944
[MEM_MON]   task=sys_evt          stack_free_min=1588
[MEM_MON]   task=main             stack_free_min=1192
[MEM_MON]   task=daemon           stack_free_min=2128
[MEM_MON]   task=class            stack_free_min=2136
[MEM_MON]   task=esp_timer        stack_free_min=3632
[MEM_MON]   task=wifi             stack_free_min=4212
[MEM_MON]   task=HEATER_FAIL      stack_free_min=4368
[MEM_MON]   task=AMP_LEDS_TST     stack_free_min=7240
[MEM_MON] heap_free=85584 heap_min_free=75508 internal_free=85584
[MEM_MON]   task=MEM_MONITOR      stack_free_min=884
[MEM_MON]   task=IDLE1            stack_free_min=756
[MEM_MON]   task=IDLE0            stack_free_min=748
[MEM_MON]   task=READ_AMPOULES_T  stack_free_min=6856
[MEM_MON]   task=LED_PANEL        stack_free_min=7216
[MEM_MON]   task=tiT              stack_free_min=1468
[MEM_MON]   task=READ_AMPOULES    stack_free_min=6648
[MEM_MON]   task=PRINT_CHECK      stack_free_min=6852
[MEM_MON]   task=BLINK_TESTS      stack_free_min=6816
[MEM_MON]   task=PRINT_TST        stack_free_min=7020
[MEM_MON]   task=BLINK_HEATER     stack_free_min=6904
[MEM_MON]   task=BUZZER_ALARM     stack_free_min=4420
[MEM_MON]   task=BUZZER_ALERT     stack_free_min=4424
[MEM_MON]   task=button_event     stack_free_min=7188
[MEM_MON]   task=TASK_CHECK_TST_  stack_free_min=7500
[MEM_MON]   task=check_heat_temp  stack_free_min=2976
[MEM_MON]   task=check_temperatu  stack_free_min=3984
[MEM_MON]   task=Tmr Svc          stack_free_min=2348
[MEM_MON]   task=button_task      stack_free_min=6716
[MEM_MON]   task=ipc0             stack_free_min=532
[MEM_MON]   task=ipc1             stack_free_min=536
[MEM_MON]   task=httpd            stack_free_min=2944
[MEM_MON]   task=sys_evt          stack_free_min=1588
[MEM_MON]   task=main             stack_free_min=1192
[MEM_MON]   task=daemon           stack_free_min=2128
[MEM_MON]   task=class            stack_free_min=2136
[MEM_MON]   task=HEATER_FAIL      stack_free_min=4368
[MEM_MON]   task=esp_timer        stack_free_min=3632
[MEM_MON]   task=wifi             stack_free_min=4212
[MEM_MON]   task=AMP_LEDS_TST     stack_free_min=7240
[MEM_MON]   task=AMP_LEDS_ERR     stack_free_min=7232
[MEM_MON] heap_free=85404 heap_min_free=75508 internal_free=85404
[MEM_MON]   task=MEM_MONITOR      stack_free_min=884
[MEM_MON]   task=IDLE1            stack_free_min=756
[MEM_MON]   task=IDLE0            stack_free_min=748
[MEM_MON]   task=tiT              stack_free_min=1468
[MEM_MON]   task=PRINT_CHECK      stack_free_min=6852
[MEM_MON]   task=LED_PANEL        stack_free_min=7216
[MEM_MON]   task=READ_AMPOULES    stack_free_min=6648
[MEM_MON]   task=check_heat_temp  stack_free_min=2976
[MEM_MON]   task=PRINT_TST        stack_free_min=7020
[MEM_MON]   task=BUZZER_ALARM     stack_free_min=4420
[MEM_MON]   task=BUZZER_ALERT     stack_free_min=4424
[MEM_MON]   task=TASK_CHECK_TST_  stack_free_min=7500
[MEM_MON]   task=button_event     stack_free_min=7188
[MEM_MON]   task=BLINK_HEATER     stack_free_min=6904
[MEM_MON]   task=READ_AMPOULES_T  stack_free_min=6856
[MEM_MON]   task=button_task      stack_free_min=6716
[MEM_MON]   task=check_temperatu  stack_free_min=3984
[MEM_MON]   task=Tmr Svc          stack_free_min=2348
[MEM_MON]   task=BLINK_TESTS      stack_free_min=6816
[MEM_MON]   task=ipc1             stack_free_min=536
[MEM_MON]   task=httpd            stack_free_min=2944
[MEM_MON]   task=sys_evt          stack_free_min=1588
[MEM_MON]   task=main             stack_free_min=1192
[MEM_MON]   task=daemon           stack_free_min=2128
[MEM_MON]   task=class            stack_free_min=2136
[MEM_MON]   task=HEATER_FAIL      stack_free_min=4368
[MEM_MON]   task=AMP_LEDS_TST     stack_free_min=7240
[MEM_MON]   task=esp_timer        stack_free_min=3632
[MEM_MON]   task=wifi             stack_free_min=4212
[MEM_MON]   task=AMP_LEDS_ERR     stack_free_min=7232
[MEM_MON]   task=ipc0             stack_free_min=532
[MEM_MON] heap_free=85584 heap_min_free=75508 internal_free=85584
[MEM_MON]   task=MEM_MONITOR      stack_free_min=884
[MEM_MON]   task=IDLE0            stack_free_min=748
[MEM_MON]   task=IDLE1            stack_free_min=756
[MEM_MON]   task=button_task      stack_free_min=6716
[MEM_MON]   task=READ_AMPOULES    stack_free_min=6648
[MEM_MON]   task=check_heat_temp  stack_free_min=2976
[MEM_MON]   task=LED_PANEL        stack_free_min=7216
[MEM_MON]   task=BUZZER_ALARM     stack_free_min=4420
[MEM_MON]   task=BUZZER_ALERT     stack_free_min=4424
[MEM_MON]   task=PRINT_TST        stack_free_min=7020
[MEM_MON]   task=TASK_CHECK_TST_  stack_free_min=7500
[MEM_MON]   task=tiT              stack_free_min=1468
[MEM_MON]   task=button_event     stack_free_min=7188
[MEM_MON]   task=BLINK_HEATER     stack_free_min=6904
[MEM_MON]   task=READ_AMPOULES_T  stack_free_min=6856
[MEM_MON]   task=PRINT_CHECK      stack_free_min=6852
[MEM_MON]   task=check_temperatu  stack_free_min=3984
[MEM_MON]   task=Tmr Svc          stack_free_min=2348
[MEM_MON]   task=BLINK_TESTS      stack_free_min=6816
[MEM_MON]   task=httpd            stack_free_min=2944
[MEM_MON]   task=sys_evt          stack_free_min=1588
[MEM_MON]   task=main             stack_free_min=1192
[MEM_MON]   task=daemon           stack_free_min=2128
[MEM_MON]   task=class            stack_free_min=2136
[MEM_MON]   task=HEATER_FAIL      stack_free_min=4368
[MEM_MON]   task=AMP_LEDS_TST     stack_free_min=7240
[MEM_MON]   task=AMP_LEDS_ERR     stack_free_min=7232
[MEM_MON]   task=esp_timer        stack_free_min=3632
[MEM_MON]   task=wifi             stack_free_min=4212
[MEM_MON]   task=ipc0             stack_free_min=532
[MEM_MON]   task=ipc1             stack_free_min=536
[MEM_MON] heap_free=85584 heap_min_free=75508 internal_free=85584
[MEM_MON]   task=MEM_MONITOR      stack_free_min=884
[MEM_MON]   task=IDLE1            stack_free_min=756
[MEM_MON]   task=IDLE0            stack_free_min=748
[MEM_MON]   task=check_temperatu  stack_free_min=3984
[MEM_MON]   task=BLINK_HEATER     stack_free_min=6904
[MEM_MON]   task=BLINK_TESTS      stack_free_min=6816
[MEM_MON]   task=READ_AMPOULES    stack_free_min=6648
[MEM_MON]   task=BUZZER_ALARM     stack_free_min=4420
[MEM_MON]   task=BUZZER_ALERT     stack_free_min=4424
[MEM_MON]   task=LED_PANEL        stack_free_min=7216
[MEM_MON]   task=TASK_CHECK_TST_  stack_free_min=7500
[MEM_MON]   task=tiT              stack_free_min=1468
[MEM_MON]   task=PRINT_TST        stack_free_min=7020
[MEM_MON]   task=button_event     stack_free_min=7188
[MEM_MON]   task=READ_AMPOULES_T  stack_free_min=6856
[MEM_MON]   task=PRINT_CHECK      stack_free_min=6852
[MEM_MON]   task=check_heat_temp  stack_free_min=2976
[MEM_MON]   task=Tmr Svc          stack_free_min=2348
[MEM_MON]   task=button_task      stack_free_min=6716
[MEM_MON]   task=sys_evt          stack_free_min=1588
[MEM_MON]   task=main             stack_free_min=1192
[MEM_MON]   task=daemon           stack_free_min=2128
[MEM_MON]   task=class            stack_free_min=2136
[MEM_MON]   task=HEATER_FAIL      stack_free_min=4368
[MEM_MON]   task=AMP_LEDS_TST     stack_free_min=7240
[MEM_MON]   task=AMP_LEDS_ERR     stack_free_min=7232
[MEM_MON]   task=ipc0             stack_free_min=532
[MEM_MON]   task=esp_timer        stack_free_min=3632
[MEM_MON]   task=wifi             stack_free_min=4212
[MEM_MON]   task=ipc1             stack_free_min=536
[MEM_MON]   task=httpd            stack_free_min=2944
[MEM_MON] heap_free=85584 heap_min_free=75508 internal_free=85584
[MEM_MON]   task=MEM_MONITOR      stack_free_min=884
[MEM_MON]   task=IDLE1            stack_free_min=756
[MEM_MON]   task=IDLE0            stack_free_min=748
[MEM_MON]   task=PRINT_TST        stack_free_min=7020
[MEM_MON]   task=BUZZER_ALARM     stack_free_min=4420
[MEM_MON]   task=BUZZER_ALERT     stack_free_min=4424
[MEM_MON]   task=BLINK_TESTS      stack_free_min=6816
[MEM_MON]   task=READ_AMPOULES    stack_free_min=6648
[MEM_MON]   task=TASK_CHECK_TST_  stack_free_min=7500
[MEM_MON]   task=tiT              stack_free_min=1468
[MEM_MON]   task=LED_PANEL        stack_free_min=7216
[MEM_MON]   task=READ_AMPOULES_T  stack_free_min=6856
[MEM_MON]   task=button_event     stack_free_min=7188
[MEM_MON]   task=PRINT_CHECK      stack_free_min=6852
[MEM_MON]   task=check_heat_temp  stack_free_min=2976
[MEM_MON]   task=BLINK_HEATER     stack_free_min=6904
[MEM_MON]   task=check_temperatu  stack_free_min=3984
[MEM_MON]   task=Tmr Svc          stack_free_min=2348
[MEM_MON]   task=button_task      stack_free_min=6716
[MEM_MON]   task=main             stack_free_min=1192
[MEM_MON]   task=daemon           stack_free_min=2128
[MEM_MON]   task=class            stack_free_min=2136
[MEM_MON]   task=HEATER_FAIL      stack_free_min=4368
[MEM_MON]   task=AMP_LEDS_TST     stack_free_min=7240
[MEM_MON]   task=AMP_LEDS_ERR     stack_free_min=7232
[MEM_MON]   task=ipc0             stack_free_min=532
[MEM_MON]   task=ipc1             stack_free_min=536
[MEM_MON]   task=esp_timer        stack_free_min=3632
[MEM_MON]   task=wifi             stack_free_min=4212
[MEM_MON]   task=httpd            stack_free_min=2944
[MEM_MON]   task=sys_evt          stack_free_min=1588

[0;31mE (175787) HEATER: Temperatura: 25.500[0m
[0;31mE (175787) HEATER: Funcoes Habilitadas: Não[0m
[0;31mE (175787) HEATER: Esta em teste: Nao[0m
[0;31mE (175787) HEATER: Temperatura estabilizada: Nao[0m
[0;31mE (175787) HEATER: Temperatura no Range > 53.0 e < 68.0: Nao[0m

[0;32mI (175797) HEATER: AGUARDE: Temperatura de aquecimento atual: 25.500[0m
[MEM_MON] heap_free=85584 heap_min_free=75508 internal_free=85584
[MEM_MON]   task=MEM_MONITOR      stack_free_min=884
[MEM_MON]   task=IDLE1            stack_free_min=756
[MEM_MON]   task=IDLE0            stack_free_min=748
[MEM_MON]   task=button_task      stack_free_min=6716
[MEM_MON]   task=TASK_CHECK_TST_  stack_free_min=7500
[MEM_MON]   task=BLINK_TESTS      stack_free_min=6816
[MEM_MON]   task=tiT              stack_free_min=1468
[MEM_MON]   task=READ_AMPOULES    stack_free_min=6648
[MEM_MON]   task=READ_AMPOULES_T  stack_free_min=6856
[MEM_MON]   task=LED_PANEL        stack_free_min=7216
[MEM_MON]   task=button_event     stack_free_min=7188
[MEM_MON]   task=PRINT_CHECK      stack_free_min=6852
[MEM_MON]   task=BLINK_HEATER     stack_free_min=6904
[MEM_MON]   task=BUZZER_ALARM     stack_free_min=4420
[MEM_MON]   task=BUZZER_ALERT     stack_free_min=4424
[MEM_MON]   task=check_heat_temp  stack_free_min=2976
[MEM_MON]   task=check_temperatu  stack_free_min=3984
[MEM_MON]   task=Tmr Svc          stack_free_min=2348
[MEM_MON]   task=PRINT_TST        stack_free_min=7020
[MEM_MON]   task=daemon           stack_free_min=2128
[MEM_MON]   task=class            stack_free_min=2136
[MEM_MON]   task=HEATER_FAIL      stack_free_min=4368
[MEM_MON]   task=AMP_LEDS_TST     stack_free_min=7240
[MEM_MON]   task=AMP_LEDS_ERR     stack_free_min=7232
[MEM_MON]   task=ipc0             stack_free_min=532
[MEM_MON]   task=ipc1             stack_free_min=536
[MEM_MON]   task=httpd            stack_free_min=2944
[MEM_MON]   task=esp_timer        stack_free_min=3632
[MEM_MON]   task=wifi             stack_free_min=4212
[MEM_MON]   task=sys_evt          stack_free_min=1588
[MEM_MON]   task=main             stack_free_min=1192
[MEM_MON] heap_free=85404 heap_min_free=75508 internal_free=85404
[MEM_MON]   task=MEM_MONITOR      stack_free_min=884
[MEM_MON]   task=IDLE1            stack_free_min=756
[MEM_MON]   task=IDLE0            stack_free_min=748
[MEM_MON]   task=BLINK_TESTS      stack_free_min=6816
[MEM_MON]   task=READ_AMPOULES_T  stack_free_min=6856
[MEM_MON]   task=READ_AMPOULES    stack_free_min=6648
[MEM_MON]   task=tiT              stack_free_min=1468
[MEM_MON]   task=PRINT_CHECK      stack_free_min=6852
[MEM_MON]   task=button_event     stack_free_min=7188
[MEM_MON]   task=LED_PANEL        stack_free_min=7216
[MEM_MON]   task=BLINK_HEATER     stack_free_min=6904
[MEM_MON]   task=BUZZER_ALARM     stack_free_min=4420
[MEM_MON]   task=BUZZER_ALERT     stack_free_min=4424
[MEM_MON]   task=TASK_CHECK_TST_  stack_free_min=7500
[MEM_MON]   task=button_task      stack_free_min=6716
[MEM_MON]   task=check_heat_temp  stack_free_min=2976
[MEM_MON]   task=check_temperatu  stack_free_min=3984
[MEM_MON]   task=Tmr Svc          stack_free_min=2348
[MEM_MON]   task=PRINT_TST        stack_free_min=7020
[MEM_MON]   task=class            stack_free_min=2136
[MEM_MON]   task=HEATER_FAIL      stack_free_min=4368
[MEM_MON]   task=AMP_LEDS_TST     stack_free_min=7240
[MEM_MON]   task=AMP_LEDS_ERR     stack_free_min=7232
[MEM_MON]   task=ipc0             stack_free_min=532
[MEM_MON]   task=ipc1             stack_free_min=536
[MEM_MON]   task=httpd            stack_free_min=2944
[MEM_MON]   task=sys_evt          stack_free_min=1588
[MEM_MON]   task=esp_timer        stack_free_min=3632
[MEM_MON]   task=wifi             stack_free_min=4212
[MEM_MON]   task=main             stack_free_min=1192
[MEM_MON]   task=daemon           stack_free_min=2128
[MEM_MON] heap_free=85584 heap_min_free=75508 internal_free=85584
[MEM_MON]   task=MEM_MONITOR      stack_free_min=884
[MEM_MON]   task=IDLE1            stack_free_min=756
[MEM_MON]   task=IDLE0            stack_free_min=748
[MEM_MON]   task=LED_PANEL        stack_free_min=7216
[MEM_MON]   task=button_task      stack_free_min=6716
[MEM_MON]   task=READ_AMPOULES    stack_free_min=6648
[MEM_MON]   task=READ_AMPOULES_T  stack_free_min=6856
[MEM_MON]   task=PRINT_TST        stack_free_min=7020
[MEM_MON]   task=BLINK_TESTS      stack_free_min=6816
[MEM_MON]   task=tiT              stack_free_min=1468
[MEM_MON]   task=PRINT_CHECK      stack_free_min=6852
[MEM_MON]   task=button_event     stack_free_min=7188
[MEM_MON]   task=check_heat_temp  stack_free_min=2976
[MEM_MON]   task=BUZZER_ALARM     stack_free_min=4420
[MEM_MON]   task=BUZZER_ALERT     stack_free_min=4424
[MEM_MON]   task=TASK_CHECK_TST_  stack_free_min=7500
[MEM_MON]   task=check_temperatu  stack_free_min=3984
[MEM_MON]   task=Tmr Svc          stack_free_min=2348
[MEM_MON]   task=BLINK_HEATER     stack_free_min=6904
[MEM_MON]   task=HEATER_FAIL      stack_free_min=4368
[MEM_MON]   task=AMP_LEDS_TST     stack_free_min=7240
[MEM_MON]   task=AMP_LEDS_ERR     stack_free_min=7232
[MEM_MON]   task=ipc0             stack_free_min=532
[MEM_MON]   task=ipc1             stack_free_min=536
[MEM_MON]   task=httpd            stack_free_min=2944
[MEM_MON]   task=sys_evt          stack_free_min=1588
[MEM_MON]   task=main             stack_free_min=1192
[MEM_MON]   task=esp_timer        stack_free_min=3632
[MEM_MON]   task=wifi             stack_free_min=4212
[MEM_MON]   task=daemon           stack_free_min=2128
[MEM_MON]   task=class            stack_free_min=2136
[MEM_MON] heap_free=85584 heap_min_free=75508 internal_free=85584
[MEM_MON]   task=MEM_MONITOR      stack_free_min=884
[MEM_MON]   task=IDLE1            stack_free_min=756
[MEM_MON]   task=IDLE0            stack_free_min=748
[MEM_MON]   task=LED_PANEL        stack_free_min=7216
[MEM_MON]   task=tiT              stack_free_min=1468
[MEM_MON]   task=check_temperatu  stack_free_min=3984
[MEM_MON]   task=READ_AMPOULES    stack_free_min=6648
[MEM_MON]   task=PRINT_CHECK      stack_free_min=6852
[MEM_MON]   task=BLINK_TESTS      stack_free_min=6816
[MEM_MON]   task=PRINT_TST        stack_free_min=7020
[MEM_MON]   task=button_event     stack_free_min=7188
[MEM_MON]   task=check_heat_temp  stack_free_min=2976
[MEM_MON]   task=BUZZER_ALARM     stack_free_min=4420
[MEM_MON]   task=BUZZER_ALERT     stack_free_min=4424
[MEM_MON]   task=TASK_CHECK_TST_  stack_free_min=7500
[MEM_MON]   task=BLINK_HEATER     stack_free_min=6904
[MEM_MON]   task=READ_AMPOULES_T  stack_free_min=6856
[MEM_MON]   task=Tmr Svc          stack_free_min=2348
[MEM_MON]   task=button_task      stack_free_min=6716
[MEM_MON]   task=AMP_LEDS_TST     stack_free_min=7240
[MEM_MON]   task=AMP_LEDS_ERR     stack_free_min=7232
[MEM_MON]   task=ipc0             stack_free_min=532
[MEM_MON]   task=ipc1             stack_free_min=536
[MEM_MON]   task=httpd            stack_free_min=2944
[MEM_MON]   task=sys_evt          stack_free_min=1588
[MEM_MON]   task=main             stack_free_min=1192
[MEM_MON]   task=daemon           stack_free_min=2128
[MEM_MON]   task=esp_timer        stack_free_min=3632
[MEM_MON]   task=wifi             stack_free_min=4212
[MEM_MON]   task=class            stack_free_min=2136
[MEM_MON]   task=HEATER_FAIL      stack_free_min=4368
[MEM_MON] heap_free=85584 heap_min_free=75508 internal_free=85584
[MEM_MON]   task=MEM_MONITOR      stack_free_min=884
[MEM_MON]   task=IDLE0            stack_free_min=748
[MEM_MON]   task=IDLE1            stack_free_min=756
[MEM_MON]   task=button_task      stack_free_min=6716
[MEM_MON]   task=BLINK_TESTS      stack_free_min=6816
[MEM_MON]   task=READ_AMPOULES    stack_free_min=6648
[MEM_MON]   task=BLINK_HEATER     stack_free_min=6904
[MEM_MON]   task=PRINT_TST        stack_free_min=7020
[MEM_MON]   task=button_event     stack_free_min=7188
[MEM_MON]   task=BUZZER_ALARM     stack_free_min=4420
[MEM_MON]   task=BUZZER_ALERT     stack_free_min=4424
[MEM_MON]   task=TASK_CHECK_TST_  stack_free_min=7500
[MEM_MON]   task=tiT              stack_free_min=1468
[MEM_MON]   task=READ_AMPOULES_T  stack_free_min=6856
[MEM_MON]   task=PRINT_CHECK      stack_free_min=6852
[MEM_MON]   task=check_heat_temp  stack_free_min=2976
[MEM_MON]   task=check_temperatu  stack_free_min=3984
[MEM_MON]   task=Tmr Svc          stack_free_min=2348
[MEM_MON]   task=LED_PANEL        stack_free_min=7216
[MEM_MON]   task=AMP_LEDS_ERR     stack_free_min=7232
[MEM_MON]   task=ipc0             stack_free_min=532
[MEM_MON]   task=ipc1             stack_free_min=536
[MEM_MON]   task=httpd            stack_free_min=2944
[MEM_MON]   task=sys_evt          stack_free_min=1588
[MEM_MON]   task=main             stack_free_min=1192
[MEM_MON]   task=daemon           stack_free_min=2128
[MEM_MON]   task=class            stack_free_min=2136
[MEM_MON]   task=esp_timer        stack_free_min=3632
[MEM_MON]   task=wifi             stack_free_min=4212
[MEM_MON]   task=HEATER_FAIL      stack_free_min=4368
[MEM_MON]   task=AMP_LEDS_TST     stack_free_min=7240
[MEM_MON] heap_free=85584 heap_min_free=75508 internal_free=85584
[MEM_MON]   task=MEM_MONITOR      stack_free_min=884
[MEM_MON]   task=IDLE1            stack_free_min=756
[MEM_MON]   task=IDLE0            stack_free_min=748
[MEM_MON]   task=BLINK_HEATER     stack_free_min=6904
[MEM_MON]   task=LED_PANEL        stack_free_min=7216
[MEM_MON]   task=BLINK_TESTS      stack_free_min=6816
[MEM_MON]   task=READ_AMPOULES    stack_free_min=6648
[MEM_MON]   task=BUZZER_ALARM     stack_free_min=4420
[MEM_MON]   task=BUZZER_ALERT     stack_free_min=4424
[MEM_MON]   task=button_event     stack_free_min=7188
[MEM_MON]   task=PRINT_TST        stack_free_min=7020
[MEM_MON]   task=TASK_CHECK_TST_  stack_free_min=7500
[MEM_MON]   task=tiT              stack_free_min=1468
[MEM_MON]   task=READ_AMPOULES_T  stack_free_min=6856
[MEM_MON]   task=PRINT_CHECK      stack_free_min=6852
[MEM_MON]   task=check_heat_temp  stack_free_min=2976
[MEM_MON]   task=check_temperatu  stack_free_min=3984
[MEM_MON]   task=Tmr Svc          stack_free_min=2348
[MEM_MON]   task=button_task      stack_free_min=6716
[MEM_MON]   task=ipc0             stack_free_min=532
[MEM_MON]   task=ipc1             stack_free_min=536
[MEM_MON]   task=httpd            stack_free_min=2944
[MEM_MON]   task=sys_evt          stack_free_min=1588
[MEM_MON]   task=main             stack_free_min=1192
[MEM_MON]   task=daemon           stack_free_min=2128
[MEM_MON]   task=class            stack_free_min=2136
[MEM_MON]   task=HEATER_FAIL      stack_free_min=4368
[MEM_MON]   task=esp_timer        stack_free_min=3632
[MEM_MON]   task=wifi             stack_free_min=4212
[MEM_MON]   task=AMP_LEDS_TST     stack_free_min=7240
[MEM_MON]   task=AMP_LEDS_ERR     stack_free_min=7232

[0;31mE (182807) HEATER: Temperatura: 25.500[0m
[0;31mE (182807) HEATER: Funcoes Habilitadas: Não[0m
[0;31mE (182807) HEATER: Esta em teste: Nao[0m
[0;31mE (182807) HEATER: Temperatura estabilizada: Nao[0m
[0;31mE (182807) HEATER: Temperatura no Range > 53.0 e < 68.0: Nao[0m

[0;32mI (182817) HEATER: AGUARDE: Temperatura de aquecimento atual: 25.500[0m
[MEM_MON] heap_free=85404 heap_min_free=75508 internal_free=85404
[MEM_MON]   task=MEM_MONITOR      stack_free_min=884
[MEM_MON]   task=IDLE1            stack_free_min=756
[MEM_MON]   task=IDLE0            stack_free_min=748
[MEM_MON]   task=BUZZER_ALERT     stack_free_min=4424
[MEM_MON]   task=LED_PANEL        stack_free_min=7216
[MEM_MON]   task=TASK_CHECK_TST_  stack_free_min=7500
[MEM_MON]   task=button_event     stack_free_min=7188
[MEM_MON]   task=BLINK_TESTS      stack_free_min=6816
[MEM_MON]   task=tiT              stack_free_min=1468
[MEM_MON]   task=READ_AMPOULES    stack_free_min=6648
[MEM_MON]   task=PRINT_TST        stack_free_min=7020
[MEM_MON]   task=READ_AMPOULES_T  stack_free_min=6856
[MEM_MON]   task=PRINT_CHECK      stack_free_min=6852
[MEM_MON]   task=BLINK_HEATER     stack_free_min=6904
[MEM_MON]   task=button_task      stack_free_min=6716
[MEM_MON]   task=check_temperatu  stack_free_min=3984
[MEM_MON]   task=check_heat_temp  stack_free_min=2976
[MEM_MON]   task=Tmr Svc          stack_free_min=2348
[MEM_MON]   task=BUZZER_ALARM     stack_free_min=4420
[MEM_MON]   task=ipc1             stack_free_min=536
[MEM_MON]   task=httpd            stack_free_min=2944
[MEM_MON]   task=sys_evt          stack_free_min=1588
[MEM_MON]   task=main             stack_free_min=1192
[MEM_MON]   task=daemon           stack_free_min=2128
[MEM_MON]   task=class            stack_free_min=2136
[MEM_MON]   task=HEATER_FAIL      stack_free_min=4368
[MEM_MON]   task=AMP_LEDS_TST     stack_free_min=7240
[MEM_MON]   task=esp_timer        stack_free_min=3632
[MEM_MON]   task=wifi             stack_free_min=4212
[MEM_MON]   task=AMP_LEDS_ERR     stack_free_min=7232
[MEM_MON]   task=ipc0             stack_free_min=532
[MEM_MON] heap_free=85584 heap_min_free=75508 internal_free=85584
[MEM_MON]   task=MEM_MONITOR      stack_free_min=884
[MEM_MON]   task=IDLE1            stack_free_min=756
[MEM_MON]   task=IDLE0            stack_free_min=748
[MEM_MON]   task=READ_AMPOULES    stack_free_min=6648
[MEM_MON]   task=TASK_CHECK_TST_  stack_free_min=7500
[MEM_MON]   task=tiT              stack_free_min=1468
[MEM_MON]   task=button_event     stack_free_min=7188
[MEM_MON]   task=LED_PANEL        stack_free_min=7216
[MEM_MON]   task=BLINK_TESTS      stack_free_min=6816
[MEM_MON]   task=READ_AMPOULES_T  stack_free_min=6856
[MEM_MON]   task=PRINT_TST        stack_free_min=7020
[MEM_MON]   task=PRINT_CHECK      stack_free_min=6852
[MEM_MON]   task=BLINK_HEATER     stack_free_min=6904
[MEM_MON]   task=BUZZER_ALARM     stack_free_min=4420
[MEM_MON]   task=BUZZER_ALERT     stack_free_min=4424
[MEM_MON]   task=check_temperatu  stack_free_min=3984
[MEM_MON]   task=check_heat_temp  stack_free_min=2976
[MEM_MON]   task=Tmr Svc          stack_free_min=2348
[MEM_MON]   task=button_task      stack_free_min=6716
[MEM_MON]   task=httpd            stack_free_min=2944
[MEM_MON]   task=sys_evt          stack_free_min=1588
[MEM_MON]   task=main             stack_free_min=1192
[MEM_MON]   task=daemon           stack_free_min=2128
[MEM_MON]   task=class            stack_free_min=2136
[MEM_MON]   task=HEATER_FAIL      stack_free_min=4368
[MEM_MON]   task=AMP_LEDS_TST     stack_free_min=7240
[MEM_MON]   task=AMP_LEDS_ERR     stack_free_min=7232
[MEM_MON]   task=esp_timer        stack_free_min=3632
[MEM_MON]   task=wifi             stack_free_min=4212
[MEM_MON]   task=ipc0             stack_free_min=532
[MEM_MON]   task=ipc1             stack_free_min=536
[MEM_MON] heap_free=85584 heap_min_free=75508 internal_free=85584
[MEM_MON]   task=MEM_MONITOR      stack_free_min=884
[MEM_MON]   task=IDLE1            stack_free_min=756
[MEM_MON]   task=IDLE0            stack_free_min=748
[MEM_MON]   task=READ_AMPOULES    stack_free_min=6648
[MEM_MON]   task=check_temperatu  stack_free_min=3984
[MEM_MON]   task=button_event     stack_free_min=7188
[MEM_MON]   task=BLINK_HEATER     stack_free_min=6904
[MEM_MON]   task=READ_AMPOULES_T  stack_free_min=6856
[MEM_MON]   task=LED_PANEL        stack_free_min=7216
[MEM_MON]   task=BLINK_TESTS      stack_free_min=6816
[MEM_MON]   task=tiT              stack_free_min=1468
[MEM_MON]   task=PRINT_CHECK      stack_free_min=6852
[MEM_MON]   task=PRINT_TST        stack_free_min=7020
[MEM_MON]   task=check_heat_temp  stack_free_min=2976
[MEM_MON]   task=BUZZER_ALARM     stack_free_min=4420
[MEM_MON]   task=BUZZER_ALERT     stack_free_min=4424
[MEM_MON]   task=TASK_CHECK_TST_  stack_free_min=7500
[MEM_MON]   task=Tmr Svc          stack_free_min=2348
[MEM_MON]   task=button_task      stack_free_min=6716
[MEM_MON]   task=sys_evt          stack_free_min=1588
[MEM_MON]   task=main             stack_free_min=1192
[MEM_MON]   task=daemon           stack_free_min=2128
[MEM_MON]   task=class            stack_free_min=2136
[MEM_MON]   task=HEATER_FAIL      stack_free_min=4368
[MEM_MON]   task=AMP_LEDS_TST     stack_free_min=7240
[MEM_MON]   task=AMP_LEDS_ERR     stack_free_min=7232
[MEM_MON]   task=ipc0             stack_free_min=532
[MEM_MON]   task=esp_timer        stack_free_min=3632
[MEM_MON]   task=wifi             stack_free_min=4212
[MEM_MON]   task=ipc1             stack_free_min=536
[MEM_MON]   task=httpd            stack_free_min=2944

[0;31mE (186057) HEATER: Temperatura: 25.500[0m
[0;31mE (186057) HEATER: Funcoes Habilitadas: Não[0m
[0;31mE (186057) HEATER: Esta em teste: Nao[0m
[0;31mE (186057) HEATER: Temperatura estabilizada: Nao[0m
[0;31mE (186057) HEATER: Temperatura no Range > 53.0 e < 68.0: Nao[0m

[0;32mI (186067) HEATER: AGUARDE: Temperatura de aquecimento atual: 25.500[0m
[MEM_MON] heap_free=85584 heap_min_free=75508 internal_free=85584
[MEM_MON]   task=MEM_MONITOR      stack_free_min=884
[MEM_MON]   task=IDLE1            stack_free_min=756
[MEM_MON]   task=IDLE0            stack_free_min=748
[MEM_MON]   task=button_task      stack_free_min=6716
[MEM_MON]   task=BLINK_HEATER     stack_free_min=6904
[MEM_MON]   task=PRINT_TST        stack_free_min=7020
[MEM_MON]   task=READ_AMPOULES_T  stack_free_min=6856
[MEM_MON]   task=button_event     stack_free_min=7188
[MEM_MON]   task=READ_AMPOULES    stack_free_min=6648
[MEM_MON]   task=tiT              stack_free_min=1468
[MEM_MON]   task=PRINT_CHECK      stack_free_min=6852
[MEM_MON]   task=LED_PANEL        stack_free_min=7216
[MEM_MON]   task=BUZZER_ALARM     stack_free_min=4420
[MEM_MON]   task=BUZZER_ALERT     stack_free_min=4424
[MEM_MON]   task=TASK_CHECK_TST_  stack_free_min=7500
[MEM_MON]   task=check_heat_temp  stack_free_min=2976
[MEM_MON]   task=check_temperatu  stack_free_min=3984
[MEM_MON]   task=Tmr Svc          stack_free_min=2348
[MEM_MON]   task=BLINK_TESTS      stack_free_min=6816
[MEM_MON]   task=main             stack_free_min=1192
[MEM_MON]   task=daemon           stack_free_min=2128
[MEM_MON]   task=class            stack_free_min=2136
[MEM_MON]   task=HEATER_FAIL      stack_free_min=4368
[MEM_MON]   task=AMP_LEDS_TST     stack_free_min=7240
[MEM_MON]   task=AMP_LEDS_ERR     stack_free_min=7232
[MEM_MON]   task=ipc0             stack_free_min=532
[MEM_MON]   task=ipc1             stack_free_min=536
[MEM_MON]   task=esp_timer        stack_free_min=3632
[MEM_MON]   task=wifi             stack_free_min=4212
[MEM_MON]   task=httpd            stack_free_min=2944
[MEM_MON]   task=sys_evt          stack_free_min=1588
[MEM_MON] heap_free=85584 heap_min_free=75508 internal_free=85584
[MEM_MON]   task=MEM_MONITOR      stack_free_min=884
[MEM_MON]   task=IDLE1            stack_free_min=756
[MEM_MON]   task=IDLE0            stack_free_min=748
[MEM_MON]   task=button_task      stack_free_min=6716
[MEM_MON]   task=button_event     stack_free_min=7188
[MEM_MON]   task=tiT              stack_free_min=1468
[MEM_MON]   task=PRINT_CHECK      stack_free_min=6852
[MEM_MON]   task=READ_AMPOULES    stack_free_min=6648
[MEM_MON]   task=BLINK_TESTS      stack_free_min=6816
[MEM_MON]   task=LED_PANEL        stack_free_min=7216
[MEM_MON]   task=BUZZER_ALARM     stack_free_min=4420
[MEM_MON]   task=BUZZER_ALERT     stack_free_min=4424
[MEM_MON]   task=TASK_CHECK_TST_  stack_free_min=7500
[MEM_MON]   task=BLINK_HEATER     stack_free_min=6904
[MEM_MON]   task=READ_AMPOULES_T  stack_free_min=6856
[MEM_MON]   task=check_heat_temp  stack_free_min=2976
[MEM_MON]   task=check_temperatu  stack_free_min=3984
[MEM_MON]   task=Tmr Svc          stack_free_min=2348
[MEM_MON]   task=PRINT_TST        stack_free_min=7020
[MEM_MON]   task=daemon           stack_free_min=2128
[MEM_MON]   task=class            stack_free_min=2136
[MEM_MON]   task=HEATER_FAIL      stack_free_min=4368
[MEM_MON]   task=AMP_LEDS_TST     stack_free_min=7240
[MEM_MON]   task=AMP_LEDS_ERR     stack_free_min=7232
[MEM_MON]   task=ipc0             stack_free_min=532
[MEM_MON]   task=ipc1             stack_free_min=536
[MEM_MON]   task=httpd            stack_free_min=2944
[MEM_MON]   task=esp_timer        stack_free_min=3632
[MEM_MON]   task=wifi             stack_free_min=4212
[MEM_MON]   task=sys_evt          stack_free_min=1588
[MEM_MON]   task=main             stack_free_min=1192
[MEM_MON] heap_free=85404 heap_min_free=75508 internal_free=85404
[MEM_MON]   task=MEM_MONITOR      stack_free_min=884
[MEM_MON]   task=IDLE1            stack_free_min=756
[MEM_MON]   task=IDLE0            stack_free_min=748
[MEM_MON]   task=BLINK_TESTS      stack_free_min=6816
[MEM_MON]   task=PRINT_TST        stack_free_min=7020
[MEM_MON]   task=READ_AMPOULES    stack_free_min=6648
[MEM_MON]   task=BUZZER_ALARM     stack_free_min=4420
[MEM_MON]   task=BUZZER_ALERT     stack_free_min=4424
[MEM_MON]   task=LED_PANEL        stack_free_min=7216
[MEM_MON]   task=TASK_CHECK_TST_  stack_free_min=7500
[MEM_MON]   task=check_heat_temp  stack_free_min=2976
[MEM_MON]   task=tiT              stack_free_min=1468
[MEM_MON]   task=BLINK_HEATER     stack_free_min=6904
[MEM_MON]   task=READ_AMPOULES_T  stack_free_min=6856
[MEM_MON]   task=PRINT_CHECK      stack_free_min=6852
[MEM_MON]   task=button_task      stack_free_min=6716
[MEM_MON]   task=check_temperatu  stack_free_min=3984
[MEM_MON]   task=Tmr Svc          stack_free_min=2348
[MEM_MON]   task=button_event     stack_free_min=7188
[MEM_MON]   task=class            stack_free_min=2136
[MEM_MON]   task=HEATER_FAIL      stack_free_min=4368
[MEM_MON]   task=AMP_LEDS_TST     stack_free_min=7240
[MEM_MON]   task=AMP_LEDS_ERR     stack_free_min=7232
[MEM_MON]   task=ipc0             stack_free_min=532
[MEM_MON]   task=ipc1             stack_free_min=536
[MEM_MON]   task=httpd            stack_free_min=2944
[MEM_MON]   task=sys_evt          stack_free_min=1588
[MEM_MON]   task=wifi             stack_free_min=4212
[MEM_MON]   task=esp_timer        stack_free_min=3632
[MEM_MON]   task=main             stack_free_min=1192
[MEM_MON]   task=daemon           stack_free_min=2128
[MEM_MON] heap_free=85584 heap_min_free=75508 internal_free=85584
[MEM_MON]   task=MEM_MONITOR      stack_free_min=884
[MEM_MON]   task=IDLE0            stack_free_min=748
[MEM_MON]   task=IDLE1            stack_free_min=756
[MEM_MON]   task=button_task      stack_free_min=6716
[MEM_MON]   task=READ_AMPOULES    stack_free_min=6648
[MEM_MON]   task=button_event     stack_free_min=7188
[MEM_MON]   task=BLINK_TESTS      stack_free_min=6816
[MEM_MON]   task=BLINK_HEATER     stack_free_min=6904
[MEM_MON]   task=PRINT_TST        stack_free_min=7020
[MEM_MON]   task=BUZZER_ALARM     stack_free_min=4420
[MEM_MON]   task=BUZZER_ALERT     stack_free_min=4424
[MEM_MON]   task=TASK_CHECK_TST_  stack_free_min=7500
[MEM_MON]   task=check_heat_temp  stack_free_min=2976
[MEM_MON]   task=tiT              stack_free_min=1468
[MEM_MON]   task=READ_AMPOULES_T  stack_free_min=6856
[MEM_MON]   task=PRINT_CHECK      stack_free_min=6852
[MEM_MON]   task=check_temperatu  stack_free_min=3984
[MEM_MON]   task=Tmr Svc          stack_free_min=2348
[MEM_MON]   task=LED_PANEL        stack_free_min=7216
[MEM_MON]   task=HEATER_FAIL      stack_free_min=4368
[MEM_MON]   task=AMP_LEDS_TST     stack_free_min=7240
[MEM_MON]   task=AMP_LEDS_ERR     stack_free_min=7232
[MEM_MON]   task=ipc0             stack_free_min=532
[MEM_MON]   task=ipc1             stack_free_min=536
[MEM_MON]   task=httpd            stack_free_min=2944
[MEM_MON]   task=sys_evt          stack_free_min=1588
[MEM_MON]   task=main             stack_free_min=1192
[MEM_MON]   task=esp_timer        stack_free_min=3632
[MEM_MON]   task=wifi             stack_free_min=4212
[MEM_MON]   task=daemon           stack_free_min=2128
[MEM_MON]   task=class            stack_free_min=2136
[MEM_MON] heap_free=85584 heap_min_free=75508 internal_free=85584
[MEM_MON]   task=MEM_MONITOR      stack_free_min=884
[MEM_MON]   task=IDLE1            stack_free_min=756
[MEM_MON]   task=IDLE0            stack_free_min=748
[MEM_MON]   task=button_event     stack_free_min=7188
[MEM_MON]   task=BLINK_TESTS      stack_free_min=6816
[MEM_MON]   task=LED_PANEL        stack_free_min=7216
[MEM_MON]   task=READ_AMPOULES    stack_free_min=6648
[MEM_MON]   task=BUZZER_ALARM     stack_free_min=4420
[MEM_MON]   task=BUZZER_ALERT     stack_free_min=4424
[MEM_MON]   task=PRINT_TST        stack_free_min=7020
[MEM_MON]   task=check_temperatu  stack_free_min=3984
[MEM_MON]   task=TASK_CHECK_TST_  stack_free_min=7500
[MEM_MON]   task=tiT              stack_free_min=1468
[MEM_MON]   task=READ_AMPOULES_T  stack_free_min=6856
[MEM_MON]   task=PRINT_CHECK      stack_free_min=6852
[MEM_MON]   task=BLINK_HEATER     stack_free_min=6904
[MEM_MON]   task=check_heat_temp  stack_free_min=2976
[MEM_MON]   task=Tmr Svc          stack_free_min=2348
[MEM_MON]   task=button_task      stack_free_min=6716
[MEM_MON]   task=AMP_LEDS_TST     stack_free_min=7240
[MEM_MON]   task=AMP_LEDS_ERR     stack_free_min=7232
[MEM_MON]   task=ipc0             stack_free_min=532
[MEM_MON]   task=ipc1             stack_free_min=536
[MEM_MON]   task=httpd            stack_free_min=2944
[MEM_MON]   task=sys_evt          stack_free_min=1588
[MEM_MON]   task=main             stack_free_min=1192
[MEM_MON]   task=daemon           stack_free_min=2128
[MEM_MON]   task=esp_timer        stack_free_min=3632
[MEM_MON]   task=wifi             stack_free_min=4212
[MEM_MON]   task=class            stack_free_min=2136
[MEM_MON]   task=HEATER_FAIL      stack_free_min=4368
[MEM_MON] heap_free=85584 heap_min_free=75508 internal_free=85584
[MEM_MON]   task=MEM_MONITOR      stack_free_min=884
[MEM_MON]   task=IDLE1            stack_free_min=756
[MEM_MON]   task=IDLE0            stack_free_min=748
[MEM_MON]   task=BUZZER_ALERT     stack_free_min=4424
[MEM_MON]   task=button_event     stack_free_min=7188
[MEM_MON]   task=LED_PANEL        stack_free_min=7216
[MEM_MON]   task=button_task      stack_free_min=6716
[MEM_MON]   task=TASK_CHECK_TST_  stack_free_min=7500
[MEM_MON]   task=BLINK_TESTS      stack_free_min=6816
[MEM_MON]   task=tiT              stack_free_min=1468
[MEM_MON]   task=READ_AMPOULES    stack_free_min=6648
[MEM_MON]   task=PRINT_TST        stack_free_min=7020
[MEM_MON]   task=BLINK_HEATER     stack_free_min=6904
[MEM_MON]   task=READ_AMPOULES_T  stack_free_min=6856
[MEM_MON]   task=PRINT_CHECK      stack_free_min=6852
[MEM_MON]   task=check_heat_temp  stack_free_min=2976
[MEM_MON]   task=check_temperatu  stack_free_min=3984
[MEM_MON]   task=Tmr Svc          stack_free_min=2348
[MEM_MON]   task=BUZZER_ALARM     stack_free_min=4420
[MEM_MON]   task=AMP_LEDS_ERR     stack_free_min=7232
[MEM_MON]   task=ipc0             stack_free_min=532
[MEM_MON]   task=ipc1             stack_free_min=536
[MEM_MON]   task=httpd            stack_free_min=2944
[MEM_MON]   task=sys_evt          stack_free_min=1588
[MEM_MON]   task=main             stack_free_min=1192
[MEM_MON]   task=daemon           stack_free_min=2128
[MEM_MON]   task=class            stack_free_min=2136
[MEM_MON]   task=esp_timer        stack_free_min=3632
[MEM_MON]   task=wifi             stack_free_min=4212
[MEM_MON]   task=HEATER_FAIL      stack_free_min=4368
[MEM_MON]   task=AMP_LEDS_TST     stack_free_min=7240

[0;31mE (193077) HEATER: Temperatura: 25.500[0m
[0;31mE (193077) HEATER: Funcoes Habilitadas: Não[0m
[0;31mE (193077) HEATER: Esta em teste: Nao[0m
[0;31mE (193077) HEATER: Temperatura estabilizada: Nao[0m
[0;31mE (193077) HEATER: Temperatura no Range > 53.0 e < 68.0: Nao[0m

[0;32mI (193087) HEATER: AGUARDE: Temperatura de aquecimento atual: 25.500[0m
[MEM_MON] heap_free=85584 heap_min_free=75508 internal_free=85584
[MEM_MON]   task=MEM_MONITOR      stack_free_min=884
[MEM_MON]   task=IDLE1            stack_free_min=756
[MEM_MON]   task=IDLE0            stack_free_min=748
[MEM_MON]   task=button_task      stack_free_min=6716
[MEM_MON]   task=LED_PANEL        stack_free_min=7216
[MEM_MON]   task=BLINK_TESTS      stack_free_min=6816
[MEM_MON]   task=BLINK_HEATER     stack_free_min=6904
[MEM_MON]   task=READ_AMPOULES    stack_free_min=6648
[MEM_MON]   task=READ_AMPOULES_T  stack_free_min=6856
[MEM_MON]   task=PRINT_TST        stack_free_min=7020
[MEM_MON]   task=PRINT_CHECK      stack_free_min=6852
[MEM_MON]   task=BUZZER_ALARM     stack_free_min=4420
[MEM_MON]   task=BUZZER_ALERT     stack_free_min=4424
[MEM_MON]   task=TASK_CHECK_TST_  stack_free_min=7500
[MEM_MON]   task=button_event     stack_free_min=7188
[MEM_MON]   task=check_heat_temp  stack_free_min=2976
[MEM_MON]   task=check_temperatu  stack_free_min=3984
[MEM_MON]   task=Tmr Svc          stack_free_min=2348
[MEM_MON]   task=tiT              stack_free_min=1468
[MEM_MON]   task=ipc0             stack_free_min=532
[MEM_MON]   task=ipc1             stack_free_min=536
[MEM_MON]   task=httpd            stack_free_min=2944
[MEM_MON]   task=sys_evt          stack_free_min=1588
[MEM_MON]   task=main             stack_free_min=1192
[MEM_MON]   task=daemon           stack_free_min=2128
[MEM_MON]   task=class            stack_free_min=2136
[MEM_MON]   task=HEATER_FAIL      stack_free_min=4368
[MEM_MON]   task=esp_timer        stack_free_min=3632
[MEM_MON]   task=wifi             stack_free_min=4212
[MEM_MON]   task=AMP_LEDS_TST     stack_free_min=7240
[MEM_MON]   task=AMP_LEDS_ERR     stack_free_min=7232
[MEM_MON] heap_free=85404 heap_min_free=75508 internal_free=85404
[MEM_MON]   task=MEM_MONITOR      stack_free_min=884
[MEM_MON]   task=IDLE1            stack_free_min=756
[MEM_MON]   task=IDLE0            stack_free_min=748
[MEM_MON]   task=READ_AMPOULES_T  stack_free_min=6856
[MEM_MON]   task=LED_PANEL        stack_free_min=7216
[MEM_MON]   task=tiT              stack_free_min=1468
[MEM_MON]   task=READ_AMPOULES    stack_free_min=6648
[MEM_MON]   task=PRINT_CHECK      stack_free_min=6852
[MEM_MON]   task=BLINK_TESTS      stack_free_min=6816
[MEM_MON]   task=PRINT_TST        stack_free_min=7020
[MEM_MON]   task=BUZZER_ALARM     stack_free_min=4420
[MEM_MON]   task=BUZZER_ALERT     stack_free_min=4424
[MEM_MON]   task=TASK_CHECK_TST_  stack_free_min=7500
[MEM_MON]   task=button_event     stack_free_min=7188
[MEM_MON]   task=button_task      stack_free_min=6716
[MEM_MON]   task=check_heat_temp  stack_free_min=2976
[MEM_MON]   task=check_temperatu  stack_free_min=3984
[MEM_MON]   task=Tmr Svc          stack_free_min=2348
[MEM_MON]   task=BLINK_HEATER     stack_free_min=6904
[MEM_MON]   task=ipc1             stack_free_min=536
[MEM_MON]   task=httpd            stack_free_min=2944
[MEM_MON]   task=sys_evt          stack_free_min=1588
[MEM_MON]   task=main             stack_free_min=1192
[MEM_MON]   task=daemon           stack_free_min=2128
[MEM_MON]   task=class            stack_free_min=2136
[MEM_MON]   task=HEATER_FAIL      stack_free_min=4368
[MEM_MON]   task=AMP_LEDS_TST     stack_free_min=7240
[MEM_MON]   task=esp_timer        stack_free_min=3632
[MEM_MON]   task=wifi             stack_free_min=4212
[MEM_MON]   task=AMP_LEDS_ERR     stack_free_min=7232
[MEM_MON]   task=ipc0             stack_free_min=532
[MEM_MON] heap_free=85584 heap_min_free=75508 internal_free=85584
[MEM_MON]   task=MEM_MONITOR      stack_free_min=884
[MEM_MON]   task=IDLE1            stack_free_min=756
[MEM_MON]   task=IDLE0            stack_free_min=748
[MEM_MON]   task=READ_AMPOULES    stack_free_min=6648
[MEM_MON]   task=BLINK_TESTS      stack_free_min=6816
[MEM_MON]   task=tiT              stack_free_min=1468
[MEM_MON]   task=PRINT_CHECK      stack_free_min=6852
[MEM_MON]   task=LED_PANEL        stack_free_min=7216
[MEM_MON]   task=PRINT_TST        stack_free_min=7020
[MEM_MON]   task=BUZZER_ALARM     stack_free_min=4420
[MEM_MON]   task=BUZZER_ALERT     stack_free_min=4424
[MEM_MON]   task=TASK_CHECK_TST_  stack_free_min=7500
[MEM_MON]   task=check_heat_temp  stack_free_min=2976
[MEM_MON]   task=button_event     stack_free_min=7188
[MEM_MON]   task=BLINK_HEATER     stack_free_min=6904
[MEM_MON]   task=READ_AMPOULES_T  stack_free_min=6856
[MEM_MON]   task=check_temperatu  stack_free_min=3984
[MEM_MON]   task=Tmr Svc          stack_free_min=2348
[MEM_MON]   task=button_task      stack_free_min=6716
[MEM_MON]   task=httpd            stack_free_min=2944
[MEM_MON]   task=sys_evt          stack_free_min=1588
[MEM_MON]   task=main             stack_free_min=1192
[MEM_MON]   task=daemon           stack_free_min=2128
[MEM_MON]   task=class            stack_free_min=2136
[MEM_MON]   task=HEATER_FAIL      stack_free_min=4368
[MEM_MON]   task=AMP_LEDS_TST     stack_free_min=7240
[MEM_MON]   task=AMP_LEDS_ERR     stack_free_min=7232
[MEM_MON]   task=esp_timer        stack_free_min=3632
[MEM_MON]   task=wifi             stack_free_min=4212
[MEM_MON]   task=ipc0             stack_free_min=532
[MEM_MON]   task=ipc1             stack_free_min=536
[MEM_MON] heap_free=85584 heap_min_free=75508 internal_free=85584
[MEM_MON]   task=MEM_MONITOR      stack_free_min=884
[MEM_MON]   task=IDLE1            stack_free_min=756
[MEM_MON]   task=IDLE0            stack_free_min=748
[MEM_MON]   task=button_task      stack_free_min=6716
[MEM_MON]   task=READ_AMPOULES    stack_free_min=6648
[MEM_MON]   task=BLINK_TESTS      stack_free_min=6816
[MEM_MON]   task=LED_PANEL        stack_free_min=7216
[MEM_MON]   task=check_temperatu  stack_free_min=3984
[MEM_MON]   task=BLINK_HEATER     stack_free_min=6904
[MEM_MON]   task=BUZZER_ALARM     stack_free_min=4420
[MEM_MON]   task=BUZZER_ALERT     stack_free_min=4424
[MEM_MON]   task=PRINT_TST        stack_free_min=7020
[MEM_MON]   task=TASK_CHECK_TST_  stack_free_min=7500
[MEM_MON]   task=check_heat_temp  stack_free_min=2976
[MEM_MON]   task=tiT              stack_free_min=1468
[MEM_MON]   task=READ_AMPOULES_T  stack_free_min=6856
[MEM_MON]   task=button_event     stack_free_min=7188
[MEM_MON]   task=Tmr Svc          stack_free_min=2348
[MEM_MON]   task=PRINT_CHECK      stack_free_min=6852
[MEM_MON]   task=sys_evt          stack_free_min=1588
[MEM_MON]   task=main             stack_free_min=1192
[MEM_MON]   task=daemon           stack_free_min=2128
[MEM_MON]   task=class            stack_free_min=2136
[MEM_MON]   task=HEATER_FAIL      stack_free_min=4368
[MEM_MON]   task=AMP_LEDS_TST     stack_free_min=7240
[MEM_MON]   task=AMP_LEDS_ERR     stack_free_min=7232
[MEM_MON]   task=ipc0             stack_free_min=532
[MEM_MON]   task=wifi             stack_free_min=4212
[MEM_MON]   task=esp_timer        stack_free_min=3632
[MEM_MON]   task=ipc1             stack_free_min=536
[MEM_MON]   task=httpd            stack_free_min=2944
[MEM_MON] heap_free=85584 heap_min_free=75508 internal_free=85584
[MEM_MON]   task=MEM_MONITOR      stack_free_min=884
[MEM_MON]   task=IDLE1            stack_free_min=756
[MEM_MON]   task=IDLE0            stack_free_min=748
[MEM_MON]   task=PRINT_TST        stack_free_min=7020
[MEM_MON]   task=BLINK_HEATER     stack_free_min=6904
[MEM_MON]   task=READ_AMPOULES    stack_free_min=6648
[MEM_MON]   task=BUZZER_ALARM     stack_free_min=4420
[MEM_MON]   task=BUZZER_ALERT     stack_free_min=4424
[MEM_MON]   task=LED_PANEL        stack_free_min=7216
[MEM_MON]   task=TASK_CHECK_TST_  stack_free_min=7500
[MEM_MON]   task=BLINK_TESTS      stack_free_min=6816
[MEM_MON]   task=tiT              stack_free_min=1468
[MEM_MON]   task=READ_AMPOULES_T  stack_free_min=6856
[MEM_MON]   task=button_event     stack_free_min=7188
[MEM_MON]   task=PRINT_CHECK      stack_free_min=6852
[MEM_MON]   task=check_heat_temp  stack_free_min=2976
[MEM_MON]   task=check_temperatu  stack_free_min=3984
[MEM_MON]   task=Tmr Svc          stack_free_min=2348
[MEM_MON]   task=button_task      stack_free_min=6716
[MEM_MON]   task=main             stack_free_min=1192
[MEM_MON]   task=daemon           stack_free_min=2128
[MEM_MON]   task=class            stack_free_min=2136
[MEM_MON]   task=HEATER_FAIL      stack_free_min=4368
[MEM_MON]   task=AMP_LEDS_TST     stack_free_min=7240
[MEM_MON]   task=AMP_LEDS_ERR     stack_free_min=7232
[MEM_MON]   task=ipc0             stack_free_min=532
[MEM_MON]   task=ipc1             stack_free_min=536
[MEM_MON]   task=esp_timer        stack_free_min=3632
[MEM_MON]   task=wifi             stack_free_min=4212
[MEM_MON]   task=httpd            stack_free_min=2944
[MEM_MON]   task=sys_evt          stack_free_min=1588
[MEM_MON] heap_free=85584 heap_min_free=75508 internal_free=85584
[MEM_MON]   task=MEM_MONITOR      stack_free_min=884
[MEM_MON]   task=IDLE1            stack_free_min=756
[MEM_MON]   task=IDLE0            stack_free_min=748
[MEM_MON]   task=PRINT_TST        stack_free_min=7020
[MEM_MON]   task=button_task      stack_free_min=6716
[MEM_MON]   task=BUZZER_ALARM     stack_free_min=4420
[MEM_MON]   task=BUZZER_ALERT     stack_free_min=4424
[MEM_MON]   task=BLINK_TESTS      stack_free_min=6816
[MEM_MON]   task=READ_AMPOULES    stack_free_min=6648
[MEM_MON]   task=TASK_CHECK_TST_  stack_free_min=7500
[MEM_MON]   task=tiT              stack_free_min=1468
[MEM_MON]   task=LED_PANEL        stack_free_min=7216
[MEM_MON]   task=READ_AMPOULES_T  stack_free_min=6856
[MEM_MON]   task=PRINT_CHECK      stack_free_min=6852
[MEM_MON]   task=button_event     stack_free_min=7188
[MEM_MON]   task=check_heat_temp  stack_free_min=2976
[MEM_MON]   task=check_temperatu  stack_free_min=3984
[MEM_MON]   task=Tmr Svc          stack_free_min=2348
[MEM_MON]   task=BLINK_HEATER     stack_free_min=6904
[MEM_MON]   task=daemon           stack_free_min=2128
[MEM_MON]   task=class            stack_free_min=2136
[MEM_MON]   task=HEATER_FAIL      stack_free_min=4368
[MEM_MON]   task=AMP_LEDS_TST     stack_free_min=7240
[MEM_MON]   task=AMP_LEDS_ERR     stack_free_min=7232
[MEM_MON]   task=ipc0             stack_free_min=532
[MEM_MON]   task=ipc1             stack_free_min=536
[MEM_MON]   task=httpd            stack_free_min=2944
[MEM_MON]   task=esp_timer        stack_free_min=3632
[MEM_MON]   task=wifi             stack_free_min=4212
[MEM_MON]   task=sys_evt          stack_free_min=1588
[MEM_MON]   task=main             stack_free_min=1192
[MEM_MON] heap_free=85404 heap_min_free=75508 internal_free=85404
[MEM_MON]   task=MEM_MONITOR      stack_free_min=884
[MEM_MON]   task=IDLE1            stack_free_min=756
[MEM_MON]   task=IDLE0            stack_free_min=748
[MEM_MON]   task=BUZZER_ALERT     stack_free_min=4424
[MEM_MON]   task=PRINT_TST        stack_free_min=7020
[MEM_MON]   task=TASK_CHECK_TST_  stack_free_min=7500
[MEM_MON]   task=check_heat_temp  stack_free_min=2976
[MEM_MON]   task=tiT              stack_free_min=1468
[MEM_MON]   task=BLINK_TESTS      stack_free_min=6816
[MEM_MON]   task=READ_AMPOULES    stack_free_min=6648
[MEM_MON]   task=BLINK_HEATER     stack_free_min=6904
[MEM_MON]   task=READ_AMPOULES_T  stack_free_min=6856
[MEM_MON]   task=LED_PANEL        stack_free_min=7216
[MEM_MON]   task=PRINT_CHECK      stack_free_min=6852
[MEM_MON]   task=button_event     stack_free_min=7188
[MEM_MON]   task=button_task      stack_free_min=6716
[MEM_MON]   task=check_temperatu  stack_free_min=3984
[MEM_MON]   task=Tmr Svc          stack_free_min=2348
[MEM_MON]   task=BUZZER_ALARM     stack_free_min=4420
[MEM_MON]   task=class            stack_free_min=2136
[MEM_MON]   task=HEATER_FAIL      stack_free_min=4368
[MEM_MON]   task=AMP_LEDS_TST     stack_free_min=7240
[MEM_MON]   task=AMP_LEDS_ERR     stack_free_min=7232
[MEM_MON]   task=ipc0             stack_free_min=532
[MEM_MON]   task=ipc1             stack_free_min=536
[MEM_MON]   task=httpd            stack_free_min=2944
[MEM_MON]   task=sys_evt          stack_free_min=1588
[MEM_MON]   task=esp_timer        stack_free_min=3632
[MEM_MON]   task=wifi             stack_free_min=4212
[MEM_MON]   task=main             stack_free_min=1192
[MEM_MON]   task=daemon           stack_free_min=2128

[0;31mE (200097) HEATER: Temperatura: 26.000[0m
[0;31mE (200097) HEATER: Funcoes Habilitadas: Não[0m
[0;31mE (200097) HEATER: Esta em teste: Nao[0m
[0;31mE (200107) HEATER: Temperatura estabilizada: Nao[0m
[0;31mE (200107) HEATER: Temperatura no Range > 53.0 e < 68.0: Nao[0m

[0;32mI (200117) HEATER: AGUARDE: Temperatura de aquecimento atual: 26.000[0m
[MEM_MON] heap_free=85584 heap_min_free=75508 internal_free=85584
[MEM_MON]   task=MEM_MONITOR      stack_free_min=884
[MEM_MON]   task=IDLE1            stack_free_min=756
[MEM_MON]   task=IDLE0            stack_free_min=748
[MEM_MON]   task=LED_PANEL        stack_free_min=7216
[MEM_MON]   task=button_task      stack_free_min=6716
[MEM_MON]   task=tiT              stack_free_min=1468
[MEM_MON]   task=READ_AMPOULES    stack_free_min=6648
[MEM_MON]   task=PRINT_TST        stack_free_min=7020
[MEM_MON]   task=BLINK_HEATER     stack_free_min=6904
[MEM_MON]   task=READ_AMPOULES_T  stack_free_min=6856
[MEM_MON]   task=PRINT_CHECK      stack_free_min=6852
[MEM_MON]   task=button_event     stack_free_min=7188
[MEM_MON]   task=BUZZER_ALARM     stack_free_min=4420
[MEM_MON]   task=BUZZER_ALERT     stack_free_min=4424
[MEM_MON]   task=TASK_CHECK_TST_  stack_free_min=7500
[MEM_MON]   task=check_temperatu  stack_free_min=3984
[MEM_MON]   task=check_heat_temp  stack_free_min=2976
[MEM_MON]   task=Tmr Svc          stack_free_min=2348
[MEM_MON]   task=BLINK_TESTS      stack_free_min=6816
[MEM_MON]   task=HEATER_FAIL      stack_free_min=4368
[MEM_MON]   task=AMP_LEDS_TST     stack_free_min=7240
[MEM_MON]   task=AMP_LEDS_ERR     stack_free_min=7232
[MEM_MON]   task=ipc0             stack_free_min=532
[MEM_MON]   task=ipc1             stack_free_min=536
[MEM_MON]   task=httpd            stack_free_min=2944
[MEM_MON]   task=sys_evt          stack_free_min=1588
[MEM_MON]   task=main             stack_free_min=1192
[MEM_MON]   task=esp_timer        stack_free_min=3632
[MEM_MON]   task=wifi             stack_free_min=4212
[MEM_MON]   task=daemon           stack_free_min=2128
[MEM_MON]   task=class            stack_free_min=2136
[MEM_MON] heap_free=85584 heap_min_free=75508 internal_free=85584
[MEM_MON]   task=MEM_MONITOR      stack_free_min=884
[MEM_MON]   task=IDLE1            stack_free_min=756
[MEM_MON]   task=IDLE0            stack_free_min=748
[MEM_MON]   task=LED_PANEL        stack_free_min=7216
[MEM_MON]   task=BLINK_HEATER     stack_free_min=6904
[MEM_MON]   task=READ_AMPOULES    stack_free_min=6648
[MEM_MON]   task=READ_AMPOULES_T  stack_free_min=6856
[MEM_MON]   task=PRINT_TST        stack_free_min=7020
[MEM_MON]   task=BLINK_TESTS      stack_free_min=6816
[MEM_MON]   task=tiT              stack_free_min=1468
[MEM_MON]   task=PRINT_CHECK      stack_free_min=6852
[MEM_MON]   task=check_temperatu  stack_free_min=3984
[MEM_MON]   task=button_event     stack_free_min=7188
[MEM_MON]   task=BUZZER_ALARM     stack_free_min=4420
[MEM_MON]   task=BUZZER_ALERT     stack_free_min=4424
[MEM_MON]   task=TASK_CHECK_TST_  stack_free_min=7500
[MEM_MON]   task=check_heat_temp  stack_free_min=2976
[MEM_MON]   task=Tmr Svc          stack_free_min=2348
[MEM_MON]   task=button_task      stack_free_min=6716
[MEM_MON]   task=AMP_LEDS_TST     stack_free_min=7240
[MEM_MON]   task=AMP_LEDS_ERR     stack_free_min=7232
[MEM_MON]   task=ipc0             stack_free_min=532
[MEM_MON]   task=ipc1             stack_free_min=536
[MEM_MON]   task=httpd            stack_free_min=2944
[MEM_MON]   task=sys_evt          stack_free_min=1588
[MEM_MON]   task=main             stack_free_min=1192
[MEM_MON]   task=daemon           stack_free_min=2128
[MEM_MON]   task=esp_timer        stack_free_min=3632
[MEM_MON]   task=wifi             stack_free_min=4212
[MEM_MON]   task=class            stack_free_min=2136
[MEM_MON]   task=HEATER_FAIL      stack_free_min=4368

[0;31mE (203337) HEATER: Temperatura: 26.000[0m
[0;31mE (203337) HEATER: Funcoes Habilitadas: Não[0m
[0;31mE (203337) HEATER: Esta em teste: Nao[0m
[0;31mE (203337) HEATER: Temperatura estabilizada: Nao[0m
[0;31mE (203337) HEATER: Temperatura no Range > 53.0 e < 68.0: Nao[0m

[0;32mI (203347) HEATER: AGUARDE: Temperatura de aquecimento atual: 26.000[0m
[MEM_MON] heap_free=85584 heap_min_free=75508 internal_free=85584
[MEM_MON]   task=MEM_MONITOR      stack_free_min=884
[MEM_MON]   task=IDLE1            stack_free_min=756
[MEM_MON]   task=IDLE0            stack_free_min=748
[MEM_MON]   task=BLINK_TESTS      stack_free_min=6816
[MEM_MON]   task=button_task      stack_free_min=6716
[MEM_MON]   task=tiT              stack_free_min=1468
[MEM_MON]   task=READ_AMPOULES    stack_free_min=6648
[MEM_MON]   task=PRINT_CHECK      stack_free_min=6852
[MEM_MON]   task=PRINT_TST        stack_free_min=7020
[MEM_MON]   task=BUZZER_ALARM     stack_free_min=4420
[MEM_MON]   task=BUZZER_ALERT     stack_free_min=4424
[MEM_MON]   task=button_event     stack_free_min=7188
[MEM_MON]   task=TASK_CHECK_TST_  stack_free_min=7500
[MEM_MON]   task=BLINK_HEATER     stack_free_min=6904
[MEM_MON]   task=READ_AMPOULES_T  stack_free_min=6856
[MEM_MON]   task=check_heat_temp  stack_free_min=2976
[MEM_MON]   task=check_temperatu  stack_free_min=3984
[MEM_MON]   task=Tmr Svc          stack_free_min=2348
[MEM_MON]   task=LED_PANEL        stack_free_min=7216
[MEM_MON]   task=AMP_LEDS_ERR     stack_free_min=7232
[MEM_MON]   task=ipc0             stack_free_min=532
[MEM_MON]   task=ipc1             stack_free_min=536
[MEM_MON]   task=httpd            stack_free_min=2944
[MEM_MON]   task=sys_evt          stack_free_min=1588
[MEM_MON]   task=main             stack_free_min=1192
[MEM_MON]   task=daemon           stack_free_min=2128
[MEM_MON]   task=class            stack_free_min=2136
[MEM_MON]   task=esp_timer        stack_free_min=3632
[MEM_MON]   task=wifi             stack_free_min=4212
[MEM_MON]   task=HEATER_FAIL      stack_free_min=4368
[MEM_MON]   task=AMP_LEDS_TST     stack_free_min=7240
[MEM_MON] heap_free=85584 heap_min_free=75508 internal_free=85584
[MEM_MON]   task=MEM_MONITOR      stack_free_min=884
[MEM_MON]   task=IDLE0            stack_free_min=748
[MEM_MON]   task=IDLE1            stack_free_min=756
[MEM_MON]   task=button_task      stack_free_min=6716
[MEM_MON]   task=LED_PANEL        stack_free_min=7216
[MEM_MON]   task=BLINK_TESTS      stack_free_min=6816
[MEM_MON]   task=READ_AMPOULES    stack_free_min=6648
[MEM_MON]   task=PRINT_TST        stack_free_min=7020
[MEM_MON]   task=BUZZER_ALARM     stack_free_min=4420
[MEM_MON]   task=BUZZER_ALERT     stack_free_min=4424
[MEM_MON]   task=TASK_CHECK_TST_  stack_free_min=7500
[MEM_MON]   task=button_event     stack_free_min=7188
[MEM_MON]   task=tiT              stack_free_min=1468
[MEM_MON]   task=BLINK_HEATER     stack_free_min=6904
[MEM_MON]   task=READ_AMPOULES_T  stack_free_min=6856
[MEM_MON]   task=check_heat_temp  stack_free_min=2976
[MEM_MON]   task=check_temperatu  stack_free_min=3984
[MEM_MON]   task=Tmr Svc          stack_free_min=2348
[MEM_MON]   task=PRINT_CHECK      stack_free_min=6852
[MEM_MON]   task=ipc0             stack_free_min=532
[MEM_MON]   task=ipc1             stack_free_min=536
[MEM_MON]   task=httpd            stack_free_min=2944
[MEM_MON]   task=sys_evt          stack_free_min=1588
[MEM_MON]   task=main             stack_free_min=1192
[MEM_MON]   task=daemon           stack_free_min=2128
[MEM_MON]   task=class            stack_free_min=2136
[MEM_MON]   task=HEATER_FAIL      stack_free_min=4368
[MEM_MON]   task=wifi             stack_free_min=4212
[MEM_MON]   task=esp_timer        stack_free_min=3632
[MEM_MON]   task=AMP_LEDS_TST     stack_free_min=7240
[MEM_MON]   task=AMP_LEDS_ERR     stack_free_min=7232
[MEM_MON] heap_free=85404 heap_min_free=75508 internal_free=85404
[MEM_MON]   task=MEM_MONITOR      stack_free_min=884
[MEM_MON]   task=IDLE1            stack_free_min=756
[MEM_MON]   task=IDLE0            stack_free_min=748
[MEM_MON]   task=LED_PANEL        stack_free_min=7216
[MEM_MON]   task=BLINK_HEATER     stack_free_min=6904
[MEM_MON]   task=READ_AMPOULES    stack_free_min=6648
[MEM_MON]   task=BUZZER_ALARM     stack_free_min=4420
[MEM_MON]   task=BUZZER_ALERT     stack_free_min=4424
[MEM_MON]   task=PRINT_TST        stack_free_min=7020
[MEM_MON]   task=TASK_CHECK_TST_  stack_free_min=7500
[MEM_MON]   task=tiT              stack_free_min=1468
[MEM_MON]   task=button_event     stack_free_min=7188
[MEM_MON]   task=check_heat_temp  stack_free_min=2976
[MEM_MON]   task=READ_AMPOULES_T  stack_free_min=6856
[MEM_MON]   task=PRINT_CHECK      stack_free_min=6852
[MEM_MON]   task=button_task      stack_free_min=6716
[MEM_MON]   task=check_temperatu  stack_free_min=3984
[MEM_MON]   task=Tmr Svc          stack_free_min=2348
[MEM_MON]   task=BLINK_TESTS      stack_free_min=6816
[MEM_MON]   task=ipc1             stack_free_min=536
[MEM_MON]   task=httpd            stack_free_min=2944
[MEM_MON]   task=sys_evt          stack_free_min=1588
[MEM_MON]   task=main             stack_free_min=1192
[MEM_MON]   task=daemon           stack_free_min=2128
[MEM_MON]   task=class            stack_free_min=2136
[MEM_MON]   task=HEATER_FAIL      stack_free_min=4368
[MEM_MON]   task=AMP_LEDS_TST     stack_free_min=7240
[MEM_MON]   task=esp_timer        stack_free_min=3632
[MEM_MON]   task=wifi             stack_free_min=4212
[MEM_MON]   task=AMP_LEDS_ERR     stack_free_min=7232
[MEM_MON]   task=ipc0             stack_free_min=532
[MEM_MON] heap_free=85584 heap_min_free=75508 internal_free=85584
[MEM_MON]   task=MEM_MONITOR      stack_free_min=884
[MEM_MON]   task=IDLE0            stack_free_min=748
[MEM_MON]   task=IDLE1            stack_free_min=756
[MEM_MON]   task=READ_AMPOULES    stack_free_min=6648
[MEM_MON]   task=BLINK_HEATER     stack_free_min=6904
[MEM_MON]   task=BLINK_TESTS      stack_free_min=6816
[MEM_MON]   task=BUZZER_ALARM     stack_free_min=4420
[MEM_MON]   task=BUZZER_ALERT     stack_free_min=4424
[MEM_MON]   task=LED_PANEL        stack_free_min=7216
[MEM_MON]   task=TASK_CHECK_TST_  stack_free_min=7500
[MEM_MON]   task=tiT              stack_free_min=1468
[MEM_MON]   task=PRINT_TST        stack_free_min=7020
[MEM_MON]   task=button_event     stack_free_min=7188
[MEM_MON]   task=check_heat_temp  stack_free_min=2976
[MEM_MON]   task=READ_AMPOULES_T  stack_free_min=6856
[MEM_MON]   task=PRINT_CHECK      stack_free_min=6852
[MEM_MON]   task=check_temperatu  stack_free_min=3984
[MEM_MON]   task=Tmr Svc          stack_free_min=2348
[MEM_MON]   task=button_task      stack_free_min=6716
[MEM_MON]   task=httpd            stack_free_min=2944
[MEM_MON]   task=sys_evt          stack_free_min=1588
[MEM_MON]   task=main             stack_free_min=1192
[MEM_MON]   task=daemon           stack_free_min=2128
[MEM_MON]   task=class            stack_free_min=2136
[MEM_MON]   task=HEATER_FAIL      stack_free_min=4368
[MEM_MON]   task=AMP_LEDS_TST     stack_free_min=7240
[MEM_MON]   task=AMP_LEDS_ERR     stack_free_min=7232
[MEM_MON]   task=esp_timer        stack_free_min=3632
[MEM_MON]   task=wifi             stack_free_min=4212
[MEM_MON]   task=ipc0             stack_free_min=532
[MEM_MON]   task=ipc1             stack_free_min=536
[MEM_MON] heap_free=85584 heap_min_free=75508 internal_free=85584
[MEM_MON]   task=MEM_MONITOR      stack_free_min=884
[MEM_MON]   task=IDLE1            stack_free_min=756
[MEM_MON]   task=IDLE0            stack_free_min=748
[MEM_MON]   task=BUZZER_ALARM     stack_free_min=4420
[MEM_MON]   task=BUZZER_ALERT     stack_free_min=4424
[MEM_MON]   task=READ_AMPOULES    stack_free_min=6648
[MEM_MON]   task=TASK_CHECK_TST_  stack_free_min=7500
[MEM_MON]   task=BLINK_TESTS      stack_free_min=6816
[MEM_MON]   task=tiT              stack_free_min=1468
[MEM_MON]   task=LED_PANEL        stack_free_min=7216
[MEM_MON]   task=check_temperatu  stack_free_min=3984
[MEM_MON]   task=BLINK_HEATER     stack_free_min=6904
[MEM_MON]   task=READ_AMPOULES_T  stack_free_min=6856
[MEM_MON]   task=button_event     stack_free_min=7188
[MEM_MON]   task=PRINT_TST        stack_free_min=7020
[MEM_MON]   task=PRINT_CHECK      stack_free_min=6852
[MEM_MON]   task=check_heat_temp  stack_free_min=2976
[MEM_MON]   task=Tmr Svc          stack_free_min=2348
[MEM_MON]   task=button_task      stack_free_min=6716
[MEM_MON]   task=sys_evt          stack_free_min=1588
[MEM_MON]   task=main             stack_free_min=1192
[MEM_MON]   task=daemon           stack_free_min=2128
[MEM_MON]   task=class            stack_free_min=2136
[MEM_MON]   task=HEATER_FAIL      stack_free_min=4368
[MEM_MON]   task=AMP_LEDS_TST     stack_free_min=7240
[MEM_MON]   task=AMP_LEDS_ERR     stack_free_min=7232
[MEM_MON]   task=ipc0             stack_free_min=532
[MEM_MON]   task=esp_timer        stack_free_min=3632
[MEM_MON]   task=wifi             stack_free_min=4212
[MEM_MON]   task=ipc1             stack_free_min=536
[MEM_MON]   task=httpd            stack_free_min=2944
[MEM_MON] heap_free=85584 heap_min_free=75508 internal_free=85584
[MEM_MON]   task=MEM_MONITOR      stack_free_min=884
[MEM_MON]   task=IDLE1            stack_free_min=756
[MEM_MON]   task=IDLE0            stack_free_min=748
[MEM_MON]   task=BLINK_TESTS      stack_free_min=6816
[MEM_MON]   task=button_task      stack_free_min=6716
[MEM_MON]   task=tiT              stack_free_min=1468
[MEM_MON]   task=PRINT_TST        stack_free_min=7020
[MEM_MON]   task=READ_AMPOULES    stack_free_min=6648
[MEM_MON]   task=BLINK_HEATER     stack_free_min=6904
[MEM_MON]   task=READ_AMPOULES_T  stack_free_min=6856
[MEM_MON]   task=LED_PANEL        stack_free_min=7216
[MEM_MON]   task=button_event     stack_free_min=7188
[MEM_MON]   task=PRINT_CHECK      stack_free_min=6852
[MEM_MON]   task=BUZZER_ALARM     stack_free_min=4420
[MEM_MON]   task=BUZZER_ALERT     stack_free_min=4424
[MEM_MON]   task=TASK_CHECK_TST_  stack_free_min=7500
[MEM_MON]   task=check_heat_temp  stack_free_min=2976
[MEM_MON]   task=Tmr Svc          stack_free_min=2348
[MEM_MON]   task=check_temperatu  stack_free_min=3984
[MEM_MON]   task=main             stack_free_min=1192
[MEM_MON]   task=daemon           stack_free_min=2128
[MEM_MON]   task=class            stack_free_min=2136
[MEM_MON]   task=HEATER_FAIL      stack_free_min=4368
[MEM_MON]   task=AMP_LEDS_TST     stack_free_min=7240
[MEM_MON]   task=AMP_LEDS_ERR     stack_free_min=7232
[MEM_MON]   task=ipc0             stack_free_min=532
[MEM_MON]   task=ipc1             stack_free_min=536
[MEM_MON]   task=esp_timer        stack_free_min=3632
[MEM_MON]   task=wifi             stack_free_min=4212
[MEM_MON]   task=httpd            stack_free_min=2944
[MEM_MON]   task=sys_evt          stack_free_min=1588
[MEM_MON] heap_free=85584 heap_min_free=75508 internal_free=85584
[MEM_MON]   task=MEM_MONITOR      stack_free_min=884
[MEM_MON]   task=IDLE1            stack_free_min=756
[MEM_MON]   task=IDLE0            stack_free_min=748
[MEM_MON]   task=button_task      stack_free_min=6716
[MEM_MON]   task=BLINK_TESTS      stack_free_min=6816
[MEM_MON]   task=BLINK_HEATER     stack_free_min=6904
[MEM_MON]   task=check_heat_temp  stack_free_min=2976
[MEM_MON]   task=READ_AMPOULES_T  stack_free_min=6856
[MEM_MON]   task=READ_AMPOULES    stack_free_min=6648
[MEM_MON]   task=tiT              stack_free_min=1468
[MEM_MON]   task=PRINT_CHECK      stack_free_min=6852
[MEM_MON]   task=button_event     stack_free_min=7188
[MEM_MON]   task=LED_PANEL        stack_free_min=7216
[MEM_MON]   task=BUZZER_ALARM     stack_free_min=4420
[MEM_MON]   task=BUZZER_ALERT     stack_free_min=4424
[MEM_MON]   task=TASK_CHECK_TST_  stack_free_min=7500
[MEM_MON]   task=check_temperatu  stack_free_min=3984
[MEM_MON]   task=Tmr Svc          stack_free_min=2348
[MEM_MON]   task=PRINT_TST        stack_free_min=7020
[MEM_MON]   task=daemon           stack_free_min=2128
[MEM_MON]   task=class            stack_free_min=2136
[MEM_MON]   task=HEATER_FAIL      stack_free_min=4368
[MEM_MON]   task=AMP_LEDS_TST     stack_free_min=7240
[MEM_MON]   task=AMP_LEDS_ERR     stack_free_min=7232
[MEM_MON]   task=ipc0             stack_free_min=532
[MEM_MON]   task=ipc1             stack_free_min=536
[MEM_MON]   task=httpd            stack_free_min=2944
[MEM_MON]   task=esp_timer        stack_free_min=3632
[MEM_MON]   task=wifi             stack_free_min=4212
[MEM_MON]   task=sys_evt          stack_free_min=1588
[MEM_MON]   task=main             stack_free_min=1192

[0;31mE (210357) HEATER: Temperatura: 26.000[0m
[0;31mE (210357) HEATER: Funcoes Habilitadas: Não[0m
[0;31mE (210357) HEATER: Esta em teste: Nao[0m
[0;31mE (210367) HEATER: Temperatura estabilizada: Nao[0m
[0;31mE (210367) HEATER: Temperatura no Range > 53.0 e < 68.0: Nao[0m

[0;32mI (210377) HEATER: AGUARDE: Temperatura de aquecimento atual: 26.000[0m
[MEM_MON] heap_free=85404 heap_min_free=75508 internal_free=85404
[MEM_MON]   task=MEM_MONITOR      stack_free_min=884
[MEM_MON]   task=IDLE1            stack_free_min=756
[MEM_MON]   task=IDLE0            stack_free_min=748
[MEM_MON]   task=READ_AMPOULES_T  stack_free_min=6856
[MEM_MON]   task=PRINT_TST        stack_free_min=7020
[MEM_MON]   task=BLINK_TESTS      stack_free_min=6816
[MEM_MON]   task=tiT              stack_free_min=1468
[MEM_MON]   task=PRINT_CHECK      stack_free_min=6852
[MEM_MON]   task=READ_AMPOULES    stack_free_min=6648
[MEM_MON]   task=button_event     stack_free_min=7188
[MEM_MON]   task=LED_PANEL        stack_free_min=7216
[MEM_MON]   task=BUZZER_ALARM     stack_free_min=4420
[MEM_MON]   task=BUZZER_ALERT     stack_free_min=4424
[MEM_MON]   task=TASK_CHECK_TST_  stack_free_min=7500
[MEM_MON]   task=button_task      stack_free_min=6716
[MEM_MON]   task=check_heat_temp  stack_free_min=2976
[MEM_MON]   task=check_temperatu  stack_free_min=3984
[MEM_MON]   task=Tmr Svc          stack_free_min=2348
[MEM_MON]   task=BLINK_HEATER     stack_free_min=6904
[MEM_MON]   task=class            stack_free_min=2136
[MEM_MON]   task=HEATER_FAIL      stack_free_min=4368
[MEM_MON]   task=AMP_LEDS_TST     stack_free_min=7240
[MEM_MON]   task=AMP_LEDS_ERR     stack_free_min=7232
[MEM_MON]   task=ipc0             stack_free_min=532
[MEM_MON]   task=ipc1             stack_free_min=536
[MEM_MON]   task=httpd            stack_free_min=2944
[MEM_MON]   task=sys_evt          stack_free_min=1588
[MEM_MON]   task=esp_timer        stack_free_min=3632
[MEM_MON]   task=wifi             stack_free_min=4212
[MEM_MON]   task=main             stack_free_min=1192
[MEM_MON]   task=daemon           stack_free_min=2128
[MEM_MON] heap_free=85584 heap_min_free=75508 internal_free=85584
[MEM_MON]   task=MEM_MONITOR      stack_free_min=884
[MEM_MON]   task=IDLE1            stack_free_min=756
[MEM_MON]   task=IDLE0            stack_free_min=748
[MEM_MON]   task=button_task      stack_free_min=6716
[MEM_MON]   task=tiT              stack_free_min=1468
[MEM_MON]   task=READ_AMPOULES    stack_free_min=6648
[MEM_MON]   task=PRINT_CHECK      stack_free_min=6852
[MEM_MON]   task=BLINK_TESTS      stack_free_min=6816
[MEM_MON]   task=PRINT_TST        stack_free_min=7020
[MEM_MON]   task=button_event     stack_free_min=7188
[MEM_MON]   task=BLINK_HEATER     stack_free_min=6904
[MEM_MON]   task=BUZZER_ALARM     stack_free_min=4420
[MEM_MON]   task=BUZZER_ALERT     stack_free_min=4424
[MEM_MON]   task=TASK_CHECK_TST_  stack_free_min=7500
[MEM_MON]   task=check_heat_temp  stack_free_min=2976
[MEM_MON]   task=READ_AMPOULES_T  stack_free_min=6856
[MEM_MON]   task=check_temperatu  stack_free_min=3984
[MEM_MON]   task=Tmr Svc          stack_free_min=2348
[MEM_MON]   task=LED_PANEL        stack_free_min=7216
[MEM_MON]   task=HEATER_FAIL      stack_free_min=4368
[MEM_MON]   task=AMP_LEDS_TST     stack_free_min=7240
[MEM_MON]   task=AMP_LEDS_ERR     stack_free_min=7232
[MEM_MON]   task=ipc0             stack_free_min=532
[MEM_MON]   task=ipc1             stack_free_min=536
[MEM_MON]   task=httpd            stack_free_min=2944
[MEM_MON]   task=sys_evt          stack_free_min=1588
[MEM_MON]   task=main             stack_free_min=1192
[MEM_MON]   task=esp_timer        stack_free_min=3632
[MEM_MON]   task=wifi             stack_free_min=4212
[MEM_MON]   task=daemon           stack_free_min=2128
[MEM_MON]   task=class            stack_free_min=2136
[MEM_MON] heap_free=85584 heap_min_free=75508 internal_free=85584
[MEM_MON]   task=MEM_MONITOR      stack_free_min=884
[MEM_MON]   task=IDLE1            stack_free_min=756
[MEM_MON]   task=IDLE0            stack_free_min=748
[MEM_MON]   task=LED_PANEL        stack_free_min=7216
[MEM_MON]   task=READ_AMPOULES    stack_free_min=6648
[MEM_MON]   task=BLINK_TESTS      stack_free_min=6816
[MEM_MON]   task=PRINT_TST        stack_free_min=7020
[MEM_MON]   task=BLINK_HEATER     stack_free_min=6904
[MEM_MON]   task=button_event     stack_free_min=7188
[MEM_MON]   task=BUZZER_ALARM     stack_free_min=4420
[MEM_MON]   task=BUZZER_ALERT     stack_free_min=4424
[MEM_MON]   task=TASK_CHECK_TST_  stack_free_min=7500
[MEM_MON]   task=check_temperatu  stack_free_min=3984
[MEM_MON]   task=tiT              stack_free_min=1468
[MEM_MON]   task=check_heat_temp  stack_free_min=2976
[MEM_MON]   task=READ_AMPOULES_T  stack_free_min=6856
[MEM_MON]   task=PRINT_CHECK      stack_free_min=6852
[MEM_MON]   task=Tmr Svc          stack_free_min=2348
[MEM_MON]   task=button_task      stack_free_min=6716
[MEM_MON]   task=AMP_LEDS_TST     stack_free_min=7240
[MEM_MON]   task=AMP_LEDS_ERR     stack_free_min=7232
[MEM_MON]   task=ipc0             stack_free_min=532
[MEM_MON]   task=ipc1             stack_free_min=536
[MEM_MON]   task=httpd            stack_free_min=2944
[MEM_MON]   task=sys_evt          stack_free_min=1588
[MEM_MON]   task=main             stack_free_min=1192
[MEM_MON]   task=daemon           stack_free_min=2128
[MEM_MON]   task=esp_timer        stack_free_min=3632
[MEM_MON]   task=wifi             stack_free_min=4212
[MEM_MON]   task=class            stack_free_min=2136
[MEM_MON]   task=HEATER_FAIL      stack_free_min=4368
[MEM_MON] heap_free=85584 heap_min_free=75508 internal_free=85584
[MEM_MON]   task=MEM_MONITOR      stack_free_min=884
[MEM_MON]   task=IDLE1            stack_free_min=756
[MEM_MON]   task=IDLE0            stack_free_min=748
[MEM_MON]   task=button_task      stack_free_min=6716
[MEM_MON]   task=check_temperatu  stack_free_min=3984
[MEM_MON]   task=BLINK_HEATER     stack_free_min=6904
[MEM_MON]   task=READ_AMPOULES    stack_free_min=6648
[MEM_MON]   task=BUZZER_ALARM     stack_free_min=4420
[MEM_MON]   task=BUZZER_ALERT     stack_free_min=4424
[MEM_MON]   task=button_event     stack_free_min=7188
[MEM_MON]   task=BLINK_TESTS      stack_free_min=6816
[MEM_MON]   task=PRINT_TST        stack_free_min=7020
[MEM_MON]   task=TASK_CHECK_TST_  stack_free_min=7500
[MEM_MON]   task=tiT              stack_free_min=1468
[MEM_MON]   task=READ_AMPOULES_T  stack_free_min=6856
[MEM_MON]   task=PRINT_CHECK      stack_free_min=6852
[MEM_MON]   task=check_heat_temp  stack_free_min=2976
[MEM_MON]   task=Tmr Svc          stack_free_min=2348
[MEM_MON]   task=LED_PANEL        stack_free_min=7216
[MEM_MON]   task=AMP_LEDS_ERR     stack_free_min=7232
[MEM_MON]   task=ipc0             stack_free_min=532
[MEM_MON]   task=ipc1             stack_free_min=536
[MEM_MON]   task=httpd            stack_free_min=2944
[MEM_MON]   task=sys_evt          stack_free_min=1588
[MEM_MON]   task=main             stack_free_min=1192
[MEM_MON]   task=daemon           stack_free_min=2128
[MEM_MON]   task=class            stack_free_min=2136
[MEM_MON]   task=esp_timer        stack_free_min=3632
[MEM_MON]   task=wifi             stack_free_min=4212
[MEM_MON]   task=HEATER_FAIL      stack_free_min=4368
[MEM_MON]   task=AMP_LEDS_TST     stack_free_min=7240
[MEM_MON] heap_free=85584 heap_min_free=75508 internal_free=85584
[MEM_MON]   task=MEM_MONITOR      stack_free_min=884
[MEM_MON]   task=IDLE0            stack_free_min=748
[MEM_MON]   task=IDLE1            stack_free_min=756
[MEM_MON]   task=BUZZER_ALARM     stack_free_min=4420
[MEM_MON]   task=BUZZER_ALERT     stack_free_min=4424
[MEM_MON]   task=LED_PANEL        stack_free_min=7216
[MEM_MON]   task=TASK_CHECK_TST_  stack_free_min=7500
[MEM_MON]   task=button_event     stack_free_min=7188
[MEM_MON]   task=BLINK_TESTS      stack_free_min=6816
[MEM_MON]   task=tiT              stack_free_min=1468
[MEM_MON]   task=READ_AMPOULES    stack_free_min=6648
[MEM_MON]   task=PRINT_TST        stack_free_min=7020
[MEM_MON]   task=BLINK_HEATER     stack_free_min=6904
[MEM_MON]   task=READ_AMPOULES_T  stack_free_min=6856
[MEM_MON]   task=PRINT_CHECK      stack_free_min=6852
[MEM_MON]   task=check_heat_temp  stack_free_min=2976
[MEM_MON]   task=check_temperatu  stack_free_min=3984
[MEM_MON]   task=Tmr Svc          stack_free_min=2348
[MEM_MON]   task=button_task      stack_free_min=6716
[MEM_MON]   task=ipc0             stack_free_min=532
[MEM_MON]   task=ipc1             stack_free_min=536
[MEM_MON]   task=httpd            stack_free_min=2944
[MEM_MON]   task=sys_evt          stack_free_min=1588
[MEM_MON]   task=main             stack_free_min=1192
[MEM_MON]   task=daemon           stack_free_min=2128
[MEM_MON]   task=class            stack_free_min=2136
[MEM_MON]   task=HEATER_FAIL      stack_free_min=4368
[MEM_MON]   task=esp_timer        stack_free_min=3632
[MEM_MON]   task=wifi             stack_free_min=4212
[MEM_MON]   task=AMP_LEDS_TST     stack_free_min=7240
[MEM_MON]   task=AMP_LEDS_ERR     stack_free_min=7232
[MEM_MON] heap_free=85404 heap_min_free=75508 internal_free=85404
[MEM_MON]   task=MEM_MONITOR      stack_free_min=884
[MEM_MON]   task=IDLE1            stack_free_min=756
[MEM_MON]   task=IDLE0            stack_free_min=748
[MEM_MON]   task=tiT              stack_free_min=1468
[MEM_MON]   task=button_event     stack_free_min=7188
[MEM_MON]   task=LED_PANEL        stack_free_min=7216
[MEM_MON]   task=BLINK_TESTS      stack_free_min=6816
[MEM_MON]   task=READ_AMPOULES    stack_free_min=6648
[MEM_MON]   task=BLINK_HEATER     stack_free_min=6904
[MEM_MON]   task=check_heat_temp  stack_free_min=2976
[MEM_MON]   task=READ_AMPOULES_T  stack_free_min=6856
[MEM_MON]   task=PRINT_TST        stack_free_min=7020
[MEM_MON]   task=PRINT_CHECK      stack_free_min=6852
[MEM_MON]   task=BUZZER_ALARM     stack_free_min=4420
[MEM_MON]   task=BUZZER_ALERT     stack_free_min=4424
[MEM_MON]   task=button_task      stack_free_min=6716
[MEM_MON]   task=check_temperatu  stack_free_min=3984
[MEM_MON]   task=Tmr Svc          stack_free_min=2348
[MEM_MON]   task=TASK_CHECK_TST_  stack_free_min=7500
[MEM_MON]   task=ipc1             stack_free_min=536
[MEM_MON]   task=httpd            stack_free_min=2944
[MEM_MON]   task=sys_evt          stack_free_min=1588
[MEM_MON]   task=main             stack_free_min=1192
[MEM_MON]   task=daemon           stack_free_min=2128
[MEM_MON]   task=class            stack_free_min=2136
[MEM_MON]   task=HEATER_FAIL      stack_free_min=4368
[MEM_MON]   task=AMP_LEDS_TST     stack_free_min=7240
[MEM_MON]   task=esp_timer        stack_free_min=3632
[MEM_MON]   task=wifi             stack_free_min=4212
[MEM_MON]   task=AMP_LEDS_ERR     stack_free_min=7232
[MEM_MON]   task=ipc0             stack_free_min=532

[0;31mE (217387) HEATER: Temperatura: 26.000[0m
[0;31mE (217387) HEATER: Funcoes Habilitadas: Não[0m
[0;31mE (217387) HEATER: Esta em teste: Nao[0m
[0;31mE (217387) HEATER: Temperatura estabilizada: Nao[0m
[0;31mE (217387) HEATER: Temperatura no Range > 53.0 e < 68.0: Nao[0m

[0;32mI (217397) HEATER: AGUARDE: Temperatura de aquecimento atual: 26.000[0m
[MEM_MON] heap_free=85584 heap_min_free=75508 internal_free=85584
[MEM_MON]   task=MEM_MONITOR      stack_free_min=884
[MEM_MON]   task=IDLE1            stack_free_min=756
[MEM_MON]   task=IDLE0            stack_free_min=748
[MEM_MON]   task=button_task      stack_free_min=6716
[MEM_MON]   task=READ_AMPOULES    stack_free_min=6648
[MEM_MON]   task=button_event     stack_free_min=7188
[MEM_MON]   task=BLINK_HEATER     stack_free_min=6904
[MEM_MON]   task=LED_PANEL        stack_free_min=7216
[MEM_MON]   task=READ_AMPOULES_T  stack_free_min=6856
[MEM_MON]   task=tiT              stack_free_min=1468
[MEM_MON]   task=PRINT_CHECK      stack_free_min=6852
[MEM_MON]   task=PRINT_TST        stack_free_min=7020
[MEM_MON]   task=BUZZER_ALARM     stack_free_min=4420
[MEM_MON]   task=BUZZER_ALERT     stack_free_min=4424
[MEM_MON]   task=TASK_CHECK_TST_  stack_free_min=7500
[MEM_MON]   task=check_temperatu  stack_free_min=3984
[MEM_MON]   task=check_heat_temp  stack_free_min=2976
[MEM_MON]   task=Tmr Svc          stack_free_min=2348
[MEM_MON]   task=BLINK_TESTS      stack_free_min=6816
[MEM_MON]   task=httpd            stack_free_min=2944
[MEM_MON]   task=sys_evt          stack_free_min=1588
[MEM_MON]   task=main             stack_free_min=1192
[MEM_MON]   task=daemon           stack_free_min=2128
[MEM_MON]   task=class            stack_free_min=2136
[MEM_MON]   task=HEATER_FAIL      stack_free_min=4368
[MEM_MON]   task=AMP_LEDS_TST     stack_free_min=7240
[MEM_MON]   task=AMP_LEDS_ERR     stack_free_min=7232
[MEM_MON]   task=esp_timer        stack_free_min=3632
[MEM_MON]   task=wifi             stack_free_min=4212
[MEM_MON]   task=ipc0             stack_free_min=532
[MEM_MON]   task=ipc1             stack_free_min=536
[MEM_MON] heap_free=85584 heap_min_free=75508 internal_free=85584
[MEM_MON]   task=MEM_MONITOR      stack_free_min=884
[MEM_MON]   task=IDLE1            stack_free_min=756
[MEM_MON]   task=IDLE0            stack_free_min=748
[MEM_MON]   task=button_event     stack_free_min=7188
[MEM_MON]   task=BLINK_HEATER     stack_free_min=6904
[MEM_MON]   task=READ_AMPOULES_T  stack_free_min=6856
[MEM_MON]   task=READ_AMPOULES    stack_free_min=6648
[MEM_MON]   task=tiT              stack_free_min=1468
[MEM_MON]   task=PRINT_CHECK      stack_free_min=6852
[MEM_MON]   task=LED_PANEL        stack_free_min=7216
[MEM_MON]   task=BLINK_TESTS      stack_free_min=6816
[MEM_MON]   task=PRINT_TST        stack_free_min=7020
[MEM_MON]   task=check_temperatu  stack_free_min=3984
[MEM_MON]   task=BUZZER_ALARM     stack_free_min=4420
[MEM_MON]   task=BUZZER_ALERT     stack_free_min=4424
[MEM_MON]   task=TASK_CHECK_TST_  stack_free_min=7500
[MEM_MON]   task=check_heat_temp  stack_free_min=2976
[MEM_MON]   task=Tmr Svc          stack_free_min=2348
[MEM_MON]   task=button_task      stack_free_min=6716
[MEM_MON]   task=sys_evt          stack_free_min=1588
[MEM_MON]   task=main             stack_free_min=1192
[MEM_MON]   task=daemon           stack_free_min=2128
[MEM_MON]   task=class            stack_free_min=2136
[MEM_MON]   task=HEATER_FAIL      stack_free_min=4368
[MEM_MON]   task=AMP_LEDS_TST     stack_free_min=7240
[MEM_MON]   task=AMP_LEDS_ERR     stack_free_min=7232
[MEM_MON]   task=ipc0             stack_free_min=532
[MEM_MON]   task=esp_timer        stack_free_min=3632
[MEM_MON]   task=wifi             stack_free_min=4212
[MEM_MON]   task=ipc1             stack_free_min=536
[MEM_MON]   task=httpd            stack_free_min=2944
[MEM_MON] heap_free=85584 heap_min_free=75508 internal_free=85584
[MEM_MON]   task=MEM_MONITOR      stack_free_min=884
[MEM_MON]   task=IDLE1            stack_free_min=756
[MEM_MON]   task=IDLE0            stack_free_min=748
[MEM_MON]   task=BLINK_TESTS      stack_free_min=6816
[MEM_MON]   task=button_task      stack_free_min=6716
[MEM_MON]   task=tiT              stack_free_min=1468
[MEM_MON]   task=PRINT_TST        stack_free_min=7020
[MEM_MON]   task=PRINT_CHECK      stack_free_min=6852
[MEM_MON]   task=check_temperatu  stack_free_min=3984
[MEM_MON]   task=READ_AMPOULES    stack_free_min=6648
[MEM_MON]   task=LED_PANEL        stack_free_min=7216
[MEM_MON]   task=BLINK_HEATER     stack_free_min=6904
[MEM_MON]   task=BUZZER_ALARM     stack_free_min=4420
[MEM_MON]   task=BUZZER_ALERT     stack_free_min=4424
[MEM_MON]   task=TASK_CHECK_TST_  stack_free_min=7500
[MEM_MON]   task=check_heat_temp  stack_free_min=2976
[MEM_MON]   task=READ_AMPOULES_T  stack_free_min=6856
[MEM_MON]   task=Tmr Svc          stack_free_min=2348
[MEM_MON]   task=button_event     stack_free_min=7188
[MEM_MON]   task=main             stack_free_min=1192
[MEM_MON]   task=daemon           stack_free_min=2128
[MEM_MON]   task=class            stack_free_min=2136
[MEM_MON]   task=HEATER_FAIL      stack_free_min=4368
[MEM_MON]   task=AMP_LEDS_TST     stack_free_min=7240
[MEM_MON]   task=AMP_LEDS_ERR     stack_free_min=7232
[MEM_MON]   task=ipc0             stack_free_min=532
[MEM_MON]   task=ipc1             stack_free_min=536
[MEM_MON]   task=esp_timer        stack_free_min=3632
[MEM_MON]   task=wifi             stack_free_min=4212
[MEM_MON]   task=httpd            stack_free_min=2944
[MEM_MON]   task=sys_evt          stack_free_min=1588

[0;31mE (220617) HEATER: Temperatura: 26.000[0m
[0;31mE (220617) HEATER: Funcoes Habilitadas: Não[0m
[0;31mE (220617) HEATER: Esta em teste: Nao[0m
[0;31mE (220627) HEATER: Temperatura estabilizada: Nao[0m
[0;31mE (220627) HEATER: Temperatura no Range > 53.0 e < 68.0: Nao[0m

[0;32mI (220637) HEATER: AGUARDE: Temperatura de aquecimento atual: 26.000[0m
[MEM_MON] heap_free=85584 heap_min_free=75508 internal_free=85584
[MEM_MON]   task=MEM_MONITOR      stack_free_min=884
[MEM_MON]   task=IDLE1            stack_free_min=756
[MEM_MON]   task=IDLE0            stack_free_min=748
[MEM_MON]   task=button_task      stack_free_min=6716
[MEM_MON]   task=button_event     stack_free_min=7188
[MEM_MON]   task=BLINK_TESTS      stack_free_min=6816
[MEM_MON]   task=READ_AMPOULES    stack_free_min=6648
[MEM_MON]   task=BLINK_HEATER     stack_free_min=6904
[MEM_MON]   task=BUZZER_ALARM     stack_free_min=4420
[MEM_MON]   task=BUZZER_ALERT     stack_free_min=4424
[MEM_MON]   task=LED_PANEL        stack_free_min=7216
[MEM_MON]   task=TASK_CHECK_TST_  stack_free_min=7500
[MEM_MON]   task=tiT              stack_free_min=1468
[MEM_MON]   task=READ_AMPOULES_T  stack_free_min=6856
[MEM_MON]   task=PRINT_CHECK      stack_free_min=6852
[MEM_MON]   task=check_heat_temp  stack_free_min=2976
[MEM_MON]   task=check_temperatu  stack_free_min=3984
[MEM_MON]   task=Tmr Svc          stack_free_min=2348
[MEM_MON]   task=PRINT_TST        stack_free_min=7020
[MEM_MON]   task=daemon           stack_free_min=2128
[MEM_MON]   task=class            stack_free_min=2136
[MEM_MON]   task=HEATER_FAIL      stack_free_min=4368
[MEM_MON]   task=AMP_LEDS_TST     stack_free_min=7240
[MEM_MON]   task=AMP_LEDS_ERR     stack_free_min=7232
[MEM_MON]   task=ipc0             stack_free_min=532
[MEM_MON]   task=ipc1             stack_free_min=536
[MEM_MON]   task=httpd            stack_free_min=2944
[MEM_MON]   task=esp_timer        stack_free_min=3632
[MEM_MON]   task=wifi             stack_free_min=4212
[MEM_MON]   task=sys_evt          stack_free_min=1588
[MEM_MON]   task=main             stack_free_min=1192
[MEM_MON] heap_free=85404 heap_min_free=75508 internal_free=85404
[MEM_MON]   task=MEM_MONITOR      stack_free_min=884
[MEM_MON]   task=IDLE0            stack_free_min=748
[MEM_MON]   task=IDLE1            stack_free_min=756
[MEM_MON]   task=PRINT_TST        stack_free_min=7020
[MEM_MON]   task=BLINK_HEATER     stack_free_min=6904
[MEM_MON]   task=BUZZER_ALARM     stack_free_min=4420
[MEM_MON]   task=BUZZER_ALERT     stack_free_min=4424
[MEM_MON]   task=READ_AMPOULES    stack_free_min=6648
[MEM_MON]   task=TASK_CHECK_TST_  stack_free_min=7500
[MEM_MON]   task=BLINK_TESTS      stack_free_min=6816
[MEM_MON]   task=tiT              stack_free_min=1468
[MEM_MON]   task=LED_PANEL        stack_free_min=7216
[MEM_MON]   task=READ_AMPOULES_T  stack_free_min=6856
[MEM_MON]   task=PRINT_CHECK      stack_free_min=6852
[MEM_MON]   task=check_heat_temp  stack_free_min=2976
[MEM_MON]   task=button_task      stack_free_min=6716
[MEM_MON]   task=check_temperatu  stack_free_min=3984
[MEM_MON]   task=Tmr Svc          stack_free_min=2348
[MEM_MON]   task=button_event     stack_free_min=7188
[MEM_MON]   task=class            stack_free_min=2136
[MEM_MON]   task=HEATER_FAIL      stack_free_min=4368
[MEM_MON]   task=AMP_LEDS_TST     stack_free_min=7240
[MEM_MON]   task=AMP_LEDS_ERR     stack_free_min=7232
[MEM_MON]   task=ipc0             stack_free_min=532
[MEM_MON]   task=ipc1             stack_free_min=536
[MEM_MON]   task=httpd            stack_free_min=2944
[MEM_MON]   task=sys_evt          stack_free_min=1588
[MEM_MON]   task=esp_timer        stack_free_min=3632
[MEM_MON]   task=wifi             stack_free_min=4212
[MEM_MON]   task=main             stack_free_min=1192
[MEM_MON]   task=daemon           stack_free_min=2128
[MEM_MON] heap_free=85584 heap_min_free=75508 internal_free=85584
[MEM_MON]   task=MEM_MONITOR      stack_free_min=884
[MEM_MON]   task=IDLE0            stack_free_min=748
[MEM_MON]   task=IDLE1            stack_free_min=756
[MEM_MON]   task=BLINK_TESTS      stack_free_min=6816
[MEM_MON]   task=LED_PANEL        stack_free_min=7216
[MEM_MON]   task=button_task      stack_free_min=6716
[MEM_MON]   task=READ_AMPOULES    stack_free_min=6648
[MEM_MON]   task=BUZZER_ALARM     stack_free_min=4420
[MEM_MON]   task=BUZZER_ALERT     stack_free_min=4424
[MEM_MON]   task=PRINT_TST        stack_free_min=7020
[MEM_MON]   task=TASK_CHECK_TST_  stack_free_min=7500
[MEM_MON]   task=tiT              stack_free_min=1468
[MEM_MON]   task=READ_AMPOULES_T  stack_free_min=6856
[MEM_MON]   task=PRINT_CHECK      stack_free_min=6852
[MEM_MON]   task=check_heat_temp  stack_free_min=2976
[MEM_MON]   task=button_event     stack_free_min=7188
[MEM_MON]   task=check_temperatu  stack_free_min=3984
[MEM_MON]   task=Tmr Svc          stack_free_min=2348
[MEM_MON]   task=BLINK_HEATER     stack_free_min=6904
[MEM_MON]   task=HEATER_FAIL      stack_free_min=4368
[MEM_MON]   task=AMP_LEDS_TST     stack_free_min=7240
[MEM_MON]   task=AMP_LEDS_ERR     stack_free_min=7232
[MEM_MON]   task=ipc0             stack_free_min=532
[MEM_MON]   task=ipc1             stack_free_min=536
[MEM_MON]   task=httpd            stack_free_min=2944
[MEM_MON]   task=sys_evt          stack_free_min=1588
[MEM_MON]   task=main             stack_free_min=1192
[MEM_MON]   task=esp_timer        stack_free_min=3632
[MEM_MON]   task=wifi             stack_free_min=4212
[MEM_MON]   task=daemon           stack_free_min=2128
[MEM_MON]   task=class            stack_free_min=2136
[MEM_MON] heap_free=85584 heap_min_free=75508 internal_free=85584
[MEM_MON]   task=MEM_MONITOR      stack_free_min=884
[MEM_MON]   task=IDLE1            stack_free_min=756
[MEM_MON]   task=IDLE0            stack_free_min=748
[MEM_MON]   task=TASK_CHECK_TST_  stack_free_min=7500
[MEM_MON]   task=BLINK_TESTS      stack_free_min=6736
[MEM_MON]   task=LED_PANEL        stack_free_min=7216
[MEM_MON]   task=tiT              stack_free_min=1468
[MEM_MON]   task=READ_AMPOULES    stack_free_min=6648
[MEM_MON]   task=PRINT_TST        stack_free_min=7020
[MEM_MON]   task=BLINK_HEATER     stack_free_min=6904
[MEM_MON]   task=READ_AMPOULES_T  stack_free_min=6856
[MEM_MON]   task=PRINT_CHECK      stack_free_min=6852
[MEM_MON]   task=check_temperatu  stack_free_min=3984
[MEM_MON]   task=BUZZER_ALARM     stack_free_min=4420
[MEM_MON]   task=BUZZER_ALERT     stack_free_min=4424
[MEM_MON]   task=button_event     stack_free_min=7188
[MEM_MON]   task=check_heat_temp  stack_free_min=2976
[MEM_MON]   task=Tmr Svc          stack_free_min=2348
[MEM_MON]   task=button_task      stack_free_min=6716
[MEM_MON]   task=AMP_LEDS_TST     stack_free_min=7240
[MEM_MON]   task=AMP_LEDS_ERR     stack_free_min=7232
[MEM_MON]   task=ipc0             stack_free_min=532
[MEM_MON]   task=ipc1             stack_free_min=536
[MEM_MON]   task=httpd            stack_free_min=2944
[MEM_MON]   task=sys_evt          stack_free_min=1588
[MEM_MON]   task=main             stack_free_min=1192
[MEM_MON]   task=daemon           stack_free_min=2128
[MEM_MON]   task=esp_timer        stack_free_min=3632
[MEM_MON]   task=wifi             stack_free_min=4212
[MEM_MON]   task=class            stack_free_min=2136
[MEM_MON]   task=HEATER_FAIL      stack_free_min=4368
[MEM_MON] heap_free=85584 heap_min_free=75508 internal_free=85584
[MEM_MON]   task=MEM_MONITOR      stack_free_min=884
[MEM_MON]   task=IDLE1            stack_free_min=756
[MEM_MON]   task=IDLE0            stack_free_min=748
[MEM_MON]   task=button_task      stack_free_min=6716
[MEM_MON]   task=BLINK_TESTS      stack_free_min=6736
[MEM_MON]   task=READ_AMPOULES    stack_free_min=6648
[MEM_MON]   task=check_temperatu  stack_free_min=3984
[MEM_MON]   task=BLINK_HEATER     stack_free_min=6904
[MEM_MON]   task=READ_AMPOULES_T  stack_free_min=6856
[MEM_MON]   task=PRINT_TST        stack_free_min=7020
[MEM_MON]   task=tiT              stack_free_min=1468
[MEM_MON]   task=PRINT_CHECK      stack_free_min=6852
[MEM_MON]   task=BUZZER_ALARM     stack_free_min=4420
[MEM_MON]   task=BUZZER_ALERT     stack_free_min=4424
[MEM_MON]   task=TASK_CHECK_TST_  stack_free_min=7500
[MEM_MON]   task=button_event     stack_free_min=7188
[MEM_MON]   task=check_heat_temp  stack_free_min=2976
[MEM_MON]   task=Tmr Svc          stack_free_min=2348
[MEM_MON]   task=LED_PANEL        stack_free_min=7216
[MEM_MON]   task=AMP_LEDS_ERR     stack_free_min=7232
[MEM_MON]   task=ipc0             stack_free_min=532
[MEM_MON]   task=ipc1             stack_free_min=536
[MEM_MON]   task=httpd            stack_free_min=2944
[MEM_MON]   task=sys_evt          stack_free_min=1588
[MEM_MON]   task=main             stack_free_min=1192
[MEM_MON]   task=daemon           stack_free_min=2128
[MEM_MON]   task=class            stack_free_min=2136
[MEM_MON]   task=esp_timer        stack_free_min=3632
[MEM_MON]   task=wifi             stack_free_min=4212
[MEM_MON]   task=HEATER_FAIL      stack_free_min=4368
[MEM_MON]   task=AMP_LEDS_TST     stack_free_min=7240
[MEM_MON] heap_free=85584 heap_min_free=75508 internal_free=85584
[MEM_MON]   task=MEM_MONITOR      stack_free_min=884
[MEM_MON]   task=IDLE1            stack_free_min=756
[MEM_MON]   task=IDLE0            stack_free_min=748
[MEM_MON]   task=LED_PANEL        stack_free_min=7216
[MEM_MON]   task=BLINK_TESTS      stack_free_min=6736
[MEM_MON]   task=READ_AMPOULES_T  stack_free_min=6856
[MEM_MON]   task=tiT              stack_free_min=1468
[MEM_MON]   task=PRINT_CHECK      stack_free_min=6852
[MEM_MON]   task=READ_AMPOULES    stack_free_min=6648
[MEM_MON]   task=PRINT_TST        stack_free_min=7020
[MEM_MON]   task=check_heat_temp  stack_free_min=2976
[MEM_MON]   task=BLINK_HEATER     stack_free_min=6904
[MEM_MON]   task=BUZZER_ALARM     stack_free_min=4420
[MEM_MON]   task=BUZZER_ALERT     stack_free_min=4424
[MEM_MON]   task=TASK_CHECK_TST_  stack_free_min=7500
[MEM_MON]   task=button_event     stack_free_min=7188
[MEM_MON]   task=check_temperatu  stack_free_min=3984
[MEM_MON]   task=Tmr Svc          stack_free_min=2348
[MEM_MON]   task=button_task      stack_free_min=6716
[MEM_MON]   task=ipc0             stack_free_min=532
[MEM_MON]   task=ipc1             stack_free_min=536
[MEM_MON]   task=httpd            stack_free_min=2944
[MEM_MON]   task=sys_evt          stack_free_min=1588
[MEM_MON]   task=main             stack_free_min=1192
[MEM_MON]   task=daemon           stack_free_min=2128
[MEM_MON]   task=class            stack_free_min=2136
[MEM_MON]   task=HEATER_FAIL      stack_free_min=4368
[MEM_MON]   task=esp_timer        stack_free_min=3632
[MEM_MON]   task=wifi             stack_free_min=4212
[MEM_MON]   task=AMP_LEDS_TST     stack_free_min=7240
[MEM_MON]   task=AMP_LEDS_ERR     stack_free_min=7232

[0;31mE (227647) HEATER: Temperatura: 26.000[0m
[0;31mE (227647) HEATER: Funcoes Habilitadas: Não[0m
[0;31mE (227647) HEATER: Esta em teste: Nao[0m
[0;31mE (227647) HEATER: Temperatura estabilizada: Nao[0m
[0;31mE (227647) HEATER: Temperatura no Range > 53.0 e < 68.0: Nao[0m

[0;32mI (227657) HEATER: AGUARDE: Temperatura de aquecimento atual: 26.000[0m
[MEM_MON] heap_free=85404 heap_min_free=75508 internal_free=85404
[MEM_MON]   task=MEM_MONITOR      stack_free_min=884
[MEM_MON]   task=IDLE0            stack_free_min=748
[MEM_MON]   task=IDLE1            stack_free_min=756
[MEM_MON]   task=PRINT_CHECK      stack_free_min=6852
[MEM_MON]   task=LED_PANEL        stack_free_min=7216
[MEM_MON]   task=BLINK_TESTS      stack_free_min=6736
[MEM_MON]   task=READ_AMPOULES    stack_free_min=6648
[MEM_MON]   task=PRINT_TST        stack_free_min=7020
[MEM_MON]   task=BLINK_HEATER     stack_free_min=6904
[MEM_MON]   task=BUZZER_ALARM     stack_free_min=4420
[MEM_MON]   task=BUZZER_ALERT     stack_free_min=4424
[MEM_MON]   task=TASK_CHECK_TST_  stack_free_min=7500
[MEM_MON]   task=button_event     stack_free_min=7188
[MEM_MON]   task=READ_AMPOULES_T  stack_free_min=6856
[MEM_MON]   task=button_task      stack_free_min=6716
[MEM_MON]   task=check_heat_temp  stack_free_min=2976
[MEM_MON]   task=check_temperatu  stack_free_min=3984
[MEM_MON]   task=Tmr Svc          stack_free_min=2348
[MEM_MON]   task=tiT              stack_free_min=1468
[MEM_MON]   task=ipc1             stack_free_min=536
[MEM_MON]   task=httpd            stack_free_min=2944
[MEM_MON]   task=sys_evt          stack_free_min=1588
[MEM_MON]   task=main             stack_free_min=1192
[MEM_MON]   task=daemon           stack_free_min=2128
[MEM_MON]   task=class            stack_free_min=2136
[MEM_MON]   task=HEATER_FAIL      stack_free_min=4368
[MEM_MON]   task=AMP_LEDS_TST     stack_free_min=7240
[MEM_MON]   task=esp_timer        stack_free_min=3632
[MEM_MON]   task=wifi             stack_free_min=4212
[MEM_MON]   task=AMP_LEDS_ERR     stack_free_min=7232
[MEM_MON]   task=ipc0             stack_free_min=532
[MEM_MON] heap_free=85584 heap_min_free=75508 internal_free=85584
[MEM_MON]   task=MEM_MONITOR      stack_free_min=884
[MEM_MON]   task=IDLE1            stack_free_min=756
[MEM_MON]   task=IDLE0            stack_free_min=748
[MEM_MON]   task=READ_AMPOULES    stack_free_min=6648
[MEM_MON]   task=LED_PANEL        stack_free_min=7216
[MEM_MON]   task=BLINK_TESTS      stack_free_min=6736
[MEM_MON]   task=BLINK_HEATER     stack_free_min=6904
[MEM_MON]   task=BUZZER_ALARM     stack_free_min=4420
[MEM_MON]   task=BUZZER_ALERT     stack_free_min=4424
[MEM_MON]   task=PRINT_TST        stack_free_min=7020
[MEM_MON]   task=TASK_CHECK_TST_  stack_free_min=7500
[MEM_MON]   task=tiT              stack_free_min=1468
[MEM_MON]   task=button_event     stack_free_min=7188
[MEM_MON]   task=READ_AMPOULES_T  stack_free_min=6856
[MEM_MON]   task=PRINT_CHECK      stack_free_min=6852
[MEM_MON]   task=check_heat_temp  stack_free_min=2976
[MEM_MON]   task=check_temperatu  stack_free_min=3984
[MEM_MON]   task=Tmr Svc          stack_free_min=2348
[MEM_MON]   task=button_task      stack_free_min=6716
[MEM_MON]   task=httpd            stack_free_min=2944
[MEM_MON]   task=sys_evt          stack_free_min=1588
[MEM_MON]   task=main             stack_free_min=1192
[MEM_MON]   task=daemon           stack_free_min=2128
[MEM_MON]   task=class            stack_free_min=2136
[MEM_MON]   task=HEATER_FAIL      stack_free_min=4368
[MEM_MON]   task=AMP_LEDS_TST     stack_free_min=7240
[MEM_MON]   task=AMP_LEDS_ERR     stack_free_min=7232
[MEM_MON]   task=esp_timer        stack_free_min=3632
[MEM_MON]   task=wifi             stack_free_min=4212
[MEM_MON]   task=ipc0             stack_free_min=532
[MEM_MON]   task=ipc1             stack_free_min=536
[MEM_MON] heap_free=85584 heap_min_free=75508 internal_free=85584
[MEM_MON]   task=MEM_MONITOR      stack_free_min=884
[MEM_MON]   task=IDLE1            stack_free_min=756
[MEM_MON]   task=IDLE0            stack_free_min=748
[MEM_MON]   task=READ_AMPOULES    stack_free_min=6648
[MEM_MON]   task=BLINK_HEATER     stack_free_min=6904
[MEM_MON]   task=BLINK_TESTS      stack_free_min=6736
[MEM_MON]   task=BUZZER_ALARM     stack_free_min=4420
[MEM_MON]   task=BUZZER_ALERT     stack_free_min=4424
[MEM_MON]   task=LED_PANEL        stack_free_min=7216
[MEM_MON]   task=TASK_CHECK_TST_  stack_free_min=7500
[MEM_MON]   task=tiT              stack_free_min=1468
[MEM_MON]   task=PRINT_TST        stack_free_min=7020
[MEM_MON]   task=check_temperatu  stack_free_min=3984
[MEM_MON]   task=READ_AMPOULES_T  stack_free_min=6856
[MEM_MON]   task=button_event     stack_free_min=7188
[MEM_MON]   task=PRINT_CHECK      stack_free_min=6852
[MEM_MON]   task=check_heat_temp  stack_free_min=2976
[MEM_MON]   task=Tmr Svc          stack_free_min=2348
[MEM_MON]   task=button_task      stack_free_min=6716
[MEM_MON]   task=sys_evt          stack_free_min=1588
[MEM_MON]   task=main             stack_free_min=1192
[MEM_MON]   task=daemon           stack_free_min=2128
[MEM_MON]   task=class            stack_free_min=2136
[MEM_MON]   task=HEATER_FAIL      stack_free_min=4368
[MEM_MON]   task=AMP_LEDS_TST     stack_free_min=7240
[MEM_MON]   task=AMP_LEDS_ERR     stack_free_min=7232
[MEM_MON]   task=ipc0             stack_free_min=532
[MEM_MON]   task=esp_timer        stack_free_min=3632
[MEM_MON]   task=wifi             stack_free_min=4212
[MEM_MON]   task=ipc1             stack_free_min=536
[MEM_MON]   task=httpd            stack_free_min=2944
[MEM_MON] heap_free=85584 heap_min_free=75508 internal_free=85584
[MEM_MON]   task=MEM_MONITOR      stack_free_min=884
[MEM_MON]   task=IDLE1            stack_free_min=756
[MEM_MON]   task=IDLE0            stack_free_min=748
[MEM_MON]   task=PRINT_TST        stack_free_min=7020
[MEM_MON]   task=BUZZER_ALARM     stack_free_min=4420
[MEM_MON]   task=BUZZER_ALERT     stack_free_min=4424
[MEM_MON]   task=READ_AMPOULES    stack_free_min=6648
[MEM_MON]   task=TASK_CHECK_TST_  stack_free_min=7500
[MEM_MON]   task=BLINK_TESTS      stack_free_min=6736
[MEM_MON]   task=tiT              stack_free_min=1468
[MEM_MON]   task=check_temperatu  stack_free_min=3984
[MEM_MON]   task=LED_PANEL        stack_free_min=7216
[MEM_MON]   task=BLINK_HEATER     stack_free_min=6904
[MEM_MON]   task=READ_AMPOULES_T  stack_free_min=6856
[MEM_MON]   task=PRINT_CHECK      stack_free_min=6852
[MEM_MON]   task=button_event     stack_free_min=7188
[MEM_MON]   task=check_heat_temp  stack_free_min=2976
[MEM_MON]   task=Tmr Svc          stack_free_min=2348
[MEM_MON]   task=button_task      stack_free_min=6716
[MEM_MON]   task=main             stack_free_min=1192
[MEM_MON]   task=daemon           stack_free_min=2128
[MEM_MON]   task=class            stack_free_min=2136
[MEM_MON]   task=HEATER_FAIL      stack_free_min=4368
[MEM_MON]   task=AMP_LEDS_TST     stack_free_min=7240
[MEM_MON]   task=AMP_LEDS_ERR     stack_free_min=7232
[MEM_MON]   task=ipc0             stack_free_min=532
[MEM_MON]   task=ipc1             stack_free_min=536
[MEM_MON]   task=esp_timer        stack_free_min=3632
[MEM_MON]   task=wifi             stack_free_min=4212
[MEM_MON]   task=httpd            stack_free_min=2944
[MEM_MON]   task=sys_evt          stack_free_min=1588
[MEM_MON] heap_free=85584 heap_min_free=75508 internal_free=85584
[MEM_MON]   task=MEM_MONITOR      stack_free_min=884
[MEM_MON]   task=IDLE1            stack_free_min=756
[MEM_MON]   task=IDLE0            stack_free_min=748
[MEM_MON]   task=button_task      stack_free_min=6716
[MEM_MON]   task=TASK_CHECK_TST_  stack_free_min=7500
[MEM_MON]   task=tiT              stack_free_min=1468
[MEM_MON]   task=READ_AMPOULES    stack_free_min=6648
[MEM_MON]   task=BLINK_TESTS      stack_free_min=6736
[MEM_MON]   task=BLINK_HEATER     stack_free_min=6904
[MEM_MON]   task=LED_PANEL        stack_free_min=7216
[MEM_MON]   task=READ_AMPOULES_T  stack_free_min=6856
[MEM_MON]   task=PRINT_CHECK      stack_free_min=6852
[MEM_MON]   task=button_event     stack_free_min=7188
[MEM_MON]   task=BUZZER_ALARM     stack_free_min=4420
[MEM_MON]   task=BUZZER_ALERT     stack_free_min=4424
[MEM_MON]   task=check_heat_temp  stack_free_min=2976
[MEM_MON]   task=check_temperatu  stack_free_min=3984
[MEM_MON]   task=Tmr Svc          stack_free_min=2348
[MEM_MON]   task=PRINT_TST        stack_free_min=7020
[MEM_MON]   task=daemon           stack_free_min=2128
[MEM_MON]   task=class            stack_free_min=2136
[MEM_MON]   task=HEATER_FAIL      stack_free_min=4368
[MEM_MON]   task=AMP_LEDS_TST     stack_free_min=7240
[MEM_MON]   task=AMP_LEDS_ERR     stack_free_min=7232
[MEM_MON]   task=ipc0             stack_free_min=532
[MEM_MON]   task=ipc1             stack_free_min=536
[MEM_MON]   task=httpd            stack_free_min=2944
[MEM_MON]   task=esp_timer        stack_free_min=3632
[MEM_MON]   task=wifi             stack_free_min=4212
[MEM_MON]   task=sys_evt          stack_free_min=1588
[MEM_MON]   task=main             stack_free_min=1192
[MEM_MON] heap_free=85404 heap_min_free=75508 internal_free=85404
[MEM_MON]   task=MEM_MONITOR      stack_free_min=884
[MEM_MON]   task=IDLE0            stack_free_min=748
[MEM_MON]   task=IDLE1            stack_free_min=756
[MEM_MON]   task=BLINK_TESTS      stack_free_min=6736
[MEM_MON]   task=READ_AMPOULES_T  stack_free_min=6856
[MEM_MON]   task=READ_AMPOULES    stack_free_min=6648
[MEM_MON]   task=tiT              stack_free_min=1468
[MEM_MON]   task=PRINT_CHECK      stack_free_min=6852
[MEM_MON]   task=LED_PANEL        stack_free_min=7216
[MEM_MON]   task=check_heat_temp  stack_free_min=2976
[MEM_MON]   task=button_event     stack_free_min=7188
[MEM_MON]   task=BLINK_HEATER     stack_free_min=6904
[MEM_MON]   task=BUZZER_ALARM     stack_free_min=4420
[MEM_MON]   task=BUZZER_ALERT     stack_free_min=4424
[MEM_MON]   task=TASK_CHECK_TST_  stack_free_min=7500
[MEM_MON]   task=button_task      stack_free_min=6716
[MEM_MON]   task=check_temperatu  stack_free_min=3984
[MEM_MON]   task=Tmr Svc          stack_free_min=2348
[MEM_MON]   task=PRINT_TST        stack_free_min=7020
[MEM_MON]   task=class            stack_free_min=2136
[MEM_MON]   task=HEATER_FAIL      stack_free_min=4368
[MEM_MON]   task=AMP_LEDS_TST     stack_free_min=7240
[MEM_MON]   task=AMP_LEDS_ERR     stack_free_min=7232
[MEM_MON]   task=ipc0             stack_free_min=532
[MEM_MON]   task=ipc1             stack_free_min=536
[MEM_MON]   task=httpd            stack_free_min=2944
[MEM_MON]   task=sys_evt          stack_free_min=1588
[MEM_MON]   task=esp_timer        stack_free_min=3632
[MEM_MON]   task=wifi             stack_free_min=4212
[MEM_MON]   task=main             stack_free_min=1192
[MEM_MON]   task=daemon           stack_free_min=2128

[0;31mE (234667) HEATER: Temperatura: 26.000[0m
[0;31mE (234667) HEATER: Funcoes Habilitadas: Não[0m
[0;31mE (234667) HEATER: Esta em teste: Nao[0m
[0;31mE (234667) HEATER: Temperatura estabilizada: Nao[0m
[0;31mE (234667) HEATER: Temperatura no Range > 53.0 e < 68.0: Nao[0m

[0;32mI (234677) HEATER: AGUARDE: Temperatura de aquecimento atual: 26.000[0m
[MEM_MON] heap_free=85584 heap_min_free=75508 internal_free=85584
[MEM_MON]   task=MEM_MONITOR      stack_free_min=884
[MEM_MON]   task=IDLE1            stack_free_min=756
[MEM_MON]   task=IDLE0            stack_free_min=748
[MEM_MON]   task=LED_PANEL        stack_free_min=7216
[MEM_MON]   task=button_task      stack_free_min=6716
[MEM_MON]   task=READ_AMPOULES    stack_free_min=6648
[MEM_MON]   task=READ_AMPOULES_T  stack_free_min=6856
[MEM_MON]   task=PRINT_TST        stack_free_min=7020
[MEM_MON]   task=tiT              stack_free_min=1468
[MEM_MON]   task=PRINT_CHECK      stack_free_min=6852
[MEM_MON]   task=button_event     stack_free_min=7188
[MEM_MON]   task=BLINK_HEATER     stack_free_min=6904
[MEM_MON]   task=BUZZER_ALARM     stack_free_min=4420
[MEM_MON]   task=BUZZER_ALERT     stack_free_min=4424
[MEM_MON]   task=TASK_CHECK_TST_  stack_free_min=7500
[MEM_MON]   task=check_temperatu  stack_free_min=3984
[MEM_MON]   task=check_heat_temp  stack_free_min=2976
[MEM_MON]   task=Tmr Svc          stack_free_min=2348
[MEM_MON]   task=BLINK_TESTS      stack_free_min=6736
[MEM_MON]   task=HEATER_FAIL      stack_free_min=4368
[MEM_MON]   task=AMP_LEDS_TST     stack_free_min=7240
[MEM_MON]   task=AMP_LEDS_ERR     stack_free_min=7232
[MEM_MON]   task=ipc0             stack_free_min=532
[MEM_MON]   task=ipc1             stack_free_min=536
[MEM_MON]   task=httpd            stack_free_min=2944
[MEM_MON]   task=sys_evt          stack_free_min=1588
[MEM_MON]   task=main             stack_free_min=1192
[MEM_MON]   task=esp_timer        stack_free_min=3632
[MEM_MON]   task=wifi             stack_free_min=4212
[MEM_MON]   task=daemon           stack_free_min=2128
[MEM_MON]   task=class            stack_free_min=2136
[MEM_MON] heap_free=85584 heap_min_free=75508 internal_free=85584
[MEM_MON]   task=MEM_MONITOR      stack_free_min=884
[MEM_MON]   task=IDLE1            stack_free_min=756
[MEM_MON]   task=IDLE0            stack_free_min=748
[MEM_MON]   task=BLINK_TESTS      stack_free_min=6736
[MEM_MON]   task=LED_PANEL        stack_free_min=7216
[MEM_MON]   task=tiT              stack_free_min=1468
[MEM_MON]   task=PRINT_CHECK      stack_free_min=6852
[MEM_MON]   task=READ_AMPOULES    stack_free_min=6648
[MEM_MON]   task=PRINT_TST        stack_free_min=7020
[MEM_MON]   task=BLINK_HEATER     stack_free_min=6904
[MEM_MON]   task=BUZZER_ALARM     stack_free_min=4420
[MEM_MON]   task=BUZZER_ALERT     stack_free_min=4424
[MEM_MON]   task=button_event     stack_free_min=7188
[MEM_MON]   task=TASK_CHECK_TST_  stack_free_min=7500
[MEM_MON]   task=check_temperatu  stack_free_min=3984
[MEM_MON]   task=READ_AMPOULES_T  stack_free_min=6856
[MEM_MON]   task=check_heat_temp  stack_free_min=2976
[MEM_MON]   task=Tmr Svc          stack_free_min=2348
[MEM_MON]   task=button_task      stack_free_min=6716
[MEM_MON]   task=AMP_LEDS_TST     stack_free_min=7240
[MEM_MON]   task=AMP_LEDS_ERR     stack_free_min=7232
[MEM_MON]   task=ipc0             stack_free_min=532
[MEM_MON]   task=ipc1             stack_free_min=536
[MEM_MON]   task=httpd            stack_free_min=2944
[MEM_MON]   task=sys_evt          stack_free_min=1588
[MEM_MON]   task=main             stack_free_min=1192
[MEM_MON]   task=daemon           stack_free_min=2128
[MEM_MON]   task=esp_timer        stack_free_min=3632
[MEM_MON]   task=wifi             stack_free_min=4212
[MEM_MON]   task=class            stack_free_min=2136
[MEM_MON]   task=HEATER_FAIL      stack_free_min=4368
[MEM_MON] heap_free=85584 heap_min_free=75508 internal_free=85584
[MEM_MON]   task=MEM_MONITOR      stack_free_min=884
[MEM_MON]   task=IDLE1            stack_free_min=756
[MEM_MON]   task=IDLE0            stack_free_min=748
[MEM_MON]   task=BLINK_TESTS      stack_free_min=6736
[MEM_MON]   task=button_task      stack_free_min=6716
[MEM_MON]   task=check_heat_temp  stack_free_min=2976
[MEM_MON]   task=READ_AMPOULES    stack_free_min=6648
[MEM_MON]   task=PRINT_TST        stack_free_min=7020
[MEM_MON]   task=BLINK_HEATER     stack_free_min=6904
[MEM_MON]   task=check_temperatu  stack_free_min=3984
[MEM_MON]   task=BUZZER_ALARM     stack_free_min=4420
[MEM_MON]   task=BUZZER_ALERT     stack_free_min=4424
[MEM_MON]   task=TASK_CHECK_TST_  stack_free_min=7500
[MEM_MON]   task=button_event     stack_free_min=7188
[MEM_MON]   task=tiT              stack_free_min=1468
[MEM_MON]   task=READ_AMPOULES_T  stack_free_min=6856
[MEM_MON]   task=PRINT_CHECK      stack_free_min=6852
[MEM_MON]   task=Tmr Svc          stack_free_min=2348
[MEM_MON]   task=LED_PANEL        stack_free_min=7216
[MEM_MON]   task=AMP_LEDS_ERR     stack_free_min=7232
[MEM_MON]   task=ipc0             stack_free_min=532
[MEM_MON]   task=ipc1             stack_free_min=536
[MEM_MON]   task=httpd            stack_free_min=2944
[MEM_MON]   task=sys_evt          stack_free_min=1588
[MEM_MON]   task=main             stack_free_min=1192
[MEM_MON]   task=daemon           stack_free_min=2128
[MEM_MON]   task=class            stack_free_min=2136
[MEM_MON]   task=esp_timer        stack_free_min=3632
[MEM_MON]   task=wifi             stack_free_min=4212
[MEM_MON]   task=HEATER_FAIL      stack_free_min=4368
[MEM_MON]   task=AMP_LEDS_TST     stack_free_min=7240

[0;31mE (237907) HEATER: Temperatura: 26.000[0m
[0;31mE (237907) HEATER: Funcoes Habilitadas: Não[0m
[0;31mE (237907) HEATER: Esta em teste: Nao[0m
[0;31mE (237907) HEATER: Temperatura estabilizada: Nao[0m
[0;31mE (237907) HEATER: Temperatura no Range > 53.0 e < 68.0: Nao[0m

[0;32mI (237917) HEATER: AGUARDE: Temperatura de aquecimento atual: 26.000[0m
[MEM_MON] heap_free=85584 heap_min_free=75508 internal_free=85584
[MEM_MON]   task=MEM_MONITOR      stack_free_min=884
[MEM_MON]   task=IDLE1            stack_free_min=756
[MEM_MON]   task=IDLE0            stack_free_min=748
[MEM_MON]   task=LED_PANEL        stack_free_min=7216
[MEM_MON]   task=BLINK_HEATER     stack_free_min=6904
[MEM_MON]   task=READ_AMPOULES    stack_free_min=6648
[MEM_MON]   task=BUZZER_ALARM     stack_free_min=4420
[MEM_MON]   task=BUZZER_ALERT     stack_free_min=4424
[MEM_MON]   task=BLINK_TESTS      stack_free_min=6736
[MEM_MON]   task=PRINT_TST        stack_free_min=7020
[MEM_MON]   task=TASK_CHECK_TST_  stack_free_min=7500
[MEM_MON]   task=tiT              stack_free_min=1468
[MEM_MON]   task=button_event     stack_free_min=7188
[MEM_MON]   task=READ_AMPOULES_T  stack_free_min=6856
[MEM_MON]   task=PRINT_CHECK      stack_free_min=6852
[MEM_MON]   task=check_heat_temp  stack_free_min=2976
[MEM_MON]   task=check_temperatu  stack_free_min=3984
[MEM_MON]   task=Tmr Svc          stack_free_min=2348
[MEM_MON]   task=button_task      stack_free_min=6716
[MEM_MON]   task=ipc0             stack_free_min=532
[MEM_MON]   task=ipc1             stack_free_min=536
[MEM_MON]   task=httpd            stack_free_min=2944
[MEM_MON]   task=sys_evt          stack_free_min=1588
[MEM_MON]   task=main             stack_free_min=1192
[MEM_MON]   task=daemon           stack_free_min=2128
[MEM_MON]   task=class            stack_free_min=2136
[MEM_MON]   task=HEATER_FAIL      stack_free_min=4368
[MEM_MON]   task=esp_timer        stack_free_min=3632
[MEM_MON]   task=wifi             stack_free_min=4212
[MEM_MON]   task=AMP_LEDS_TST     stack_free_min=7240
[MEM_MON]   task=AMP_LEDS_ERR     stack_free_min=7232
[MEM_MON] heap_free=85404 heap_min_free=75508 internal_free=85404
[MEM_MON]   task=MEM_MONITOR      stack_free_min=884
[MEM_MON]   task=IDLE0            stack_free_min=748
[MEM_MON]   task=IDLE1            stack_free_min=756
[MEM_MON]   task=BLINK_HEATER     stack_free_min=6904
[MEM_MON]   task=BUZZER_ALARM     stack_free_min=4420
[MEM_MON]   task=BUZZER_ALERT     stack_free_min=4424
[MEM_MON]   task=LED_PANEL        stack_free_min=7216
[MEM_MON]   task=TASK_CHECK_TST_  stack_free_min=7500
[MEM_MON]   task=tiT              stack_free_min=1468
[MEM_MON]   task=READ_AMPOULES    stack_free_min=6648
[MEM_MON]   task=PRINT_TST        stack_free_min=7020
[MEM_MON]   task=button_event     stack_free_min=7188
[MEM_MON]   task=READ_AMPOULES_T  stack_free_min=6856
[MEM_MON]   task=PRINT_CHECK      stack_free_min=6852
[MEM_MON]   task=button_task      stack_free_min=6716
[MEM_MON]   task=check_heat_temp  stack_free_min=2976
[MEM_MON]   task=check_temperatu  stack_free_min=3984
[MEM_MON]   task=Tmr Svc          stack_free_min=2348
[MEM_MON]   task=BLINK_TESTS      stack_free_min=6736
[MEM_MON]   task=ipc1             stack_free_min=536
[MEM_MON]   task=httpd            stack_free_min=2944
[MEM_MON]   task=sys_evt          stack_free_min=1588
[MEM_MON]   task=main             stack_free_min=1192
[MEM_MON]   task=daemon           stack_free_min=2128
[MEM_MON]   task=class            stack_free_min=2136
[MEM_MON]   task=HEATER_FAIL      stack_free_min=4368
[MEM_MON]   task=AMP_LEDS_TST     stack_free_min=7240
[MEM_MON]   task=esp_timer        stack_free_min=3632
[MEM_MON]   task=wifi             stack_free_min=4212
[MEM_MON]   task=AMP_LEDS_ERR     stack_free_min=7232
[MEM_MON]   task=ipc0             stack_free_min=532
[MEM_MON] heap_free=85584 heap_min_free=75508 internal_free=85584
[MEM_MON]   task=MEM_MONITOR      stack_free_min=884
[MEM_MON]   task=IDLE0            stack_free_min=748
[MEM_MON]   task=IDLE1            stack_free_min=756
[MEM_MON]   task=READ_AMPOULES    stack_free_min=6648
[MEM_MON]   task=TASK_CHECK_TST_  stack_free_min=7500
[MEM_MON]   task=BLINK_TESTS      stack_free_min=6736
[MEM_MON]   task=tiT              stack_free_min=1468
[MEM_MON]   task=LED_PANEL        stack_free_min=7216
[MEM_MON]   task=button_event     stack_free_min=7188
[MEM_MON]   task=READ_AMPOULES_T  stack_free_min=6856
[MEM_MON]   task=BLINK_HEATER     stack_free_min=6904
[MEM_MON]   task=PRINT_TST        stack_free_min=7020
[MEM_MON]   task=PRINT_CHECK      stack_free_min=6852
[MEM_MON]   task=check_heat_temp  stack_free_min=2976
[MEM_MON]   task=BUZZER_ALARM     stack_free_min=4420
[MEM_MON]   task=BUZZER_ALERT     stack_free_min=4424
[MEM_MON]   task=check_temperatu  stack_free_min=3984
[MEM_MON]   task=Tmr Svc          stack_free_min=2348
[MEM_MON]   task=button_task      stack_free_min=6716
[MEM_MON]   task=httpd            stack_free_min=2944
[MEM_MON]   task=sys_evt          stack_free_min=1588
[MEM_MON]   task=main             stack_free_min=1192
[MEM_MON]   task=daemon           stack_free_min=2128
[MEM_MON]   task=class            stack_free_min=2136
[MEM_MON]   task=HEATER_FAIL      stack_free_min=4368
[MEM_MON]   task=AMP_LEDS_TST     stack_free_min=7240
[MEM_MON]   task=AMP_LEDS_ERR     stack_free_min=7232
[MEM_MON]   task=wifi             stack_free_min=4212
[MEM_MON]   task=esp_timer        stack_free_min=3632
[MEM_MON]   task=ipc0             stack_free_min=532
[MEM_MON]   task=ipc1             stack_free_min=536
[MEM_MON] heap_free=85584 heap_min_free=75508 internal_free=85584
[MEM_MON]   task=MEM_MONITOR      stack_free_min=884
[MEM_MON]   task=IDLE1            stack_free_min=756
[MEM_MON]   task=IDLE0            stack_free_min=748
[MEM_MON]   task=BLINK_TESTS      stack_free_min=6736
[MEM_MON]   task=READ_AMPOULES    stack_free_min=6648
[MEM_MON]   task=LED_PANEL        stack_free_min=7216
[MEM_MON]   task=READ_AMPOULES_T  stack_free_min=6856
[MEM_MON]   task=BLINK_HEATER     stack_free_min=6904
[MEM_MON]   task=button_event     stack_free_min=7188
[MEM_MON]   task=tiT              stack_free_min=1468
[MEM_MON]   task=PRINT_CHECK      stack_free_min=6852
[MEM_MON]   task=PRINT_TST        stack_free_min=7020
[MEM_MON]   task=check_temperatu  stack_free_min=3984
[MEM_MON]   task=BUZZER_ALARM     stack_free_min=4420
[MEM_MON]   task=BUZZER_ALERT     stack_free_min=4424
[MEM_MON]   task=TASK_CHECK_TST_  stack_free_min=7500
[MEM_MON]   task=check_heat_temp  stack_free_min=2976
[MEM_MON]   task=Tmr Svc          stack_free_min=2348
[MEM_MON]   task=button_task      stack_free_min=6716
[MEM_MON]   task=sys_evt          stack_free_min=1588
[MEM_MON]   task=main             stack_free_min=1192
[MEM_MON]   task=daemon           stack_free_min=2128
[MEM_MON]   task=class            stack_free_min=2136
[MEM_MON]   task=HEATER_FAIL      stack_free_min=4368
[MEM_MON]   task=AMP_LEDS_TST     stack_free_min=7240
[MEM_MON]   task=AMP_LEDS_ERR     stack_free_min=7232
[MEM_MON]   task=ipc0             stack_free_min=532
[MEM_MON]   task=esp_timer        stack_free_min=3632
[MEM_MON]   task=wifi             stack_free_min=4212
[MEM_MON]   task=ipc1             stack_free_min=536
[MEM_MON]   task=httpd            stack_free_min=2944
[MEM_MON] heap_free=85584 heap_min_free=75508 internal_free=85584
[MEM_MON]   task=MEM_MONITOR      stack_free_min=884
[MEM_MON]   task=IDLE1            stack_free_min=756
[MEM_MON]   task=IDLE0            stack_free_min=748
[MEM_MON]   task=PRINT_TST        stack_free_min=7020
[MEM_MON]   task=BLINK_TESTS      stack_free_min=6736
[MEM_MON]   task=READ_AMPOULES_T  stack_free_min=6856
[MEM_MON]   task=READ_AMPOULES    stack_free_min=6648
[MEM_MON]   task=tiT              stack_free_min=1468
[MEM_MON]   task=PRINT_CHECK      stack_free_min=6852
[MEM_MON]   task=button_event     stack_free_min=7188
[MEM_MON]   task=LED_PANEL        stack_free_min=7216
[MEM_MON]   task=check_temperatu  stack_free_min=3984
[MEM_MON]   task=BLINK_HEATER     stack_free_min=6904
[MEM_MON]   task=BUZZER_ALARM     stack_free_min=4420
[MEM_MON]   task=BUZZER_ALERT     stack_free_min=4424
[MEM_MON]   task=TASK_CHECK_TST_  stack_free_min=7500
[MEM_MON]   task=check_heat_temp  stack_free_min=2976
[MEM_MON]   task=Tmr Svc          stack_free_min=2348
[MEM_MON]   task=button_task      stack_free_min=6716
[MEM_MON]   task=main             stack_free_min=1192
[MEM_MON]   task=daemon           stack_free_min=2128
[MEM_MON]   task=class            stack_free_min=2136
[MEM_MON]   task=HEATER_FAIL      stack_free_min=4368
[MEM_MON]   task=AMP_LEDS_TST     stack_free_min=7240
[MEM_MON]   task=AMP_LEDS_ERR     stack_free_min=7232
[MEM_MON]   task=ipc0             stack_free_min=532
[MEM_MON]   task=ipc1             stack_free_min=536
[MEM_MON]   task=esp_timer        stack_free_min=3632
[MEM_MON]   task=wifi             stack_free_min=4212
[MEM_MON]   task=httpd            stack_free_min=2944
[MEM_MON]   task=sys_evt          stack_free_min=1588
[MEM_MON] heap_free=85584 heap_min_free=75508 internal_free=85584
[MEM_MON]   task=MEM_MONITOR      stack_free_min=884
[MEM_MON]   task=IDLE1            stack_free_min=756
[MEM_MON]   task=IDLE0            stack_free_min=748
[MEM_MON]   task=button_task      stack_free_min=6716
[MEM_MON]   task=tiT              stack_free_min=1468
[MEM_MON]   task=PRINT_CHECK      stack_free_min=6852
[MEM_MON]   task=BLINK_TESTS      stack_free_min=6736
[MEM_MON]   task=READ_AMPOULES    stack_free_min=6648
[MEM_MON]   task=button_event     stack_free_min=7188
[MEM_MON]   task=LED_PANEL        stack_free_min=7216
[MEM_MON]   task=BLINK_HEATER     stack_free_min=6904
[MEM_MON]   task=check_heat_temp  stack_free_min=2976
[MEM_MON]   task=BUZZER_ALARM     stack_free_min=4420
[MEM_MON]   task=BUZZER_ALERT     stack_free_min=4424
[MEM_MON]   task=TASK_CHECK_TST_  stack_free_min=7500
[MEM_MON]   task=READ_AMPOULES_T  stack_free_min=6856
[MEM_MON]   task=check_temperatu  stack_free_min=3984
[MEM_MON]   task=Tmr Svc          stack_free_min=2348
[MEM_MON]   task=PRINT_TST        stack_free_min=7020
[MEM_MON]   task=daemon           stack_free_min=2128
[MEM_MON]   task=class            stack_free_min=2136
[MEM_MON]   task=HEATER_FAIL      stack_free_min=4368
[MEM_MON]   task=AMP_LEDS_TST     stack_free_min=7240
[MEM_MON]   task=AMP_LEDS_ERR     stack_free_min=7232
[MEM_MON]   task=ipc0             stack_free_min=532
[MEM_MON]   task=ipc1             stack_free_min=536
[MEM_MON]   task=httpd            stack_free_min=2944
[MEM_MON]   task=esp_timer        stack_free_min=3632
[MEM_MON]   task=wifi             stack_free_min=4212
[MEM_MON]   task=sys_evt          stack_free_min=1588
[MEM_MON]   task=main             stack_free_min=1192

[0;31mE (244927) HEATER: Temperatura: 26.000[0m
[0;31mE (244927) HEATER: Funcoes Habilitadas: Não[0m
[0;31mE (244927) HEATER: Esta em teste: Nao[0m
[0;31mE (244927) HEATER: Temperatura estabilizada: Nao[0m
[0;31mE (244927) HEATER: Temperatura no Range > 53.0 e < 68.0: Nao[0m

[0;32mI (244937) HEATER: AGUARDE: Temperatura de aquecimento atual: 26.000[0m
[MEM_MON] heap_free=85404 heap_min_free=75508 internal_free=85404
[MEM_MON]   task=MEM_MONITOR      stack_free_min=884
[MEM_MON]   task=IDLE1            stack_free_min=756
[MEM_MON]   task=IDLE0            stack_free_min=748
[MEM_MON]   task=BLINK_TESTS      stack_free_min=6736
[MEM_MON]   task=button_event     stack_free_min=7188
[MEM_MON]   task=BLINK_HEATER     stack_free_min=6904
[MEM_MON]   task=BUZZER_ALARM     stack_free_min=4420
[MEM_MON]   task=BUZZER_ALERT     stack_free_min=4424
[MEM_MON]   task=LED_PANEL        stack_free_min=7216
[MEM_MON]   task=TASK_CHECK_TST_  stack_free_min=7500
[MEM_MON]   task=tiT              stack_free_min=1468
[MEM_MON]   task=READ_AMPOULES_T  stack_free_min=6856
[MEM_MON]   task=PRINT_CHECK      stack_free_min=6852
[MEM_MON]   task=READ_AMPOULES    stack_free_min=6648
[MEM_MON]   task=button_task      stack_free_min=6716
[MEM_MON]   task=check_heat_temp  stack_free_min=2976
[MEM_MON]   task=check_temperatu  stack_free_min=3984
[MEM_MON]   task=Tmr Svc          stack_free_min=2348
[MEM_MON]   task=PRINT_TST        stack_free_min=7020
[MEM_MON]   task=class            stack_free_min=2136
[MEM_MON]   task=HEATER_FAIL      stack_free_min=4368
[MEM_MON]   task=AMP_LEDS_TST     stack_free_min=7240
[MEM_MON]   task=AMP_LEDS_ERR     stack_free_min=7232
[MEM_MON]   task=ipc0             stack_free_min=532
[MEM_MON]   task=ipc1             stack_free_min=536
[MEM_MON]   task=httpd            stack_free_min=2944
[MEM_MON]   task=sys_evt          stack_free_min=1588
[MEM_MON]   task=wifi             stack_free_min=4212
[MEM_MON]   task=esp_timer        stack_free_min=3632
[MEM_MON]   task=main             stack_free_min=1192
[MEM_MON]   task=daemon           stack_free_min=2128
[MEM_MON] heap_free=85584 heap_min_free=75508 internal_free=85584
[MEM_MON]   task=MEM_MONITOR      stack_free_min=884
[MEM_MON]   task=IDLE1            stack_free_min=756
[MEM_MON]   task=IDLE0            stack_free_min=748
[MEM_MON]   task=button_task      stack_free_min=6716
[MEM_MON]   task=READ_AMPOULES    stack_free_min=6648
[MEM_MON]   task=PRINT_TST        stack_free_min=7020
[MEM_MON]   task=button_event     stack_free_min=7188
[MEM_MON]   task=BLINK_TESTS      stack_free_min=6736
[MEM_MON]   task=BLINK_HEATER     stack_free_min=6904
[MEM_MON]   task=BUZZER_ALARM     stack_free_min=4420
[MEM_MON]   task=BUZZER_ALERT     stack_free_min=4424
[MEM_MON]   task=TASK_CHECK_TST_  stack_free_min=7500
[MEM_MON]   task=tiT              stack_free_min=1468
[MEM_MON]   task=READ_AMPOULES_T  stack_free_min=6856
[MEM_MON]   task=PRINT_CHECK      stack_free_min=6852
[MEM_MON]   task=check_heat_temp  stack_free_min=2976
[MEM_MON]   task=check_temperatu  stack_free_min=3984
[MEM_MON]   task=Tmr Svc          stack_free_min=2348
[MEM_MON]   task=LED_PANEL        stack_free_min=7216
[MEM_MON]   task=HEATER_FAIL      stack_free_min=4368
[MEM_MON]   task=AMP_LEDS_TST     stack_free_min=7240
[MEM_MON]   task=AMP_LEDS_ERR     stack_free_min=7232
[MEM_MON]   task=ipc0             stack_free_min=532
[MEM_MON]   task=ipc1             stack_free_min=536
[MEM_MON]   task=httpd            stack_free_min=2944
[MEM_MON]   task=sys_evt          stack_free_min=1588
[MEM_MON]   task=main             stack_free_min=1192
[MEM_MON]   task=esp_timer        stack_free_min=3632
[MEM_MON]   task=wifi             stack_free_min=4212
[MEM_MON]   task=daemon           stack_free_min=2128
[MEM_MON]   task=class            stack_free_min=2136
[MEM_MON] heap_free=85584 heap_min_free=75508 internal_free=85584
[MEM_MON]   task=MEM_MONITOR      stack_free_min=884
[MEM_MON]   task=IDLE1            stack_free_min=756
[MEM_MON]   task=IDLE0            stack_free_min=748
[MEM_MON]   task=LED_PANEL        stack_free_min=7216
[MEM_MON]   task=check_heat_temp  stack_free_min=2976
[MEM_MON]   task=READ_AMPOULES    stack_free_min=6648
[MEM_MON]   task=BUZZER_ALARM     stack_free_min=4420
[MEM_MON]   task=BUZZER_ALERT     stack_free_min=4424
[MEM_MON]   task=button_event     stack_free_min=7188
[MEM_MON]   task=PRINT_TST        stack_free_min=7020
[MEM_MON]   task=TASK_CHECK_TST_  stack_free_min=7500
[MEM_MON]   task=BLINK_TESTS      stack_free_min=6736
[MEM_MON]   task=tiT              stack_free_min=1468
[MEM_MON]   task=READ_AMPOULES_T  stack_free_min=6856
[MEM_MON]   task=BLINK_HEATER     stack_free_min=6904
[MEM_MON]   task=PRINT_CHECK      stack_free_min=6852
[MEM_MON]   task=check_temperatu  stack_free_min=3984
[MEM_MON]   task=Tmr Svc          stack_free_min=2348
[MEM_MON]   task=button_task      stack_free_min=6716
[MEM_MON]   task=AMP_LEDS_TST     stack_free_min=7240
[MEM_MON]   task=AMP_LEDS_ERR     stack_free_min=7232
[MEM_MON]   task=ipc0             stack_free_min=532
[MEM_MON]   task=ipc1             stack_free_min=536
[MEM_MON]   task=httpd            stack_free_min=2944
[MEM_MON]   task=sys_evt          stack_free_min=1588
[MEM_MON]   task=main             stack_free_min=1192
[MEM_MON]   task=daemon           stack_free_min=2128
[MEM_MON]   task=esp_timer        stack_free_min=3632
[MEM_MON]   task=wifi             stack_free_min=4212
[MEM_MON]   task=class            stack_free_min=2136
[MEM_MON]   task=HEATER_FAIL      stack_free_min=4368
[MEM_MON] heap_free=85236 heap_min_free=75508 internal_free=85236
[MEM_MON]   task=MEM_MONITOR      stack_free_min=884
[MEM_MON]   task=IDLE0            stack_free_min=748
[MEM_MON]   task=IDLE1            stack_free_min=756
[MEM_MON]   task=BUZZER_ALERT     stack_free_min=4424
[MEM_MON]   task=LED_PANEL        stack_free_min=7216
[MEM_MON]   task=button_task      stack_free_min=6716
[MEM_MON]   task=TASK_CHECK_TST_  stack_free_min=7500
[MEM_MON]   task=button_event     stack_free_min=7188
[MEM_MON]   task=tiT              stack_free_min=1468
[MEM_MON]   task=READ_AMPOULES    stack_free_min=6648
[MEM_MON]   task=BLINK_TESTS      stack_free_min=6736
[MEM_MON]   task=PRINT_TST        stack_free_min=7020
[MEM_MON]   task=READ_AMPOULES_T  stack_free_min=6856
[MEM_MON]   task=check_temperatu  stack_free_min=3984
[MEM_MON]   task=BLINK_HEATER     stack_free_min=6904
[MEM_MON]   task=PRINT_CHECK      stack_free_min=6852
[MEM_MON]   task=check_heat_temp  stack_free_min=2976
[MEM_MON]   task=Tmr Svc          stack_free_min=2348
[MEM_MON]   task=BUZZER_ALARM     stack_free_min=4420
[MEM_MON]   task=AMP_LEDS_ERR     stack_free_min=7232
[MEM_MON]   task=ipc0             stack_free_min=532
[MEM_MON]   task=ipc1             stack_free_min=536
[MEM_MON]   task=httpd            stack_free_min=2944
[MEM_MON]   task=sys_evt          stack_free_min=1588
[MEM_MON]   task=main             stack_free_min=1192
[MEM_MON]   task=daemon           stack_free_min=2128
[MEM_MON]   task=class            stack_free_min=2136
[MEM_MON]   task=esp_timer        stack_free_min=3632
[MEM_MON]   task=wifi             stack_free_min=4212
[MEM_MON]   task=HEATER_FAIL      stack_free_min=4368
[MEM_MON]   task=AMP_LEDS_TST     stack_free_min=7240
[MEM_MON] heap_free=85584 heap_min_free=75508 internal_free=85584
[MEM_MON]   task=MEM_MONITOR      stack_free_min=884
[MEM_MON]   task=IDLE1            stack_free_min=756
[MEM_MON]   task=IDLE0            stack_free_min=748
[MEM_MON]   task=button_task      stack_free_min=6716
[MEM_MON]   task=button_event     stack_free_min=7188
[MEM_MON]   task=LED_PANEL        stack_free_min=7216
[MEM_MON]   task=READ_AMPOULES    stack_free_min=6648
[MEM_MON]   task=BLINK_TESTS      stack_free_min=6736
[MEM_MON]   task=READ_AMPOULES_T  stack_free_min=6856
[MEM_MON]   task=PRINT_TST        stack_free_min=7020
[MEM_MON]   task=PRINT_CHECK      stack_free_min=6852
[MEM_MON]   task=BLINK_HEATER     stack_free_min=6904
[MEM_MON]   task=BUZZER_ALARM     stack_free_min=4420
[MEM_MON]   task=BUZZER_ALERT     stack_free_min=4424
[MEM_MON]   task=TASK_CHECK_TST_  stack_free_min=7500
[MEM_MON]   task=check_heat_temp  stack_free_min=2976
[MEM_MON]   task=check_temperatu  stack_free_min=3984
[MEM_MON]   task=Tmr Svc          stack_free_min=2348
[MEM_MON]   task=tiT              stack_free_min=1468
[MEM_MON]   task=ipc0             stack_free_min=532
[MEM_MON]   task=ipc1             stack_free_min=536
[MEM_MON]   task=httpd            stack_free_min=2944
[MEM_MON]   task=sys_evt          stack_free_min=1588
[MEM_MON]   task=main             stack_free_min=1192
[MEM_MON]   task=daemon           stack_free_min=2128
[MEM_MON]   task=class            stack_free_min=2136
[MEM_MON]   task=HEATER_FAIL      stack_free_min=4368
[MEM_MON]   task=esp_timer        stack_free_min=3632
[MEM_MON]   task=wifi             stack_free_min=4212
[MEM_MON]   task=AMP_LEDS_TST     stack_free_min=7240
[MEM_MON]   task=AMP_LEDS_ERR     stack_free_min=7232
[MEM_MON] heap_free=85404 heap_min_free=75508 internal_free=85404
[MEM_MON]   task=MEM_MONITOR      stack_free_min=884
[MEM_MON]   task=IDLE1            stack_free_min=756
[MEM_MON]   task=IDLE0            stack_free_min=748
[MEM_MON]   task=button_event     stack_free_min=7188
[MEM_MON]   task=BLINK_TESTS      stack_free_min=6736
[MEM_MON]   task=LED_PANEL        stack_free_min=7216
[MEM_MON]   task=READ_AMPOULES_T  stack_free_min=6856
[MEM_MON]   task=tiT              stack_free_min=1468
[MEM_MON]   task=PRINT_CHECK      stack_free_min=6852
[MEM_MON]   task=PRINT_TST        stack_free_min=7020
[MEM_MON]   task=BLINK_HEATER     stack_free_min=6904
[MEM_MON]   task=check_heat_temp  stack_free_min=2976
[MEM_MON]   task=BUZZER_ALARM     stack_free_min=4420
[MEM_MON]   task=BUZZER_ALERT     stack_free_min=4424
[MEM_MON]   task=TASK_CHECK_TST_  stack_free_min=7500
[MEM_MON]   task=button_task      stack_free_min=6716
[MEM_MON]   task=check_temperatu  stack_free_min=3984
[MEM_MON]   task=Tmr Svc          stack_free_min=2348
[MEM_MON]   task=READ_AMPOULES    stack_free_min=6648
[MEM_MON]   task=ipc1             stack_free_min=536
[MEM_MON]   task=httpd            stack_free_min=2944
[MEM_MON]   task=sys_evt          stack_free_min=1588
[MEM_MON]   task=main             stack_free_min=1192
[MEM_MON]   task=daemon           stack_free_min=2128
[MEM_MON]   task=class            stack_free_min=2136
[MEM_MON]   task=HEATER_FAIL      stack_free_min=4368
[MEM_MON]   task=AMP_LEDS_TST     stack_free_min=7240
[MEM_MON]   task=esp_timer        stack_free_min=3632
[MEM_MON]   task=wifi             stack_free_min=4212
[MEM_MON]   task=AMP_LEDS_ERR     stack_free_min=7232
[MEM_MON]   task=ipc0             stack_free_min=532

[0;31mE (251947) HEATER: Temperatura: 26.000[0m
[0;31mE (251947) HEATER: Funcoes Habilitadas: Não[0m
[0;31mE (251947) HEATER: Esta em teste: Nao[0m
[0;31mE (251947) HEATER: Temperatura estabilizada: Nao[0m
[0;31mE (251947) HEATER: Temperatura no Range > 53.0 e < 68.0: Nao[0m

[0;32mI (251957) HEATER: AGUARDE: Temperatura de aquecimento atual: 26.000[0m
[MEM_MON] heap_free=85584 heap_min_free=75508 internal_free=85584
[MEM_MON]   task=MEM_MONITOR      stack_free_min=884
[MEM_MON]   task=IDLE1            stack_free_min=756
[MEM_MON]   task=IDLE0            stack_free_min=748
[MEM_MON]   task=READ_AMPOULES_T  stack_free_min=6856
[MEM_MON]   task=READ_AMPOULES    stack_free_min=6648
[MEM_MON]   task=button_event     stack_free_min=7188
[MEM_MON]   task=tiT              stack_free_min=1468
[MEM_MON]   task=PRINT_CHECK      stack_free_min=6852
[MEM_MON]   task=BLINK_TESTS      stack_free_min=6736
[MEM_MON]   task=LED_PANEL        stack_free_min=7216
[MEM_MON]   task=PRINT_TST        stack_free_min=7020
[MEM_MON]   task=BLINK_HEATER     stack_free_min=6904
[MEM_MON]   task=BUZZER_ALARM     stack_free_min=4420
[MEM_MON]   task=BUZZER_ALERT     stack_free_min=4424
[MEM_MON]   task=TASK_CHECK_TST_  stack_free_min=7500
[MEM_MON]   task=check_temperatu  stack_free_min=3984
[MEM_MON]   task=check_heat_temp  stack_free_min=2976
[MEM_MON]   task=Tmr Svc          stack_free_min=2348
[MEM_MON]   task=button_task      stack_free_min=6716
[MEM_MON]   task=httpd            stack_free_min=2944
[MEM_MON]   task=sys_evt          stack_free_min=1588
[MEM_MON]   task=main             stack_free_min=1192
[MEM_MON]   task=daemon           stack_free_min=2128
[MEM_MON]   task=class            stack_free_min=2136
[MEM_MON]   task=HEATER_FAIL      stack_free_min=4368
[MEM_MON]   task=AMP_LEDS_TST     stack_free_min=7240
[MEM_MON]   task=AMP_LEDS_ERR     stack_free_min=7232
[MEM_MON]   task=esp_timer        stack_free_min=3632
[MEM_MON]   task=wifi             stack_free_min=4212
[MEM_MON]   task=ipc0             stack_free_min=532
[MEM_MON]   task=ipc1             stack_free_min=536
[MEM_MON] heap_free=85584 heap_min_free=75508 internal_free=85584
[MEM_MON]   task=MEM_MONITOR      stack_free_min=884
[MEM_MON]   task=IDLE1            stack_free_min=756
[MEM_MON]   task=IDLE0            stack_free_min=748
[MEM_MON]   task=button_task      stack_free_min=6716
[MEM_MON]   task=button_event     stack_free_min=7188
[MEM_MON]   task=READ_AMPOULES    stack_free_min=6648
[MEM_MON]   task=LED_PANEL        stack_free_min=7216
[MEM_MON]   task=BLINK_TESTS      stack_free_min=6736
[MEM_MON]   task=BLINK_HEATER     stack_free_min=6904
[MEM_MON]   task=BUZZER_ALARM     stack_free_min=4420
[MEM_MON]   task=BUZZER_ALERT     stack_free_min=4424
[MEM_MON]   task=PRINT_TST        stack_free_min=7020
[MEM_MON]   task=TASK_CHECK_TST_  stack_free_min=7500
[MEM_MON]   task=tiT              stack_free_min=1468
[MEM_MON]   task=READ_AMPOULES_T  stack_free_min=6856
[MEM_MON]   task=check_temperatu  stack_free_min=3984
[MEM_MON]   task=check_heat_temp  stack_free_min=2976
[MEM_MON]   task=Tmr Svc          stack_free_min=2348
[MEM_MON]   task=PRINT_CHECK      stack_free_min=6852
[MEM_MON]   task=sys_evt          stack_free_min=1588
[MEM_MON]   task=main             stack_free_min=1192
[MEM_MON]   task=daemon           stack_free_min=2128
[MEM_MON]   task=class            stack_free_min=2136
[MEM_MON]   task=HEATER_FAIL      stack_free_min=4368
[MEM_MON]   task=AMP_LEDS_TST     stack_free_min=7240
[MEM_MON]   task=AMP_LEDS_ERR     stack_free_min=7232
[MEM_MON]   task=ipc0             stack_free_min=532
[MEM_MON]   task=wifi             stack_free_min=4212
[MEM_MON]   task=esp_timer        stack_free_min=3632
[MEM_MON]   task=ipc1             stack_free_min=536
[MEM_MON]   task=httpd            stack_free_min=2944
[MEM_MON] heap_free=85584 heap_min_free=75508 internal_free=85584
[MEM_MON]   task=MEM_MONITOR      stack_free_min=884
[MEM_MON]   task=IDLE1            stack_free_min=756
[MEM_MON]   task=IDLE0            stack_free_min=748
[MEM_MON]   task=BLINK_TESTS      stack_free_min=6736
[MEM_MON]   task=button_task      stack_free_min=6716
[MEM_MON]   task=PRINT_TST        stack_free_min=7020
[MEM_MON]   task=READ_AMPOULES    stack_free_min=6648
[MEM_MON]   task=check_heat_temp  stack_free_min=2976
[MEM_MON]   task=BUZZER_ALARM     stack_free_min=4420
[MEM_MON]   task=BUZZER_ALERT     stack_free_min=4424
[MEM_MON]   task=LED_PANEL        stack_free_min=7216
[MEM_MON]   task=TASK_CHECK_TST_  stack_free_min=7500
[MEM_MON]   task=tiT              stack_free_min=1468
[MEM_MON]   task=check_temperatu  stack_free_min=3984
[MEM_MON]   task=READ_AMPOULES_T  stack_free_min=6856
[MEM_MON]   task=BLINK_HEATER     stack_free_min=6904
[MEM_MON]   task=PRINT_CHECK      stack_free_min=6852
[MEM_MON]   task=Tmr Svc          stack_free_min=2348
[MEM_MON]   task=button_event     stack_free_min=7188
[MEM_MON]   task=main             stack_free_min=1192
[MEM_MON]   task=daemon           stack_free_min=2128
[MEM_MON]   task=class            stack_free_min=2136
[MEM_MON]   task=HEATER_FAIL      stack_free_min=4368
[MEM_MON]   task=AMP_LEDS_TST     stack_free_min=7240
[MEM_MON]   task=AMP_LEDS_ERR     stack_free_min=7232
[MEM_MON]   task=ipc0             stack_free_min=532
[MEM_MON]   task=ipc1             stack_free_min=536
[MEM_MON]   task=esp_timer        stack_free_min=3632
[MEM_MON]   task=wifi             stack_free_min=4212
[MEM_MON]   task=httpd            stack_free_min=2944
[MEM_MON]   task=sys_evt          stack_free_min=1588

[0;31mE (255187) HEATER: Temperatura: 26.000[0m
[0;31mE (255187) HEATER: Funcoes Habilitadas: Não[0m
[0;31mE (255187) HEATER: Esta em teste: Nao[0m
[0;31mE (255187) HEATER: Temperatura estabilizada: Nao[0m
[0;31mE (255187) HEATER: Temperatura no Range > 53.0 e < 68.0: Nao[0m

[0;32mI (255197) HEATER: AGUARDE: Temperatura de aquecimento atual: 26.000[0m
[MEM_MON] heap_free=85584 heap_min_free=75508 internal_free=85584
[MEM_MON]   task=MEM_MONITOR      stack_free_min=884
[MEM_MON]   task=IDLE1            stack_free_min=756
[MEM_MON]   task=IDLE0            stack_free_min=748
[MEM_MON]   task=button_task      stack_free_min=6716
[MEM_MON]   task=BUZZER_ALARM     stack_free_min=4420
[MEM_MON]   task=BUZZER_ALERT     stack_free_min=4424
[MEM_MON]   task=TASK_CHECK_TST_  stack_free_min=7500
[MEM_MON]   task=READ_AMPOULES    stack_free_min=6648
[MEM_MON]   task=BLINK_TESTS      stack_free_min=6736
[MEM_MON]   task=tiT              stack_free_min=1468
[MEM_MON]   task=LED_PANEL        stack_free_min=7216
[MEM_MON]   task=READ_AMPOULES_T  stack_free_min=6856
[MEM_MON]   task=BLINK_HEATER     stack_free_min=6904
[MEM_MON]   task=PRINT_CHECK      stack_free_min=6852
[MEM_MON]   task=button_event     stack_free_min=7188
[MEM_MON]   task=check_heat_temp  stack_free_min=2976
[MEM_MON]   task=check_temperatu  stack_free_min=3984
[MEM_MON]   task=Tmr Svc          stack_free_min=2348
[MEM_MON]   task=PRINT_TST        stack_free_min=7020
[MEM_MON]   task=daemon           stack_free_min=2128
[MEM_MON]   task=class            stack_free_min=2136
[MEM_MON]   task=HEATER_FAIL      stack_free_min=4368
[MEM_MON]   task=AMP_LEDS_TST     stack_free_min=7240
[MEM_MON]   task=AMP_LEDS_ERR     stack_free_min=7232
[MEM_MON]   task=ipc0             stack_free_min=532
[MEM_MON]   task=ipc1             stack_free_min=536
[MEM_MON]   task=httpd            stack_free_min=2944
[MEM_MON]   task=esp_timer        stack_free_min=3632
[MEM_MON]   task=wifi             stack_free_min=4212
[MEM_MON]   task=sys_evt          stack_free_min=1588
[MEM_MON]   task=main             stack_free_min=1192
[MEM_MON] heap_free=85404 heap_min_free=75508 internal_free=85404
[MEM_MON]   task=MEM_MONITOR      stack_free_min=884
[MEM_MON]   task=IDLE1            stack_free_min=756
[MEM_MON]   task=IDLE0            stack_free_min=748
[MEM_MON]   task=BUZZER_ALARM     stack_free_min=4420
[MEM_MON]   task=BUZZER_ALERT     stack_free_min=4424
[MEM_MON]   task=BLINK_TESTS      stack_free_min=6736
[MEM_MON]   task=PRINT_TST        stack_free_min=7020
[MEM_MON]   task=TASK_CHECK_TST_  stack_free_min=7500
[MEM_MON]   task=tiT              stack_free_min=1468
[MEM_MON]   task=LED_PANEL        stack_free_min=7216
[MEM_MON]   task=READ_AMPOULES_T  stack_free_min=6856
[MEM_MON]   task=BLINK_HEATER     stack_free_min=6904
[MEM_MON]   task=PRINT_CHECK      stack_free_min=6852
[MEM_MON]   task=button_event     stack_free_min=7188
[MEM_MON]   task=button_task      stack_free_min=6716
[MEM_MON]   task=check_heat_temp  stack_free_min=2976
[MEM_MON]   task=check_temperatu  stack_free_min=3984
[MEM_MON]   task=Tmr Svc          stack_free_min=2348
[MEM_MON]   task=READ_AMPOULES    stack_free_min=6648
[MEM_MON]   task=class            stack_free_min=2136
[MEM_MON]   task=HEATER_FAIL      stack_free_min=4368
[MEM_MON]   task=AMP_LEDS_TST     stack_free_min=7240
[MEM_MON]   task=AMP_LEDS_ERR     stack_free_min=7232
[MEM_MON]   task=ipc0             stack_free_min=532
[MEM_MON]   task=ipc1             stack_free_min=536
[MEM_MON]   task=httpd            stack_free_min=2944
[MEM_MON]   task=sys_evt          stack_free_min=1588
[MEM_MON]   task=esp_timer        stack_free_min=3632
[MEM_MON]   task=wifi             stack_free_min=4212
[MEM_MON]   task=main             stack_free_min=1192
[MEM_MON]   task=daemon           stack_free_min=2128
[MEM_MON] heap_free=85584 heap_min_free=75508 internal_free=85584
[MEM_MON]   task=MEM_MONITOR      stack_free_min=884
[MEM_MON]   task=IDLE0            stack_free_min=748
[MEM_MON]   task=IDLE1            stack_free_min=756
[MEM_MON]   task=button_task      stack_free_min=6716
[MEM_MON]   task=tiT              stack_free_min=1468
[MEM_MON]   task=READ_AMPOULES    stack_free_min=6648
[MEM_MON]   task=BLINK_TESTS      stack_free_min=6736
[MEM_MON]   task=check_heat_temp  stack_free_min=2976
[MEM_MON]   task=PRINT_TST        stack_free_min=7020
[MEM_MON]   task=READ_AMPOULES_T  stack_free_min=6856
[MEM_MON]   task=BLINK_HEATER     stack_free_min=6904
[MEM_MON]   task=PRINT_CHECK      stack_free_min=6852
[MEM_MON]   task=BUZZER_ALARM     stack_free_min=4420
[MEM_MON]   task=BUZZER_ALERT     stack_free_min=4424
[MEM_MON]   task=button_event     stack_free_min=7188
[MEM_MON]   task=TASK_CHECK_TST_  stack_free_min=7500
[MEM_MON]   task=check_temperatu  stack_free_min=3984
[MEM_MON]   task=Tmr Svc          stack_free_min=2348
[MEM_MON]   task=LED_PANEL        stack_free_min=7216
[MEM_MON]   task=HEATER_FAIL      stack_free_min=4368
[MEM_MON]   task=AMP_LEDS_TST     stack_free_min=7240
[MEM_MON]   task=AMP_LEDS_ERR     stack_free_min=7232
[MEM_MON]   task=ipc0             stack_free_min=532
[MEM_MON]   task=ipc1             stack_free_min=536
[MEM_MON]   task=httpd            stack_free_min=2944
[MEM_MON]   task=sys_evt          stack_free_min=1588
[MEM_MON]   task=main             stack_free_min=1192
[MEM_MON]   task=wifi             stack_free_min=4212
[MEM_MON]   task=esp_timer        stack_free_min=3632
[MEM_MON]   task=daemon           stack_free_min=2128
[MEM_MON]   task=class            stack_free_min=2136
[MEM_MON] heap_free=85584 heap_min_free=75508 internal_free=85584
[MEM_MON]   task=MEM_MONITOR      stack_free_min=884
[MEM_MON]   task=IDLE1            stack_free_min=756
[MEM_MON]   task=IDLE0            stack_free_min=748
[MEM_MON]   task=LED_PANEL        stack_free_min=7216
[MEM_MON]   task=READ_AMPOULES    stack_free_min=6648
[MEM_MON]   task=READ_AMPOULES_T  stack_free_min=6856
[MEM_MON]   task=PRINT_TST        stack_free_min=7020
[MEM_MON]   task=tiT              stack_free_min=1468
[MEM_MON]   task=PRINT_CHECK      stack_free_min=6852
[MEM_MON]   task=BLINK_TESTS      stack_free_min=6736
[MEM_MON]   task=BLINK_HEATER     stack_free_min=6904
[MEM_MON]   task=BUZZER_ALARM     stack_free_min=4420
[MEM_MON]   task=BUZZER_ALERT     stack_free_min=4424
[MEM_MON]   task=TASK_CHECK_TST_  stack_free_min=7500
[MEM_MON]   task=button_event     stack_free_min=7188
[MEM_MON]   task=check_temperatu  stack_free_min=3984
[MEM_MON]   task=check_heat_temp  stack_free_min=2976
[MEM_MON]   task=Tmr Svc          stack_free_min=2348
[MEM_MON]   task=button_task      stack_free_min=6716
[MEM_MON]   task=AMP_LEDS_TST     stack_free_min=7240
[MEM_MON]   task=AMP_LEDS_ERR     stack_free_min=7232
[MEM_MON]   task=ipc0             stack_free_min=532
[MEM_MON]   task=ipc1             stack_free_min=536
[MEM_MON]   task=httpd            stack_free_min=2944
[MEM_MON]   task=sys_evt          stack_free_min=1588
[MEM_MON]   task=main             stack_free_min=1192
[MEM_MON]   task=daemon           stack_free_min=2128
[MEM_MON]   task=esp_timer        stack_free_min=3632
[MEM_MON]   task=wifi             stack_free_min=4212
[MEM_MON]   task=class            stack_free_min=2136
[MEM_MON]   task=HEATER_FAIL      stack_free_min=4368
[MEM_MON] heap_free=85584 heap_min_free=75508 internal_free=85584
[MEM_MON]   task=MEM_MONITOR      stack_free_min=884
[MEM_MON]   task=IDLE1            stack_free_min=756
[MEM_MON]   task=IDLE0            stack_free_min=748
[MEM_MON]   task=button_task      stack_free_min=6716
[MEM_MON]   task=READ_AMPOULES_T  stack_free_min=6856
[MEM_MON]   task=BLINK_TESTS      stack_free_min=6736
[MEM_MON]   task=tiT              stack_free_min=1468
[MEM_MON]   task=PRINT_CHECK      stack_free_min=6852
[MEM_MON]   task=READ_AMPOULES    stack_free_min=6648
[MEM_MON]   task=PRINT_TST        stack_free_min=7020
[MEM_MON]   task=check_temperatu  stack_free_min=3984
[MEM_MON]   task=BLINK_HEATER     stack_free_min=6904
[MEM_MON]   task=BUZZER_ALARM     stack_free_min=4420
[MEM_MON]   task=BUZZER_ALERT     stack_free_min=4424
[MEM_MON]   task=TASK_CHECK_TST_  stack_free_min=7500
[MEM_MON]   task=button_event     stack_free_min=7188
[MEM_MON]   task=check_heat_temp  stack_free_min=2976
[MEM_MON]   task=Tmr Svc          stack_free_min=2348
[MEM_MON]   task=LED_PANEL        stack_free_min=7216
[MEM_MON]   task=AMP_LEDS_ERR     stack_free_min=7232
[MEM_MON]   task=ipc0             stack_free_min=532
[MEM_MON]   task=ipc1             stack_free_min=536
[MEM_MON]   task=httpd            stack_free_min=2944
[MEM_MON]   task=sys_evt          stack_free_min=1588
[MEM_MON]   task=main             stack_free_min=1192
[MEM_MON]   task=daemon           stack_free_min=2128
[MEM_MON]   task=class            stack_free_min=2136
[MEM_MON]   task=esp_timer        stack_free_min=3632
[MEM_MON]   task=wifi             stack_free_min=4212
[MEM_MON]   task=HEATER_FAIL      stack_free_min=4368
[MEM_MON]   task=AMP_LEDS_TST     stack_free_min=7240
[MEM_MON] heap_free=85584 heap_min_free=75508 internal_free=85584
[MEM_MON]   task=MEM_MONITOR      stack_free_min=884
[MEM_MON]   task=IDLE0            stack_free_min=748
[MEM_MON]   task=IDLE1            stack_free_min=756
[MEM_MON]   task=button_task      stack_free_min=6716
[MEM_MON]   task=LED_PANEL        stack_free_min=7216
[MEM_MON]   task=BLINK_TESTS      stack_free_min=6736
[MEM_MON]   task=READ_AMPOULES    stack_free_min=6648
[MEM_MON]   task=PRINT_TST        stack_free_min=7020
[MEM_MON]   task=BUZZER_ALARM     stack_free_min=4420
[MEM_MON]   task=BUZZER_ALERT     stack_free_min=4424
[MEM_MON]   task=TASK_CHECK_TST_  stack_free_min=7500
[MEM_MON]   task=tiT              stack_free_min=1468
[MEM_MON]   task=check_heat_temp  stack_free_min=2976
[MEM_MON]   task=button_event     stack_free_min=7188
[MEM_MON]   task=READ_AMPOULES_T  stack_free_min=6856
[MEM_MON]   task=BLINK_HEATER     stack_free_min=6904
[MEM_MON]   task=check_temperatu  stack_free_min=3984
[MEM_MON]   task=Tmr Svc          stack_free_min=2348
[MEM_MON]   task=PRINT_CHECK      stack_free_min=6852
[MEM_MON]   task=ipc0             stack_free_min=532
[MEM_MON]   task=ipc1             stack_free_min=536
[MEM_MON]   task=httpd            stack_free_min=2944
[MEM_MON]   task=sys_evt          stack_free_min=1588
[MEM_MON]   task=main             stack_free_min=1192
[MEM_MON]   task=daemon           stack_free_min=2128
[MEM_MON]   task=class            stack_free_min=2136
[MEM_MON]   task=HEATER_FAIL      stack_free_min=4368
[MEM_MON]   task=wifi             stack_free_min=4212
[MEM_MON]   task=esp_timer        stack_free_min=3632
[MEM_MON]   task=AMP_LEDS_TST     stack_free_min=7240
[MEM_MON]   task=AMP_LEDS_ERR     stack_free_min=7232

[0;31mE (262207) HEATER: Temperatura: 26.000[0m
[0;31mE (262207) HEATER: Funcoes Habilitadas: Não[0m
[0;31mE (262207) HEATER: Esta em teste: Nao[0m
[0;31mE (262207) HEATER: Temperatura estabilizada: Nao[0m
[0;31mE (262207) HEATER: Temperatura no Range > 53.0 e < 68.0: Nao[0m

[0;32mI (262217) HEATER: AGUARDE: Temperatura de aquecimento atual: 26.000[0m
[MEM_MON] heap_free=85404 heap_min_free=75508 internal_free=85404
[MEM_MON]   task=MEM_MONITOR      stack_free_min=884
[MEM_MON]   task=IDLE1            stack_free_min=756
[MEM_MON]   task=IDLE0            stack_free_min=748
[MEM_MON]   task=LED_PANEL        stack_free_min=7216
[MEM_MON]   task=BUZZER_ALARM     stack_free_min=4420
[MEM_MON]   task=BUZZER_ALERT     stack_free_min=4424
[MEM_MON]   task=PRINT_TST        stack_free_min=7020
[MEM_MON]   task=TASK_CHECK_TST_  stack_free_min=7500
[MEM_MON]   task=BLINK_TESTS      stack_free_min=6736
[MEM_MON]   task=tiT              stack_free_min=1468
[MEM_MON]   task=button_event     stack_free_min=7188
[MEM_MON]   task=READ_AMPOULES_T  stack_free_min=6856
[MEM_MON]   task=BLINK_HEATER     stack_free_min=6904
[MEM_MON]   task=PRINT_CHECK      stack_free_min=6852
[MEM_MON]   task=button_task      stack_free_min=6716
[MEM_MON]   task=check_heat_temp  stack_free_min=2976
[MEM_MON]   task=check_temperatu  stack_free_min=3984
[MEM_MON]   task=Tmr Svc          stack_free_min=2348
[MEM_MON]   task=READ_AMPOULES    stack_free_min=6648
[MEM_MON]   task=ipc1             stack_free_min=536
[MEM_MON]   task=httpd            stack_free_min=2944
[MEM_MON]   task=sys_evt          stack_free_min=1588
[MEM_MON]   task=main             stack_free_min=1192
[MEM_MON]   task=daemon           stack_free_min=2128
[MEM_MON]   task=class            stack_free_min=2136
[MEM_MON]   task=HEATER_FAIL      stack_free_min=4368
[MEM_MON]   task=AMP_LEDS_TST     stack_free_min=7240
[MEM_MON]   task=esp_timer        stack_free_min=3632
[MEM_MON]   task=wifi             stack_free_min=4212
[MEM_MON]   task=AMP_LEDS_ERR     stack_free_min=7232
[MEM_MON]   task=ipc0             stack_free_min=532
[MEM_MON] heap_free=85584 heap_min_free=75508 internal_free=85584
[MEM_MON]   task=MEM_MONITOR      stack_free_min=884
[MEM_MON]   task=IDLE1            stack_free_min=756
[MEM_MON]   task=IDLE0            stack_free_min=748
[MEM_MON]   task=READ_AMPOULES    stack_free_min=6648
[MEM_MON]   task=BUZZER_ALARM     stack_free_min=4420
[MEM_MON]   task=BUZZER_ALERT     stack_free_min=4424
[MEM_MON]   task=LED_PANEL        stack_free_min=7216
[MEM_MON]   task=BLINK_TESTS      stack_free_min=6736
[MEM_MON]   task=TASK_CHECK_TST_  stack_free_min=7500
[MEM_MON]   task=tiT              stack_free_min=1468
[MEM_MON]   task=PRINT_TST        stack_free_min=7020
[MEM_MON]   task=READ_AMPOULES_T  stack_free_min=6856
[MEM_MON]   task=BLINK_HEATER     stack_free_min=6904
[MEM_MON]   task=button_event     stack_free_min=7188
[MEM_MON]   task=PRINT_CHECK      stack_free_min=6852
[MEM_MON]   task=check_heat_temp  stack_free_min=2976
[MEM_MON]   task=check_temperatu  stack_free_min=3984
[MEM_MON]   task=Tmr Svc          stack_free_min=2348
[MEM_MON]   task=button_task      stack_free_min=6716
[MEM_MON]   task=httpd            stack_free_min=2944
[MEM_MON]   task=sys_evt          stack_free_min=1588
[MEM_MON]   task=main             stack_free_min=1192
[MEM_MON]   task=daemon           stack_free_min=2128
[MEM_MON]   task=class            stack_free_min=2136
[MEM_MON]   task=HEATER_FAIL      stack_free_min=4368
[MEM_MON]   task=AMP_LEDS_TST     stack_free_min=7240
[MEM_MON]   task=AMP_LEDS_ERR     stack_free_min=7232
[MEM_MON]   task=esp_timer        stack_free_min=3632
[MEM_MON]   task=wifi             stack_free_min=4212
[MEM_MON]   task=ipc0             stack_free_min=532
[MEM_MON]   task=ipc1             stack_free_min=536
[MEM_MON] heap_free=85584 heap_min_free=75508 internal_free=85584
[MEM_MON]   task=MEM_MONITOR      stack_free_min=884
[MEM_MON]   task=IDLE1            stack_free_min=756
[MEM_MON]   task=IDLE0            stack_free_min=748
[MEM_MON]   task=BUZZER_ALARM     stack_free_min=4420
[MEM_MON]   task=BUZZER_ALERT     stack_free_min=4424
[MEM_MON]   task=TASK_CHECK_TST_  stack_free_min=7500
[MEM_MON]   task=READ_AMPOULES    stack_free_min=6648
[MEM_MON]   task=tiT              stack_free_min=1468
[MEM_MON]   task=LED_PANEL        stack_free_min=7216
[MEM_MON]   task=BLINK_TESTS      stack_free_min=6736
[MEM_MON]   task=check_heat_temp  stack_free_min=2976
[MEM_MON]   task=READ_AMPOULES_T  stack_free_min=6856
[MEM_MON]   task=PRINT_TST        stack_free_min=7020
[MEM_MON]   task=BLINK_HEATER     stack_free_min=6904
[MEM_MON]   task=PRINT_CHECK      stack_free_min=6852
[MEM_MON]   task=button_event     stack_free_min=7188
[MEM_MON]   task=check_temperatu  stack_free_min=3984
[MEM_MON]   task=Tmr Svc          stack_free_min=2348
[MEM_MON]   task=button_task      stack_free_min=6716
[MEM_MON]   task=sys_evt          stack_free_min=1588
[MEM_MON]   task=main             stack_free_min=1192
[MEM_MON]   task=daemon           stack_free_min=2128
[MEM_MON]   task=class            stack_free_min=2136
[MEM_MON]   task=HEATER_FAIL      stack_free_min=4368
[MEM_MON]   task=AMP_LEDS_TST     stack_free_min=7240
[MEM_MON]   task=AMP_LEDS_ERR     stack_free_min=7232
[MEM_MON]   task=ipc0             stack_free_min=532
[MEM_MON]   task=esp_timer        stack_free_min=3632
[MEM_MON]   task=wifi             stack_free_min=4212
[MEM_MON]   task=ipc1             stack_free_min=536
[MEM_MON]   task=httpd            stack_free_min=2944
[MEM_MON] heap_free=85584 heap_min_free=75508 internal_free=85584
[MEM_MON]   task=MEM_MONITOR      stack_free_min=884
[MEM_MON]   task=IDLE1            stack_free_min=756
[MEM_MON]   task=IDLE0            stack_free_min=748
[MEM_MON]   task=button_task      stack_free_min=6716
[MEM_MON]   task=tiT              stack_free_min=1468
[MEM_MON]   task=PRINT_TST        stack_free_min=7020
[MEM_MON]   task=check_heat_temp  stack_free_min=2976
[MEM_MON]   task=READ_AMPOULES    stack_free_min=6648
[MEM_MON]   task=LED_PANEL        stack_free_min=7216
[MEM_MON]   task=READ_AMPOULES_T  stack_free_min=6856
[MEM_MON]   task=PRINT_CHECK      stack_free_min=6852
[MEM_MON]   task=button_event     stack_free_min=7188
[MEM_MON]   task=check_temperatu  stack_free_min=3984
[MEM_MON]   task=BLINK_HEATER     stack_free_min=6904
[MEM_MON]   task=BUZZER_ALARM     stack_free_min=4420
[MEM_MON]   task=BUZZER_ALERT     stack_free_min=4424
[MEM_MON]   task=TASK_CHECK_TST_  stack_free_min=7500
[MEM_MON]   task=Tmr Svc          stack_free_min=2348
[MEM_MON]   task=BLINK_TESTS      stack_free_min=6736
[MEM_MON]   task=main             stack_free_min=1192
[MEM_MON]   task=daemon           stack_free_min=2128
[MEM_MON]   task=class            stack_free_min=2136
[MEM_MON]   task=HEATER_FAIL      stack_free_min=4368
[MEM_MON]   task=AMP_LEDS_TST     stack_free_min=7240
[MEM_MON]   task=AMP_LEDS_ERR     stack_free_min=7232
[MEM_MON]   task=ipc0             stack_free_min=532
[MEM_MON]   task=ipc1             stack_free_min=536
[MEM_MON]   task=esp_timer        stack_free_min=3632
[MEM_MON]   task=wifi             stack_free_min=4212
[MEM_MON]   task=httpd            stack_free_min=2944
[MEM_MON]   task=sys_evt          stack_free_min=1588
[MEM_MON] heap_free=85584 heap_min_free=75508 internal_free=85584
[MEM_MON]   task=MEM_MONITOR      stack_free_min=884
[MEM_MON]   task=IDLE1            stack_free_min=756
[MEM_MON]   task=IDLE0            stack_free_min=748
[MEM_MON]   task=button_task      stack_free_min=6716
[MEM_MON]   task=BLINK_TESTS      stack_free_min=6736
[MEM_MON]   task=READ_AMPOULES_T  stack_free_min=6856
[MEM_MON]   task=READ_AMPOULES    stack_free_min=6648
[MEM_MON]   task=tiT              stack_free_min=1468
[MEM_MON]   task=PRINT_CHECK      stack_free_min=6852
[MEM_MON]   task=LED_PANEL        stack_free_min=7216
[MEM_MON]   task=button_event     stack_free_min=7188
[MEM_MON]   task=BLINK_HEATER     stack_free_min=6904
[MEM_MON]   task=BUZZER_ALARM     stack_free_min=4420
[MEM_MON]   task=BUZZER_ALERT     stack_free_min=4424
[MEM_MON]   task=TASK_CHECK_TST_  stack_free_min=7500
[MEM_MON]   task=check_heat_temp  stack_free_min=2976
[MEM_MON]   task=check_temperatu  stack_free_min=3984
[MEM_MON]   task=Tmr Svc          stack_free_min=2348
[MEM_MON]   task=PRINT_TST        stack_free_min=7020
[MEM_MON]   task=daemon           stack_free_min=2128
[MEM_MON]   task=class            stack_free_min=2136
[MEM_MON]   task=HEATER_FAIL      stack_free_min=4368
[MEM_MON]   task=AMP_LEDS_TST     stack_free_min=7240
[MEM_MON]   task=AMP_LEDS_ERR     stack_free_min=7232
[MEM_MON]   task=ipc0             stack_free_min=532
[MEM_MON]   task=ipc1             stack_free_min=536
[MEM_MON]   task=httpd            stack_free_min=2944
[MEM_MON]   task=esp_timer        stack_free_min=3632
[MEM_MON]   task=wifi             stack_free_min=4212
[MEM_MON]   task=sys_evt          stack_free_min=1588
[MEM_MON]   task=main             stack_free_min=1192
[MEM_MON] heap_free=85404 heap_min_free=75508 internal_free=85404
[MEM_MON]   task=MEM_MONITOR      stack_free_min=884
[MEM_MON]   task=IDLE1            stack_free_min=756
[MEM_MON]   task=IDLE0            stack_free_min=748
[MEM_MON]   task=READ_AMPOULES_T  stack_free_min=6856
[MEM_MON]   task=PRINT_TST        stack_free_min=7020
[MEM_MON]   task=BLINK_HEATER     stack_free_min=6904
[MEM_MON]   task=tiT              stack_free_min=1468
[MEM_MON]   task=PRINT_CHECK      stack_free_min=6852
[MEM_MON]   task=BLINK_TESTS      stack_free_min=6736
[MEM_MON]   task=LED_PANEL        stack_free_min=7216
[MEM_MON]   task=button_event     stack_free_min=7188
[MEM_MON]   task=BUZZER_ALARM     stack_free_min=4420
[MEM_MON]   task=BUZZER_ALERT     stack_free_min=4424
[MEM_MON]   task=TASK_CHECK_TST_  stack_free_min=7500
[MEM_MON]   task=check_heat_temp  stack_free_min=2976
[MEM_MON]   task=button_task      stack_free_min=6716
[MEM_MON]   task=check_temperatu  stack_free_min=3984
[MEM_MON]   task=Tmr Svc          stack_free_min=2348
[MEM_MON]   task=READ_AMPOULES    stack_free_min=6648
[MEM_MON]   task=class            stack_free_min=2136
[MEM_MON]   task=HEATER_FAIL      stack_free_min=4368
[MEM_MON]   task=AMP_LEDS_TST     stack_free_min=7240
[MEM_MON]   task=AMP_LEDS_ERR     stack_free_min=7232
[MEM_MON]   task=ipc0             stack_free_min=532
[MEM_MON]   task=ipc1             stack_free_min=536
[MEM_MON]   task=httpd            stack_free_min=2944
[MEM_MON]   task=sys_evt          stack_free_min=1588
[MEM_MON]   task=esp_timer        stack_free_min=3632
[MEM_MON]   task=wifi             stack_free_min=4212
[MEM_MON]   task=main             stack_free_min=1192
[MEM_MON]   task=daemon           stack_free_min=2128

[0;31mE (269227) HEATER: Temperatura: 26.000[0m
[0;31mE (269227) HEATER: Funcoes Habilitadas: Não[0m
[0;31mE (269227) HEATER: Esta em teste: Nao[0m
[0;31mE (269227) HEATER: Temperatura estabilizada: Nao[0m
[0;31mE (269227) HEATER: Temperatura no Range > 53.0 e < 68.0: Nao[0m

[0;32mI (269237) HEATER: AGUARDE: Temperatura de aquecimento atual: 26.000[0m
[MEM_MON] heap_free=85584 heap_min_free=75508 internal_free=85584
[MEM_MON]   task=MEM_MONITOR      stack_free_min=884
[MEM_MON]   task=IDLE1            stack_free_min=756
[MEM_MON]   task=IDLE0            stack_free_min=748
[MEM_MON]   task=LED_PANEL        stack_free_min=7216
[MEM_MON]   task=button_task      stack_free_min=6716
[MEM_MON]   task=tiT              stack_free_min=1468
[MEM_MON]   task=PRINT_CHECK      stack_free_min=6852
[MEM_MON]   task=READ_AMPOULES    stack_free_min=6648
[MEM_MON]   task=PRINT_TST        stack_free_min=7020
[MEM_MON]   task=BUZZER_ALARM     stack_free_min=4420
[MEM_MON]   task=BUZZER_ALERT     stack_free_min=4424
[MEM_MON]   task=button_event     stack_free_min=7188
[MEM_MON]   task=TASK_CHECK_TST_  stack_free_min=7500
[MEM_MON]   task=READ_AMPOULES_T  stack_free_min=6856
[MEM_MON]   task=BLINK_HEATER     stack_free_min=6904
[MEM_MON]   task=check_temperatu  stack_free_min=3984
[MEM_MON]   task=check_heat_temp  stack_free_min=2976
[MEM_MON]   task=Tmr Svc          stack_free_min=2348
[MEM_MON]   task=BLINK_TESTS      stack_free_min=6736
[MEM_MON]   task=HEATER_FAIL      stack_free_min=4368
[MEM_MON]   task=AMP_LEDS_TST     stack_free_min=7240
[MEM_MON]   task=AMP_LEDS_ERR     stack_free_min=7232
[MEM_MON]   task=ipc0             stack_free_min=532
[MEM_MON]   task=ipc1             stack_free_min=536
[MEM_MON]   task=httpd            stack_free_min=2944
[MEM_MON]   task=sys_evt          stack_free_min=1588
[MEM_MON]   task=main             stack_free_min=1192
[MEM_MON]   task=esp_timer        stack_free_min=3632
[MEM_MON]   task=wifi             stack_free_min=4212
[MEM_MON]   task=daemon           stack_free_min=2128
[MEM_MON]   task=class            stack_free_min=2136
[MEM_MON] heap_free=85584 heap_min_free=75508 internal_free=85584
[MEM_MON]   task=MEM_MONITOR      stack_free_min=884
[MEM_MON]   task=IDLE1            stack_free_min=756
[MEM_MON]   task=IDLE0            stack_free_min=748
[MEM_MON]   task=LED_PANEL        stack_free_min=7216
[MEM_MON]   task=READ_AMPOULES    stack_free_min=6648
[MEM_MON]   task=PRINT_TST        stack_free_min=7020
[MEM_MON]   task=BLINK_TESTS      stack_free_min=6736
[MEM_MON]   task=BUZZER_ALARM     stack_free_min=4420
[MEM_MON]   task=BUZZER_ALERT     stack_free_min=4424
[MEM_MON]   task=TASK_CHECK_TST_  stack_free_min=7500
[MEM_MON]   task=button_event     stack_free_min=7188
[MEM_MON]   task=tiT              stack_free_min=1468
[MEM_MON]   task=READ_AMPOULES_T  stack_free_min=6856
[MEM_MON]   task=BLINK_HEATER     stack_free_min=6904
[MEM_MON]   task=PRINT_CHECK      stack_free_min=6852
[MEM_MON]   task=check_temperatu  stack_free_min=3984
[MEM_MON]   task=check_heat_temp  stack_free_min=2976
[MEM_MON]   task=Tmr Svc          stack_free_min=2348
[MEM_MON]   task=button_task      stack_free_min=6716
[MEM_MON]   task=AMP_LEDS_TST     stack_free_min=7240
[MEM_MON]   task=AMP_LEDS_ERR     stack_free_min=7232
[MEM_MON]   task=ipc0             stack_free_min=532
[MEM_MON]   task=ipc1             stack_free_min=536
[MEM_MON]   task=httpd            stack_free_min=2944
[MEM_MON]   task=sys_evt          stack_free_min=1588
[MEM_MON]   task=main             stack_free_min=1192
[MEM_MON]   task=daemon           stack_free_min=2128
[MEM_MON]   task=esp_timer        stack_free_min=3632
[MEM_MON]   task=wifi             stack_free_min=4212
[MEM_MON]   task=class            stack_free_min=2136
[MEM_MON]   task=HEATER_FAIL      stack_free_min=4368
[MEM_MON] heap_free=85584 heap_min_free=75508 internal_free=85584
[MEM_MON]   task=MEM_MONITOR      stack_free_min=884
[MEM_MON]   task=IDLE1            stack_free_min=756
[MEM_MON]   task=IDLE0            stack_free_min=748
[MEM_MON]   task=BLINK_TESTS      stack_free_min=6736
[MEM_MON]   task=button_task      stack_free_min=6716
[MEM_MON]   task=READ_AMPOULES    stack_free_min=6648
[MEM_MON]   task=BUZZER_ALARM     stack_free_min=4420
[MEM_MON]   task=BUZZER_ALERT     stack_free_min=4424
[MEM_MON]   task=PRINT_TST        stack_free_min=7020
[MEM_MON]   task=TASK_CHECK_TST_  stack_free_min=7500
[MEM_MON]   task=tiT              stack_free_min=1468
[MEM_MON]   task=button_event     stack_free_min=7188
[MEM_MON]   task=check_heat_temp  stack_free_min=2976
[MEM_MON]   task=READ_AMPOULES_T  stack_free_min=6856
[MEM_MON]   task=BLINK_HEATER     stack_free_min=6904
[MEM_MON]   task=check_temperatu  stack_free_min=3984
[MEM_MON]   task=PRINT_CHECK      stack_free_min=6852
[MEM_MON]   task=Tmr Svc          stack_free_min=2348
[MEM_MON]   task=LED_PANEL        stack_free_min=7216
[MEM_MON]   task=AMP_LEDS_ERR     stack_free_min=7232
[MEM_MON]   task=ipc0             stack_free_min=532
[MEM_MON]   task=ipc1             stack_free_min=536
[MEM_MON]   task=httpd            stack_free_min=2944
[MEM_MON]   task=sys_evt          stack_free_min=1588
[MEM_MON]   task=main             stack_free_min=1192
[MEM_MON]   task=daemon           stack_free_min=2128
[MEM_MON]   task=class            stack_free_min=2136
[MEM_MON]   task=esp_timer        stack_free_min=3632
[MEM_MON]   task=wifi             stack_free_min=4212
[MEM_MON]   task=HEATER_FAIL      stack_free_min=4368
[MEM_MON]   task=AMP_LEDS_TST     stack_free_min=7240

[0;31mE (272467) HEATER: Temperatura: 26.000[0m
[0;31mE (272467) HEATER: Funcoes Habilitadas: Não[0m
[0;31mE (272467) HEATER: Esta em teste: Nao[0m
[0;31mE (272467) HEATER: Temperatura estabilizada: Nao[0m
[0;31mE (272467) HEATER: Temperatura no Range > 53.0 e < 68.0: Nao[0m

[0;32mI (272477) HEATER: AGUARDE: Temperatura de aquecimento atual: 26.000[0m
[MEM_MON] heap_free=85584 heap_min_free=75508 internal_free=85584
[MEM_MON]   task=MEM_MONITOR      stack_free_min=884
[MEM_MON]   task=IDLE1            stack_free_min=756
[MEM_MON]   task=IDLE0            stack_free_min=748
[MEM_MON]   task=BUZZER_ALARM     stack_free_min=4420
[MEM_MON]   task=BUZZER_ALERT     stack_free_min=4424
[MEM_MON]   task=LED_PANEL        stack_free_min=7216
[MEM_MON]   task=BLINK_TESTS      stack_free_min=6736
[MEM_MON]   task=TASK_CHECK_TST_  stack_free_min=7500
[MEM_MON]   task=tiT              stack_free_min=1468
[MEM_MON]   task=READ_AMPOULES    stack_free_min=6648
[MEM_MON]   task=PRINT_TST        stack_free_min=7020
[MEM_MON]   task=button_event     stack_free_min=7188
[MEM_MON]   task=READ_AMPOULES_T  stack_free_min=6856
[MEM_MON]   task=BLINK_HEATER     stack_free_min=6904
[MEM_MON]   task=PRINT_CHECK      stack_free_min=6852
[MEM_MON]   task=check_heat_temp  stack_free_min=2976
[MEM_MON]   task=check_temperatu  stack_free_min=3984
[MEM_MON]   task=Tmr Svc          stack_free_min=2348
[MEM_MON]   task=button_task      stack_free_min=6716
[MEM_MON]   task=ipc0             stack_free_min=532
[MEM_MON]   task=ipc1             stack_free_min=536
[MEM_MON]   task=httpd            stack_free_min=2944
[MEM_MON]   task=sys_evt          stack_free_min=1588
[MEM_MON]   task=main             stack_free_min=1192
[MEM_MON]   task=daemon           stack_free_min=2128
[MEM_MON]   task=class            stack_free_min=2136
[MEM_MON]   task=HEATER_FAIL      stack_free_min=4368
[MEM_MON]   task=esp_timer        stack_free_min=3632
[MEM_MON]   task=wifi             stack_free_min=4212
[MEM_MON]   task=AMP_LEDS_TST     stack_free_min=7240
[MEM_MON]   task=AMP_LEDS_ERR     stack_free_min=7232
[MEM_MON] heap_free=85404 heap_min_free=75508 internal_free=85404
[MEM_MON]   task=MEM_MONITOR      stack_free_min=884
[MEM_MON]   task=IDLE1            stack_free_min=756
[MEM_MON]   task=IDLE0            stack_free_min=748
[MEM_MON]   task=READ_AMPOULES    stack_free_min=6648
[MEM_MON]   task=BLINK_TESTS      stack_free_min=6736
[MEM_MON]   task=tiT              stack_free_min=1468
[MEM_MON]   task=LED_PANEL        stack_free_min=7216
[MEM_MON]   task=button_event     stack_free_min=7188
[MEM_MON]   task=READ_AMPOULES_T  stack_free_min=6856
[MEM_MON]   task=PRINT_TST        stack_free_min=7020
[MEM_MON]   task=BLINK_HEATER     stack_free_min=6904
[MEM_MON]   task=PRINT_CHECK      stack_free_min=6852
[MEM_MON]   task=BUZZER_ALARM     stack_free_min=4420
[MEM_MON]   task=BUZZER_ALERT     stack_free_min=4424
[MEM_MON]   task=button_task      stack_free_min=6716
[MEM_MON]   task=check_heat_temp  stack_free_min=2976
[MEM_MON]   task=check_temperatu  stack_free_min=3984
[MEM_MON]   task=Tmr Svc          stack_free_min=2348
[MEM_MON]   task=TASK_CHECK_TST_  stack_free_min=7500
[MEM_MON]   task=ipc1             stack_free_min=536
[MEM_MON]   task=httpd            stack_free_min=2944
[MEM_MON]   task=sys_evt          stack_free_min=1588
[MEM_MON]   task=main             stack_free_min=1192
[MEM_MON]   task=daemon           stack_free_min=2128
[MEM_MON]   task=class            stack_free_min=2136
[MEM_MON]   task=HEATER_FAIL      stack_free_min=4368
[MEM_MON]   task=AMP_LEDS_TST     stack_free_min=7240
[MEM_MON]   task=esp_timer        stack_free_min=3632
[MEM_MON]   task=wifi             stack_free_min=4212
[MEM_MON]   task=AMP_LEDS_ERR     stack_free_min=7232
[MEM_MON]   task=ipc0             stack_free_min=532
[MEM_MON] heap_free=85584 heap_min_free=75508 internal_free=85584
[MEM_MON]   task=MEM_MONITOR      stack_free_min=884
[MEM_MON]   task=IDLE0            stack_free_min=748
[MEM_MON]   task=IDLE1            stack_free_min=756
[MEM_MON]   task=READ_AMPOULES    stack_free_min=6648
[MEM_MON]   task=BLINK_TESTS      stack_free_min=6736
[MEM_MON]   task=LED_PANEL        stack_free_min=7216
[MEM_MON]   task=READ_AMPOULES_T  stack_free_min=6856
[MEM_MON]   task=check_heat_temp  stack_free_min=2976
[MEM_MON]   task=button_event     stack_free_min=7188
[MEM_MON]   task=tiT              stack_free_min=1468
[MEM_MON]   task=PRINT_CHECK      stack_free_min=6852
[MEM_MON]   task=PRINT_TST        stack_free_min=7020
[MEM_MON]   task=BUZZER_ALARM     stack_free_min=4420
[MEM_MON]   task=BLINK_HEATER     stack_free_min=6904
[MEM_MON]   task=BUZZER_ALERT     stack_free_min=4424
[MEM_MON]   task=TASK_CHECK_TST_  stack_free_min=7500
[MEM_MON]   task=check_temperatu  stack_free_min=3984
[MEM_MON]   task=Tmr Svc          stack_free_min=2348
[MEM_MON]   task=button_task      stack_free_min=6716
[MEM_MON]   task=httpd            stack_free_min=2944
[MEM_MON]   task=sys_evt          stack_free_min=1588
[MEM_MON]   task=main             stack_free_min=1192
[MEM_MON]   task=daemon           stack_free_min=2128
[MEM_MON]   task=class            stack_free_min=2136
[MEM_MON]   task=HEATER_FAIL      stack_free_min=4368
[MEM_MON]   task=AMP_LEDS_TST     stack_free_min=7240
[MEM_MON]   task=AMP_LEDS_ERR     stack_free_min=7232
[MEM_MON]   task=wifi             stack_free_min=4212
[MEM_MON]   task=esp_timer        stack_free_min=3632
[MEM_MON]   task=ipc0             stack_free_min=532
[MEM_MON]   task=ipc1             stack_free_min=536
[MEM_MON] heap_free=85584 heap_min_free=75508 internal_free=85584
[MEM_MON]   task=MEM_MONITOR      stack_free_min=884
[MEM_MON]   task=IDLE1            stack_free_min=756
[MEM_MON]   task=IDLE0            stack_free_min=748
[MEM_MON]   task=READ_AMPOULES_T  stack_free_min=6856
[MEM_MON]   task=READ_AMPOULES    stack_free_min=6648
[MEM_MON]   task=check_heat_temp  stack_free_min=2976
[MEM_MON]   task=BLINK_TESTS      stack_free_min=6736
[MEM_MON]   task=tiT              stack_free_min=1468
[MEM_MON]   task=PRINT_CHECK      stack_free_min=6852
[MEM_MON]   task=button_event     stack_free_min=7188
[MEM_MON]   task=LED_PANEL        stack_free_min=7216
[MEM_MON]   task=PRINT_TST        stack_free_min=7020
[MEM_MON]   task=BUZZER_ALARM     stack_free_min=4420
[MEM_MON]   task=BLINK_HEATER     stack_free_min=6904
[MEM_MON]   task=BUZZER_ALERT     stack_free_min=4424
[MEM_MON]   task=TASK_CHECK_TST_  stack_free_min=7500
[MEM_MON]   task=check_temperatu  stack_free_min=3984
[MEM_MON]   task=Tmr Svc          stack_free_min=2348
[MEM_MON]   task=button_task      stack_free_min=6716
[MEM_MON]   task=sys_evt          stack_free_min=1588
[MEM_MON]   task=main             stack_free_min=1192
[MEM_MON]   task=daemon           stack_free_min=2128
[MEM_MON]   task=class            stack_free_min=2136
[MEM_MON]   task=HEATER_FAIL      stack_free_min=4368
[MEM_MON]   task=AMP_LEDS_TST     stack_free_min=7240
[MEM_MON]   task=AMP_LEDS_ERR     stack_free_min=7232
[MEM_MON]   task=ipc0             stack_free_min=532
[MEM_MON]   task=esp_timer        stack_free_min=3632
[MEM_MON]   task=wifi             stack_free_min=4212
[MEM_MON]   task=ipc1             stack_free_min=536
[MEM_MON]   task=httpd            stack_free_min=2944
[MEM_MON] heap_free=85584 heap_min_free=75508 internal_free=85584
[MEM_MON]   task=check_temperatu  stack_free_min=3984
[MEM_MON]   task=MEM_MONITOR      stack_free_min=884
[MEM_MON]   task=IDLE1            stack_free_min=756
[MEM_MON]   task=IDLE0            stack_free_min=748
[MEM_MON]   task=button_task      stack_free_min=6716
[MEM_MON]   task=tiT              stack_free_min=1468
[MEM_MON]   task=PRINT_TST        stack_free_min=7020
[MEM_MON]   task=PRINT_CHECK      stack_free_min=6852
[MEM_MON]   task=BLINK_TESTS      stack_free_min=6736
[MEM_MON]   task=READ_AMPOULES    stack_free_min=6648
[MEM_MON]   task=button_event     stack_free_min=7188
[MEM_MON]   task=LED_PANEL        stack_free_min=7216
[MEM_MON]   task=BUZZER_ALARM     stack_free_min=4420
[MEM_MON]   task=BUZZER_ALERT     stack_free_min=4424
[MEM_MON]   task=TASK_CHECK_TST_  stack_free_min=7500
[MEM_MON]   task=READ_AMPOULES_T  stack_free_min=6856
[MEM_MON]   task=check_heat_temp  stack_free_min=2976
[MEM_MON]   task=Tmr Svc          stack_free_min=2348
[MEM_MON]   task=BLINK_HEATER     stack_free_min=6904
[MEM_MON]   task=main             stack_free_min=1192
[MEM_MON]   task=daemon           stack_free_min=2128
[MEM_MON]   task=class            stack_free_min=2136
[MEM_MON]   task=HEATER_FAIL      stack_free_min=4368
[MEM_MON]   task=AMP_LEDS_TST     stack_free_min=7240
[MEM_MON]   task=AMP_LEDS_ERR     stack_free_min=7232
[MEM_MON]   task=ipc0             stack_free_min=532
[MEM_MON]   task=ipc1             stack_free_min=536
[MEM_MON]   task=esp_timer        stack_free_min=3632
[MEM_MON]   task=wifi             stack_free_min=4212
[MEM_MON]   task=httpd            stack_free_min=2944
[MEM_MON]   task=sys_evt          stack_free_min=1588
[MEM_MON] heap_free=85584 heap_min_free=75508 internal_free=85584
[MEM_MON]   task=MEM_MONITOR      stack_free_min=884
[MEM_MON]   task=IDLE1            stack_free_min=756
[MEM_MON]   task=IDLE0            stack_free_min=748
[MEM_MON]   task=button_task      stack_free_min=6716
[MEM_MON]   task=button_event     stack_free_min=7188
[MEM_MON]   task=BLINK_TESTS      stack_free_min=6736
[MEM_MON]   task=READ_AMPOULES    stack_free_min=6648
[MEM_MON]   task=BUZZER_ALARM     stack_free_min=4420
[MEM_MON]   task=BUZZER_ALERT     stack_free_min=4424
[MEM_MON]   task=LED_PANEL        stack_free_min=7216
[MEM_MON]   task=TASK_CHECK_TST_  stack_free_min=7500
[MEM_MON]   task=tiT              stack_free_min=1468
[MEM_MON]   task=READ_AMPOULES_T  stack_free_min=6856
[MEM_MON]   task=BLINK_HEATER     stack_free_min=6904
[MEM_MON]   task=check_heat_temp  stack_free_min=2976
[MEM_MON]   task=PRINT_CHECK      stack_free_min=6852
[MEM_MON]   task=check_temperatu  stack_free_min=3984
[MEM_MON]   task=Tmr Svc          stack_free_min=2348
[MEM_MON]   task=PRINT_TST        stack_free_min=7020
[MEM_MON]   task=daemon           stack_free_min=2128
[MEM_MON]   task=class            stack_free_min=2136
[MEM_MON]   task=HEATER_FAIL      stack_free_min=4368
[MEM_MON]   task=AMP_LEDS_TST     stack_free_min=7240
[MEM_MON]   task=AMP_LEDS_ERR     stack_free_min=7232
[MEM_MON]   task=ipc0             stack_free_min=532
[MEM_MON]   task=ipc1             stack_free_min=536
[MEM_MON]   task=httpd            stack_free_min=2944
[MEM_MON]   task=esp_timer        stack_free_min=3632
[MEM_MON]   task=wifi             stack_free_min=4212
[MEM_MON]   task=sys_evt          stack_free_min=1588
[MEM_MON]   task=main             stack_free_min=1192

[0;31mE (279487) HEATER: Temperatura: 26.000[0m
[0;31mE (279487) HEATER: Funcoes Habilitadas: Não[0m
[0;31mE (279487) HEATER: Esta em teste: Nao[0m
[0;31mE (279487) HEATER: Temperatura estabilizada: Nao[0m
[0;31mE (279487) HEATER: Temperatura no Range > 53.0 e < 68.0: Nao[0m

[0;32mI (279497) HEATER: AGUARDE: Temperatura de aquecimento atual: 26.000[0m
[MEM_MON] heap_free=85404 heap_min_free=75508 internal_free=85404
[MEM_MON]   task=MEM_MONITOR      stack_free_min=884
[MEM_MON]   task=IDLE1            stack_free_min=756
[MEM_MON]   task=IDLE0            stack_free_min=748
[MEM_MON]   task=PRINT_TST        stack_free_min=7020
[MEM_MON]   task=button_event     stack_free_min=7188
[MEM_MON]   task=BUZZER_ALARM     stack_free_min=4420
[MEM_MON]   task=BUZZER_ALERT     stack_free_min=4424
[MEM_MON]   task=BLINK_TESTS      stack_free_min=6736
[MEM_MON]   task=TASK_CHECK_TST_  stack_free_min=7500
[MEM_MON]   task=tiT              stack_free_min=1468
[MEM_MON]   task=LED_PANEL        stack_free_min=7216
[MEM_MON]   task=READ_AMPOULES_T  stack_free_min=6856
[MEM_MON]   task=BLINK_HEATER     stack_free_min=6904
[MEM_MON]   task=PRINT_CHECK      stack_free_min=6852
[MEM_MON]   task=READ_AMPOULES    stack_free_min=6648
[MEM_MON]   task=check_heat_temp  stack_free_min=2976
[MEM_MON]   task=check_temperatu  stack_free_min=3984
[MEM_MON]   task=Tmr Svc          stack_free_min=2348
[MEM_MON]   task=button_task      stack_free_min=6716
[MEM_MON]   task=class            stack_free_min=2136
[MEM_MON]   task=HEATER_FAIL      stack_free_min=4368
[MEM_MON]   task=AMP_LEDS_TST     stack_free_min=7240
[MEM_MON]   task=AMP_LEDS_ERR     stack_free_min=7232
[MEM_MON]   task=ipc0             stack_free_min=532
[MEM_MON]   task=ipc1             stack_free_min=536
[MEM_MON]   task=httpd            stack_free_min=2944
[MEM_MON]   task=sys_evt          stack_free_min=1588
[MEM_MON]   task=esp_timer        stack_free_min=3632
[MEM_MON]   task=wifi             stack_free_min=4212
[MEM_MON]   task=main             stack_free_min=1192
[MEM_MON]   task=daemon           stack_free_min=2128
[MEM_MON] heap_free=85404 heap_min_free=75508 internal_free=85404
[MEM_MON]   task=MEM_MONITOR      stack_free_min=884
[MEM_MON]   task=IDLE1            stack_free_min=756
[MEM_MON]   task=IDLE0            stack_free_min=748
[MEM_MON]   task=BUZZER_ALARM     stack_free_min=4420
[MEM_MON]   task=BUZZER_ALERT     stack_free_min=4424
[MEM_MON]   task=button_event     stack_free_min=7188
[MEM_MON]   task=PRINT_TST        stack_free_min=7020
[MEM_MON]   task=TASK_CHECK_TST_  stack_free_min=7500
[MEM_MON]   task=BLINK_TESTS      stack_free_min=6736
[MEM_MON]   task=tiT              stack_free_min=1468
[MEM_MON]   task=LED_PANEL        stack_free_min=7216
[MEM_MON]   task=READ_AMPOULES_T  stack_free_min=6856
[MEM_MON]   task=BLINK_HEATER     stack_free_min=6904
[MEM_MON]   task=PRINT_CHECK      stack_free_min=6852
[MEM_MON]   task=button_task      stack_free_min=6716
[MEM_MON]   task=check_heat_temp  stack_free_min=2976
[MEM_MON]   task=check_temperatu  stack_free_min=3984
[MEM_MON]   task=Tmr Svc          stack_free_min=2348
[MEM_MON]   task=READ_AMPOULES    stack_free_min=6648
[MEM_MON]   task=HEATER_FAIL      stack_free_min=4368
[MEM_MON]   task=AMP_LEDS_TST     stack_free_min=7240
[MEM_MON]   task=AMP_LEDS_ERR     stack_free_min=7232
[MEM_MON]   task=ipc0             stack_free_min=532
[MEM_MON]   task=ipc1             stack_free_min=536
[MEM_MON]   task=httpd            stack_free_min=2944
[MEM_MON]   task=sys_evt          stack_free_min=1588
[MEM_MON]   task=main             stack_free_min=1192
[MEM_MON]   task=esp_timer        stack_free_min=3632
[MEM_MON]   task=wifi             stack_free_min=4212
[MEM_MON]   task=daemon           stack_free_min=2128
[MEM_MON]   task=class            stack_free_min=2136
[MEM_MON] heap_free=85584 heap_min_free=75508 internal_free=85584
[MEM_MON]   task=MEM_MONITOR      stack_free_min=884
[MEM_MON]   task=IDLE1            stack_free_min=756
[MEM_MON]   task=IDLE0            stack_free_min=748
[MEM_MON]   task=TASK_CHECK_TST_  stack_free_min=7500
[MEM_MON]   task=button_event     stack_free_min=7188
[MEM_MON]   task=LED_PANEL        stack_free_min=7216
[MEM_MON]   task=tiT              stack_free_min=1468
[MEM_MON]   task=READ_AMPOULES    stack_free_min=6648
[MEM_MON]   task=BLINK_TESTS      stack_free_min=6736
[MEM_MON]   task=PRINT_TST        stack_free_min=7020
[MEM_MON]   task=READ_AMPOULES_T  stack_free_min=6856
[MEM_MON]   task=check_heat_temp  stack_free_min=2976
[MEM_MON]   task=PRINT_CHECK      stack_free_min=6852
[MEM_MON]   task=BUZZER_ALARM     stack_free_min=4420
[MEM_MON]   task=BUZZER_ALERT     stack_free_min=4424
[MEM_MON]   task=BLINK_HEATER     stack_free_min=6904
[MEM_MON]   task=check_temperatu  stack_free_min=3984
[MEM_MON]   task=Tmr Svc          stack_free_min=2348
[MEM_MON]   task=button_task      stack_free_min=6716
[MEM_MON]   task=AMP_LEDS_TST     stack_free_min=7240
[MEM_MON]   task=AMP_LEDS_ERR     stack_free_min=7232
[MEM_MON]   task=ipc0             stack_free_min=532
[MEM_MON]   task=ipc1             stack_free_min=536
[MEM_MON]   task=httpd            stack_free_min=2944
[MEM_MON]   task=sys_evt          stack_free_min=1588
[MEM_MON]   task=main             stack_free_min=1192
[MEM_MON]   task=daemon           stack_free_min=2128
[MEM_MON]   task=esp_timer        stack_free_min=3632
[MEM_MON]   task=wifi             stack_free_min=4212
[MEM_MON]   task=class            stack_free_min=2136
[MEM_MON]   task=HEATER_FAIL      stack_free_min=4368
[MEM_MON] heap_free=85584 heap_min_free=75508 internal_free=85584
[MEM_MON]   task=MEM_MONITOR      stack_free_min=884
[MEM_MON]   task=IDLE0            stack_free_min=748
[MEM_MON]   task=IDLE1            stack_free_min=756
[MEM_MON]   task=LED_PANEL        stack_free_min=7216
[MEM_MON]   task=button_task      stack_free_min=6716
[MEM_MON]   task=check_temperatu  stack_free_min=3984
[MEM_MON]   task=READ_AMPOULES    stack_free_min=6648
[MEM_MON]   task=BLINK_TESTS      stack_free_min=6736
[MEM_MON]   task=READ_AMPOULES_T  stack_free_min=6856
[MEM_MON]   task=PRINT_TST        stack_free_min=7020
[MEM_MON]   task=check_heat_temp  stack_free_min=2976
[MEM_MON]   task=tiT              stack_free_min=1468
[MEM_MON]   task=PRINT_CHECK      stack_free_min=6852
[MEM_MON]   task=BUZZER_ALARM     stack_free_min=4420
[MEM_MON]   task=BUZZER_ALERT     stack_free_min=4424
[MEM_MON]   task=BLINK_HEATER     stack_free_min=6904
[MEM_MON]   task=TASK_CHECK_TST_  stack_free_min=7500
[MEM_MON]   task=Tmr Svc          stack_free_min=2348
[MEM_MON]   task=button_event     stack_free_min=7188
[MEM_MON]   task=AMP_LEDS_ERR     stack_free_min=7232
[MEM_MON]   task=ipc0             stack_free_min=532
[MEM_MON]   task=ipc1             stack_free_min=536
[MEM_MON]   task=httpd            stack_free_min=2944
[MEM_MON]   task=sys_evt          stack_free_min=1588
[MEM_MON]   task=main             stack_free_min=1192
[MEM_MON]   task=daemon           stack_free_min=2128
[MEM_MON]   task=class            stack_free_min=2136
[MEM_MON]   task=esp_timer        stack_free_min=3632
[MEM_MON]   task=wifi             stack_free_min=4212
[MEM_MON]   task=HEATER_FAIL      stack_free_min=4368
[MEM_MON]   task=AMP_LEDS_TST     stack_free_min=7240
[MEM_MON] heap_free=85584 heap_min_free=75508 internal_free=85584
[MEM_MON]   task=MEM_MONITOR      stack_free_min=884
[MEM_MON]   task=IDLE1            stack_free_min=756
[MEM_MON]   task=IDLE0            stack_free_min=748
[MEM_MON]   task=button_event     stack_free_min=7188
[MEM_MON]   task=LED_PANEL        stack_free_min=7216
[MEM_MON]   task=READ_AMPOULES_T  stack_free_min=6856
[MEM_MON]   task=BLINK_HEATER     stack_free_min=6904
[MEM_MON]   task=tiT              stack_free_min=1468
[MEM_MON]   task=PRINT_CHECK      stack_free_min=6852
[MEM_MON]   task=READ_AMPOULES    stack_free_min=6648
[MEM_MON]   task=BLINK_TESTS      stack_free_min=6736
[MEM_MON]   task=PRINT_TST        stack_free_min=7020
[MEM_MON]   task=BUZZER_ALARM     stack_free_min=4420
[MEM_MON]   task=BUZZER_ALERT     stack_free_min=4424
[MEM_MON]   task=TASK_CHECK_TST_  stack_free_min=7500
[MEM_MON]   task=check_heat_temp  stack_free_min=2976
[MEM_MON]   task=check_temperatu  stack_free_min=3984
[MEM_MON]   task=Tmr Svc          stack_free_min=2348
[MEM_MON]   task=button_task      stack_free_min=6716
[MEM_MON]   task=ipc0             stack_free_min=532
[MEM_MON]   task=ipc1             stack_free_min=536
[MEM_MON]   task=httpd            stack_free_min=2944
[MEM_MON]   task=sys_evt          stack_free_min=1588
[MEM_MON]   task=main             stack_free_min=1192
[MEM_MON]   task=daemon           stack_free_min=2128
[MEM_MON]   task=class            stack_free_min=2136
[MEM_MON]   task=HEATER_FAIL      stack_free_min=4368
[MEM_MON]   task=esp_timer        stack_free_min=3632
[MEM_MON]   task=wifi             stack_free_min=4212
[MEM_MON]   task=AMP_LEDS_TST     stack_free_min=7240
[MEM_MON]   task=AMP_LEDS_ERR     stack_free_min=7232
[MEM_MON] heap_free=85584 heap_min_free=75508 internal_free=85584
[MEM_MON]   task=MEM_MONITOR      stack_free_min=884
[MEM_MON]   task=IDLE1            stack_free_min=756
[MEM_MON]   task=IDLE0            stack_free_min=748
[MEM_MON]   task=button_event     stack_free_min=7188
[MEM_MON]   task=BLINK_HEATER     stack_free_min=6904
[MEM_MON]   task=button_task      stack_free_min=6716
[MEM_MON]   task=tiT              stack_free_min=1468
[MEM_MON]   task=PRINT_CHECK      stack_free_min=6852
[MEM_MON]   task=LED_PANEL        stack_free_min=7216
[MEM_MON]   task=BLINK_TESTS      stack_free_min=6736
[MEM_MON]   task=PRINT_TST        stack_free_min=7020
[MEM_MON]   task=BUZZER_ALARM     stack_free_min=4420
[MEM_MON]   task=BUZZER_ALERT     stack_free_min=4424
[MEM_MON]   task=TASK_CHECK_TST_  stack_free_min=7500
[MEM_MON]   task=READ_AMPOULES_T  stack_free_min=6856
[MEM_MON]   task=check_heat_temp  stack_free_min=2976
[MEM_MON]   task=check_temperatu  stack_free_min=3984
[MEM_MON]   task=Tmr Svc          stack_free_min=2348
[MEM_MON]   task=READ_AMPOULES    stack_free_min=6648
[MEM_MON]   task=ipc1             stack_free_min=536
[MEM_MON]   task=httpd            stack_free_min=2944
[MEM_MON]   task=sys_evt          stack_free_min=1588
[MEM_MON]   task=main             stack_free_min=1192
[MEM_MON]   task=daemon           stack_free_min=2128
[MEM_MON]   task=class            stack_free_min=2136
[MEM_MON]   task=HEATER_FAIL      stack_free_min=4368
[MEM_MON]   task=AMP_LEDS_TST     stack_free_min=7240
[MEM_MON]   task=esp_timer        stack_free_min=3632
[MEM_MON]   task=wifi             stack_free_min=4212
[MEM_MON]   task=AMP_LEDS_ERR     stack_free_min=7232
[MEM_MON]   task=ipc0             stack_free_min=532

[0;31mE (286507) HEATER: Temperatura: 26.000[0m
[0;31mE (286507) HEATER: Funcoes Habilitadas: Não[0m
[0;31mE (286507) HEATER: Esta em teste: Nao[0m
[0;31mE (286507) HEATER: Temperatura estabilizada: Nao[0m
[0;31mE (286507) HEATER: Temperatura no Range > 53.0 e < 68.0: Nao[0m

[0;32mI (286517) HEATER: AGUARDE: Temperatura de aquecimento atual: 26.000[0m
[MEM_MON] heap_free=85404 heap_min_free=75508 internal_free=85404
[MEM_MON]   task=MEM_MONITOR      stack_free_min=884
[MEM_MON]   task=IDLE1            stack_free_min=756
[MEM_MON]   task=IDLE0            stack_free_min=748
[MEM_MON]   task=LED_PANEL        stack_free_min=7216
[MEM_MON]   task=BUZZER_ALARM     stack_free_min=4420
[MEM_MON]   task=BUZZER_ALERT     stack_free_min=4424
[MEM_MON]   task=PRINT_TST        stack_free_min=7020
[MEM_MON]   task=TASK_CHECK_TST_  stack_free_min=7500
[MEM_MON]   task=tiT              stack_free_min=1468
[MEM_MON]   task=READ_AMPOULES_T  stack_free_min=6856
[MEM_MON]   task=BLINK_HEATER     stack_free_min=6904
[MEM_MON]   task=PRINT_CHECK      stack_free_min=6852
[MEM_MON]   task=button_event     stack_free_min=7188
[MEM_MON]   task=BLINK_TESTS      stack_free_min=6736
[MEM_MON]   task=button_task      stack_free_min=6716
[MEM_MON]   task=check_temperatu  stack_free_min=3984
[MEM_MON]   task=check_heat_temp  stack_free_min=2976
[MEM_MON]   task=Tmr Svc          stack_free_min=2348
[MEM_MON]   task=READ_AMPOULES    stack_free_min=6648
[MEM_MON]   task=httpd            stack_free_min=2944
[MEM_MON]   task=sys_evt          stack_free_min=1588
[MEM_MON]   task=main             stack_free_min=1192
[MEM_MON]   task=daemon           stack_free_min=2128
[MEM_MON]   task=class            stack_free_min=2136
[MEM_MON]   task=HEATER_FAIL      stack_free_min=4368
[MEM_MON]   task=AMP_LEDS_TST     stack_free_min=7240
[MEM_MON]   task=AMP_LEDS_ERR     stack_free_min=7232
[MEM_MON]   task=esp_timer        stack_free_min=3632
[MEM_MON]   task=wifi             stack_free_min=4212
[MEM_MON]   task=ipc0             stack_free_min=532
[MEM_MON]   task=ipc1             stack_free_min=536
[MEM_MON] heap_free=85584 heap_min_free=75508 internal_free=85584
[MEM_MON]   task=MEM_MONITOR      stack_free_min=884
[MEM_MON]   task=IDLE1            stack_free_min=756
[MEM_MON]   task=IDLE0            stack_free_min=748
[MEM_MON]   task=BLINK_TESTS      stack_free_min=6736
[MEM_MON]   task=READ_AMPOULES    stack_free_min=6648
[MEM_MON]   task=BUZZER_ALARM     stack_free_min=4420
[MEM_MON]   task=BUZZER_ALERT     stack_free_min=4424
[MEM_MON]   task=LED_PANEL        stack_free_min=7216
[MEM_MON]   task=TASK_CHECK_TST_  stack_free_min=7500
[MEM_MON]   task=tiT              stack_free_min=1468
[MEM_MON]   task=PRINT_TST        stack_free_min=7020
[MEM_MON]   task=READ_AMPOULES_T  stack_free_min=6856
[MEM_MON]   task=BLINK_HEATER     stack_free_min=6904
[MEM_MON]   task=PRINT_CHECK      stack_free_min=6852
[MEM_MON]   task=button_event     stack_free_min=7188
[MEM_MON]   task=check_temperatu  stack_free_min=3984
[MEM_MON]   task=check_heat_temp  stack_free_min=2976
[MEM_MON]   task=Tmr Svc          stack_free_min=2348
[MEM_MON]   task=button_task      stack_free_min=6716
[MEM_MON]   task=sys_evt          stack_free_min=1588
[MEM_MON]   task=main             stack_free_min=1192
[MEM_MON]   task=daemon           stack_free_min=2128
[MEM_MON]   task=class            stack_free_min=2136
[MEM_MON]   task=HEATER_FAIL      stack_free_min=4368
[MEM_MON]   task=AMP_LEDS_TST     stack_free_min=7240
[MEM_MON]   task=AMP_LEDS_ERR     stack_free_min=7232
[MEM_MON]   task=ipc0             stack_free_min=532
[MEM_MON]   task=esp_timer        stack_free_min=3632
[MEM_MON]   task=wifi             stack_free_min=4212
[MEM_MON]   task=ipc1             stack_free_min=536
[MEM_MON]   task=httpd            stack_free_min=2944
[MEM_MON] heap_free=85584 heap_min_free=75508 internal_free=85584
[MEM_MON]   task=MEM_MONITOR      stack_free_min=884
[MEM_MON]   task=IDLE1            stack_free_min=756
[MEM_MON]   task=IDLE0            stack_free_min=748
[MEM_MON]   task=button_task      stack_free_min=6716
[MEM_MON]   task=PRINT_TST        stack_free_min=7020
[MEM_MON]   task=BUZZER_ALARM     stack_free_min=4420
[MEM_MON]   task=BUZZER_ALERT     stack_free_min=4424
[MEM_MON]   task=check_temperatu  stack_free_min=3984
[MEM_MON]   task=BLINK_HEATER     stack_free_min=6904
[MEM_MON]   task=TASK_CHECK_TST_  stack_free_min=7500
[MEM_MON]   task=READ_AMPOULES    stack_free_min=6648
[MEM_MON]   task=tiT              stack_free_min=1468
[MEM_MON]   task=LED_PANEL        stack_free_min=7216
[MEM_MON]   task=READ_AMPOULES_T  stack_free_min=6856
[MEM_MON]   task=check_heat_temp  stack_free_min=2976
[MEM_MON]   task=PRINT_CHECK      stack_free_min=6852
[MEM_MON]   task=button_event     stack_free_min=7188
[MEM_MON]   task=Tmr Svc          stack_free_min=2348
[MEM_MON]   task=BLINK_TESTS      stack_free_min=6736
[MEM_MON]   task=main             stack_free_min=1192
[MEM_MON]   task=daemon           stack_free_min=2128
[MEM_MON]   task=class            stack_free_min=2136
[MEM_MON]   task=HEATER_FAIL      stack_free_min=4368
[MEM_MON]   task=AMP_LEDS_TST     stack_free_min=7240
[MEM_MON]   task=AMP_LEDS_ERR     stack_free_min=7232
[MEM_MON]   task=ipc0             stack_free_min=532
[MEM_MON]   task=ipc1             stack_free_min=536
[MEM_MON]   task=esp_timer        stack_free_min=3632
[MEM_MON]   task=wifi             stack_free_min=4212
[MEM_MON]   task=httpd            stack_free_min=2944
[MEM_MON]   task=sys_evt          stack_free_min=1588

[0;31mE (289757) HEATER: Temperatura: 26.000[0m
[0;31mE (289757) HEATER: Funcoes Habilitadas: Não[0m
[0;31mE (289757) HEATER: Esta em teste: Nao[0m
[0;31mE (289757) HEATER: Temperatura estabilizada: Nao[0m
[0;31mE (289757) HEATER: Temperatura no Range > 53.0 e < 68.0: Nao[0m

[0;32mI (289767) HEATER: AGUARDE: Temperatura de aquecimento atual: 26.000[0m
[MEM_MON] heap_free=85404 heap_min_free=75508 internal_free=85404
[MEM_MON]   task=MEM_MONITOR      stack_free_min=884
[MEM_MON]   task=IDLE1            stack_free_min=756
[MEM_MON]   task=IDLE0            stack_free_min=748
[MEM_MON]   task=button_task      stack_free_min=6716
[MEM_MON]   task=TASK_CHECK_TST_  stack_free_min=7500
[MEM_MON]   task=BLINK_TESTS      stack_free_min=6736
[MEM_MON]   task=tiT              stack_free_min=1468
[MEM_MON]   task=READ_AMPOULES    stack_free_min=6648
[MEM_MON]   task=LED_PANEL        stack_free_min=7216
[MEM_MON]   task=READ_AMPOULES_T  stack_free_min=6856
[MEM_MON]   task=PRINT_CHECK      stack_free_min=6852
[MEM_MON]   task=button_event     stack_free_min=7188
[MEM_MON]   task=BUZZER_ALARM     stack_free_min=4420
[MEM_MON]   task=BUZZER_ALERT     stack_free_min=4424
[MEM_MON]   task=BLINK_HEATER     stack_free_min=6904
[MEM_MON]   task=check_heat_temp  stack_free_min=2976
[MEM_MON]   task=check_temperatu  stack_free_min=3984
[MEM_MON]   task=Tmr Svc          stack_free_min=2348
[MEM_MON]   task=PRINT_TST        stack_free_min=7020
[MEM_MON]   task=daemon           stack_free_min=2128
[MEM_MON]   task=class            stack_free_min=2136
[MEM_MON]   task=HEATER_FAIL      stack_free_min=4368
[MEM_MON]   task=AMP_LEDS_TST     stack_free_min=7240
[MEM_MON]   task=AMP_LEDS_ERR     stack_free_min=7232
[MEM_MON]   task=ipc0             stack_free_min=532
[MEM_MON]   task=ipc1             stack_free_min=536
[MEM_MON]   task=httpd            stack_free_min=2944
[MEM_MON]   task=esp_timer        stack_free_min=3632
[MEM_MON]   task=wifi             stack_free_min=4212
[MEM_MON]   task=sys_evt          stack_free_min=1588
[MEM_MON]   task=main             stack_free_min=1192
[MEM_MON] heap_free=85584 heap_min_free=75508 internal_free=85584
[MEM_MON]   task=MEM_MONITOR      stack_free_min=884
[MEM_MON]   task=IDLE1            stack_free_min=756
[MEM_MON]   task=IDLE0            stack_free_min=748
[MEM_MON]   task=button_task      stack_free_min=6716
[MEM_MON]   task=PRINT_TST        stack_free_min=7020
[MEM_MON]   task=BLINK_TESTS      stack_free_min=6736
[MEM_MON]   task=READ_AMPOULES_T  stack_free_min=6856
[MEM_MON]   task=tiT              stack_free_min=1468
[MEM_MON]   task=PRINT_CHECK      stack_free_min=6852
[MEM_MON]   task=LED_PANEL        stack_free_min=7216
[MEM_MON]   task=BUZZER_ALARM     stack_free_min=4420
[MEM_MON]   task=BUZZER_ALERT     stack_free_min=4424
[MEM_MON]   task=button_event     stack_free_min=7188
[MEM_MON]   task=BLINK_HEATER     stack_free_min=6904
[MEM_MON]   task=TASK_CHECK_TST_  stack_free_min=7500
[MEM_MON]   task=check_heat_temp  stack_free_min=2976
[MEM_MON]   task=check_temperatu  stack_free_min=3984
[MEM_MON]   task=Tmr Svc          stack_free_min=2348
[MEM_MON]   task=READ_AMPOULES    stack_free_min=6648
[MEM_MON]   task=class            stack_free_min=2136
[MEM_MON]   task=HEATER_FAIL      stack_free_min=4368
[MEM_MON]   task=AMP_LEDS_TST     stack_free_min=7240
[MEM_MON]   task=AMP_LEDS_ERR     stack_free_min=7232
[MEM_MON]   task=ipc0             stack_free_min=532
[MEM_MON]   task=ipc1             stack_free_min=536
[MEM_MON]   task=httpd            stack_free_min=2944
[MEM_MON]   task=sys_evt          stack_free_min=1588
[MEM_MON]   task=esp_timer        stack_free_min=3632
[MEM_MON]   task=wifi             stack_free_min=4212
[MEM_MON]   task=main             stack_free_min=1192
[MEM_MON]   task=daemon           stack_free_min=2128
[MEM_MON] heap_free=85404 heap_min_free=75508 internal_free=85404
[MEM_MON]   task=MEM_MONITOR      stack_free_min=884
[MEM_MON]   task=IDLE1            stack_free_min=756
[MEM_MON]   task=IDLE0            stack_free_min=748
[MEM_MON]   task=BLINK_TESTS      stack_free_min=6736
[MEM_MON]   task=READ_AMPOULES_T  stack_free_min=6856
[MEM_MON]   task=PRINT_TST        stack_free_min=7020
[MEM_MON]   task=tiT              stack_free_min=1468
[MEM_MON]   task=PRINT_CHECK      stack_free_min=6852
[MEM_MON]   task=check_heat_temp  stack_free_min=2976
[MEM_MON]   task=LED_PANEL        stack_free_min=7216
[MEM_MON]   task=BUZZER_ALARM     stack_free_min=4420
[MEM_MON]   task=BUZZER_ALERT     stack_free_min=4424
[MEM_MON]   task=BLINK_HEATER     stack_free_min=6904
[MEM_MON]   task=TASK_CHECK_TST_  stack_free_min=7500
[MEM_MON]   task=button_event     stack_free_min=7188
[MEM_MON]   task=button_task      stack_free_min=6716
[MEM_MON]   task=check_temperatu  stack_free_min=3984
[MEM_MON]   task=Tmr Svc          stack_free_min=2348
[MEM_MON]   task=READ_AMPOULES    stack_free_min=6648
[MEM_MON]   task=HEATER_FAIL      stack_free_min=4368
[MEM_MON]   task=AMP_LEDS_TST     stack_free_min=7240
[MEM_MON]   task=AMP_LEDS_ERR     stack_free_min=7232
[MEM_MON]   task=ipc0             stack_free_min=532
[MEM_MON]   task=ipc1             stack_free_min=536
[MEM_MON]   task=httpd            stack_free_min=2944
[MEM_MON]   task=sys_evt          stack_free_min=1588
[MEM_MON]   task=main             stack_free_min=1192
[MEM_MON]   task=esp_timer        stack_free_min=3632
[MEM_MON]   task=wifi             stack_free_min=4212
[MEM_MON]   task=daemon           stack_free_min=2128
[MEM_MON]   task=class            stack_free_min=2136
[MEM_MON] heap_free=85584 heap_min_free=75508 internal_free=85584
[MEM_MON]   task=MEM_MONITOR      stack_free_min=884
[MEM_MON]   task=IDLE1            stack_free_min=756
[MEM_MON]   task=IDLE0            stack_free_min=748
[MEM_MON]   task=LED_PANEL        stack_free_min=7216
[MEM_MON]   task=tiT              stack_free_min=1468
[MEM_MON]   task=BLINK_HEATER     stack_free_min=6904
[MEM_MON]   task=PRINT_CHECK      stack_free_min=6852
[MEM_MON]   task=READ_AMPOULES    stack_free_min=6648
[MEM_MON]   task=BLINK_TESTS      stack_free_min=6736
[MEM_MON]   task=PRINT_TST        stack_free_min=7020
[MEM_MON]   task=check_heat_temp  stack_free_min=2976
[MEM_MON]   task=BUZZER_ALARM     stack_free_min=4420
[MEM_MON]   task=BUZZER_ALERT     stack_free_min=4424
[MEM_MON]   task=TASK_CHECK_TST_  stack_free_min=7500
[MEM_MON]   task=button_event     stack_free_min=7188
[MEM_MON]   task=READ_AMPOULES_T  stack_free_min=6856
[MEM_MON]   task=check_temperatu  stack_free_min=3984
[MEM_MON]   task=Tmr Svc          stack_free_min=2348
[MEM_MON]   task=button_task      stack_free_min=6716
[MEM_MON]   task=AMP_LEDS_TST     stack_free_min=7240
[MEM_MON]   task=AMP_LEDS_ERR     stack_free_min=7232
[MEM_MON]   task=ipc0             stack_free_min=532
[MEM_MON]   task=ipc1             stack_free_min=536
[MEM_MON]   task=httpd            stack_free_min=2944
[MEM_MON]   task=sys_evt          stack_free_min=1588
[MEM_MON]   task=main             stack_free_min=1192
[MEM_MON]   task=daemon           stack_free_min=2128
[MEM_MON]   task=esp_timer        stack_free_min=3632
[MEM_MON]   task=wifi             stack_free_min=4212
[MEM_MON]   task=class            stack_free_min=2136
[MEM_MON]   task=HEATER_FAIL      stack_free_min=4368
[MEM_MON] heap_free=85584 heap_min_free=75508 internal_free=85584
[MEM_MON]   task=MEM_MONITOR      stack_free_min=884
[MEM_MON]   task=IDLE1            stack_free_min=756
[MEM_MON]   task=IDLE0            stack_free_min=748
[MEM_MON]   task=button_task      stack_free_min=6716
[MEM_MON]   task=check_temperatu  stack_free_min=3984
[MEM_MON]   task=READ_AMPOULES    stack_free_min=6648
[MEM_MON]   task=BLINK_TESTS      stack_free_min=6736
[MEM_MON]   task=PRINT_TST        stack_free_min=7020
[MEM_MON]   task=BUZZER_ALARM     stack_free_min=4420
[MEM_MON]   task=BUZZER_ALERT     stack_free_min=4424
[MEM_MON]   task=TASK_CHECK_TST_  stack_free_min=7500
[MEM_MON]   task=tiT              stack_free_min=1468
[MEM_MON]   task=button_event     stack_free_min=7188
[MEM_MON]   task=READ_AMPOULES_T  stack_free_min=6856
[MEM_MON]   task=BLINK_HEATER     stack_free_min=6904
[MEM_MON]   task=PRINT_CHECK      stack_free_min=6852
[MEM_MON]   task=check_heat_temp  stack_free_min=2976
[MEM_MON]   task=Tmr Svc          stack_free_min=2348
[MEM_MON]   task=LED_PANEL        stack_free_min=7216
[MEM_MON]   task=AMP_LEDS_ERR     stack_free_min=7232
[MEM_MON]   task=ipc0             stack_free_min=532
[MEM_MON]   task=ipc1             stack_free_min=536
[MEM_MON]   task=httpd            stack_free_min=2944
[MEM_MON]   task=sys_evt          stack_free_min=1588
[MEM_MON]   task=main             stack_free_min=1192
[MEM_MON]   task=daemon           stack_free_min=2128
[MEM_MON]   task=class            stack_free_min=2136
[MEM_MON]   task=esp_timer        stack_free_min=3632
[MEM_MON]   task=wifi             stack_free_min=4212
[MEM_MON]   task=HEATER_FAIL      stack_free_min=4368
[MEM_MON]   task=AMP_LEDS_TST     stack_free_min=7240
[MEM_MON] heap_free=85584 heap_min_free=75508 internal_free=85584
[MEM_MON]   task=MEM_MONITOR      stack_free_min=884
[MEM_MON]   task=IDLE1            stack_free_min=756
[MEM_MON]   task=IDLE0            stack_free_min=748
[MEM_MON]   task=LED_PANEL        stack_free_min=7216
[MEM_MON]   task=READ_AMPOULES    stack_free_min=6648
[MEM_MON]   task=BUZZER_ALARM     stack_free_min=4420
[MEM_MON]   task=BUZZER_ALERT     stack_free_min=4424
[MEM_MON]   task=BLINK_HEATER     stack_free_min=6904
[MEM_MON]   task=PRINT_TST        stack_free_min=7020
[MEM_MON]   task=TASK_CHECK_TST_  stack_free_min=7500
[MEM_MON]   task=BLINK_TESTS      stack_free_min=6736
[MEM_MON]   task=tiT              stack_free_min=1468
[MEM_MON]   task=button_event     stack_free_min=7188
[MEM_MON]   task=READ_AMPOULES_T  stack_free_min=6856
[MEM_MON]   task=PRINT_CHECK      stack_free_min=6852
[MEM_MON]   task=check_heat_temp  stack_free_min=2976
[MEM_MON]   task=check_temperatu  stack_free_min=3984
[MEM_MON]   task=Tmr Svc          stack_free_min=2348
[MEM_MON]   task=button_task      stack_free_min=6716
[MEM_MON]   task=ipc0             stack_free_min=532
[MEM_MON]   task=ipc1             stack_free_min=536
[MEM_MON]   task=httpd            stack_free_min=2944
[MEM_MON]   task=sys_evt          stack_free_min=1588
[MEM_MON]   task=main             stack_free_min=1192
[MEM_MON]   task=daemon           stack_free_min=2128
[MEM_MON]   task=class            stack_free_min=2136
[MEM_MON]   task=HEATER_FAIL      stack_free_min=4368
[MEM_MON]   task=esp_timer        stack_free_min=3632
[MEM_MON]   task=wifi             stack_free_min=4212
[MEM_MON]   task=AMP_LEDS_TST     stack_free_min=7240
[MEM_MON]   task=AMP_LEDS_ERR     stack_free_min=7232

[0;31mE (296777) HEATER: Temperatura: 26.000[0m
[0;31mE (296777) HEATER: Funcoes Habilitadas: Não[0m
[0;31mE (296777) HEATER: Esta em teste: Nao[0m
[0;31mE (296777) HEATER: Temperatura estabilizada: Nao[0m
[0;31mE (296777) HEATER: Temperatura no Range > 53.0 e < 68.0: Nao[0m

[0;32mI (296787) HEATER: AGUARDE: Temperatura de aquecimento atual: 26.000[0m
[MEM_MON] heap_free=85584 heap_min_free=75508 internal_free=85584
[MEM_MON]   task=MEM_MONITOR      stack_free_min=884
[MEM_MON]   task=IDLE1            stack_free_min=756
[MEM_MON]   task=IDLE0            stack_free_min=748
[MEM_MON]   task=button_task      stack_free_min=6716
[MEM_MON]   task=BUZZER_ALARM     stack_free_min=4420
[MEM_MON]   task=BUZZER_ALERT     stack_free_min=4424
[MEM_MON]   task=LED_PANEL        stack_free_min=7216
[MEM_MON]   task=BLINK_TESTS      stack_free_min=6736
[MEM_MON]   task=BLINK_HEATER     stack_free_min=6904
[MEM_MON]   task=TASK_CHECK_TST_  stack_free_min=7500
[MEM_MON]   task=tiT              stack_free_min=1468
[MEM_MON]   task=PRINT_TST        stack_free_min=7020
[MEM_MON]   task=READ_AMPOULES_T  stack_free_min=6856
[MEM_MON]   task=button_event     stack_free_min=7188
[MEM_MON]   task=PRINT_CHECK      stack_free_min=6852
[MEM_MON]   task=check_heat_temp  stack_free_min=2976
[MEM_MON]   task=check_temperatu  stack_free_min=3984
[MEM_MON]   task=Tmr Svc          stack_free_min=2348
[MEM_MON]   task=READ_AMPOULES    stack_free_min=6648
[MEM_MON]   task=ipc1             stack_free_min=536
[MEM_MON]   task=httpd            stack_free_min=2944
[MEM_MON]   task=sys_evt          stack_free_min=1588
[MEM_MON]   task=main             stack_free_min=1192
[MEM_MON]   task=daemon           stack_free_min=2128
[MEM_MON]   task=class            stack_free_min=2136
[MEM_MON]   task=HEATER_FAIL      stack_free_min=4368
[MEM_MON]   task=AMP_LEDS_TST     stack_free_min=7240
[MEM_MON]   task=esp_timer        stack_free_min=3632
[MEM_MON]   task=wifi             stack_free_min=4212
[MEM_MON]   task=AMP_LEDS_ERR     stack_free_min=7232
[MEM_MON]   task=ipc0             stack_free_min=532
[MEM_MON] heap_free=85404 heap_min_free=75508 internal_free=85404
[MEM_MON]   task=MEM_MONITOR      stack_free_min=884
[MEM_MON]   task=IDLE1            stack_free_min=756
[MEM_MON]   task=IDLE0            stack_free_min=748
[MEM_MON]   task=TASK_CHECK_TST_  stack_free_min=7500
[MEM_MON]   task=READ_AMPOULES    stack_free_min=6648
[MEM_MON]   task=tiT              stack_free_min=1468
[MEM_MON]   task=LED_PANEL        stack_free_min=7216
[MEM_MON]   task=BLINK_TESTS      stack_free_min=6736
[MEM_MON]   task=READ_AMPOULES_T  stack_free_min=6856
[MEM_MON]   task=PRINT_TST        stack_free_min=7020
[MEM_MON]   task=PRINT_CHECK      stack_free_min=6852
[MEM_MON]   task=button_event     stack_free_min=7188
[MEM_MON]   task=BUZZER_ALARM     stack_free_min=4420
[MEM_MON]   task=BUZZER_ALERT     stack_free_min=4424
[MEM_MON]   task=button_task      stack_free_min=6716
[MEM_MON]   task=check_heat_temp  stack_free_min=2976
[MEM_MON]   task=check_temperatu  stack_free_min=3984
[MEM_MON]   task=Tmr Svc          stack_free_min=2348
[MEM_MON]   task=BLINK_HEATER     stack_free_min=6904
[MEM_MON]   task=httpd            stack_free_min=2944
[MEM_MON]   task=sys_evt          stack_free_min=1588
[MEM_MON]   task=main             stack_free_min=1192
[MEM_MON]   task=daemon           stack_free_min=2128
[MEM_MON]   task=class            stack_free_min=2136
[MEM_MON]   task=HEATER_FAIL      stack_free_min=4368
[MEM_MON]   task=AMP_LEDS_TST     stack_free_min=7240
[MEM_MON]   task=AMP_LEDS_ERR     stack_free_min=7232
[MEM_MON]   task=esp_timer        stack_free_min=3632
[MEM_MON]   task=wifi             stack_free_min=4212
[MEM_MON]   task=ipc0             stack_free_min=532
[MEM_MON]   task=ipc1             stack_free_min=536
[MEM_MON] heap_free=85584 heap_min_free=75508 internal_free=85584
[MEM_MON]   task=MEM_MONITOR      stack_free_min=884
[MEM_MON]   task=IDLE1            stack_free_min=756
[MEM_MON]   task=IDLE0            stack_free_min=748
[MEM_MON]   task=READ_AMPOULES    stack_free_min=6648
[MEM_MON]   task=LED_PANEL        stack_free_min=7216
[MEM_MON]   task=READ_AMPOULES_T  stack_free_min=6856
[MEM_MON]   task=tiT              stack_free_min=1468
[MEM_MON]   task=PRINT_CHECK      stack_free_min=6852
[MEM_MON]   task=BLINK_TESTS      stack_free_min=6736
[MEM_MON]   task=PRINT_TST        stack_free_min=7020
[MEM_MON]   task=button_event     stack_free_min=7188
[MEM_MON]   task=check_heat_temp  stack_free_min=2976
[MEM_MON]   task=BUZZER_ALARM     stack_free_min=4420
[MEM_MON]   task=BUZZER_ALERT     stack_free_min=4424
[MEM_MON]   task=BLINK_HEATER     stack_free_min=6904
[MEM_MON]   task=TASK_CHECK_TST_  stack_free_min=7500
[MEM_MON]   task=check_temperatu  stack_free_min=3984
[MEM_MON]   task=Tmr Svc          stack_free_min=2348
[MEM_MON]   task=button_task      stack_free_min=6716
[MEM_MON]   task=sys_evt          stack_free_min=1588
[MEM_MON]   task=main             stack_free_min=1192
[MEM_MON]   task=daemon           stack_free_min=2128
[MEM_MON]   task=class            stack_free_min=2136
[MEM_MON]   task=HEATER_FAIL      stack_free_min=4368
[MEM_MON]   task=AMP_LEDS_TST     stack_free_min=7240
[MEM_MON]   task=AMP_LEDS_ERR     stack_free_min=7232
[MEM_MON]   task=ipc0             stack_free_min=532
[MEM_MON]   task=esp_timer        stack_free_min=3632
[MEM_MON]   task=wifi             stack_free_min=4212
[MEM_MON]   task=ipc1             stack_free_min=536
[MEM_MON]   task=httpd            stack_free_min=2944
[MEM_MON] heap_free=85584 heap_min_free=75508 internal_free=85584
[MEM_MON]   task=MEM_MONITOR      stack_free_min=884
[MEM_MON]   task=IDLE0            stack_free_min=748
[MEM_MON]   task=IDLE1            stack_free_min=756
[MEM_MON]   task=PRINT_TST        stack_free_min=7020
[MEM_MON]   task=READ_AMPOULES_T  stack_free_min=6856
[MEM_MON]   task=READ_AMPOULES    stack_free_min=6648
[MEM_MON]   task=BLINK_TESTS      stack_free_min=6736
[MEM_MON]   task=tiT              stack_free_min=1468
[MEM_MON]   task=check_temperatu  stack_free_min=3984
[MEM_MON]   task=BLINK_HEATER     stack_free_min=6904
[MEM_MON]   task=PRINT_CHECK      stack_free_min=6852
[MEM_MON]   task=LED_PANEL        stack_free_min=7216
[MEM_MON]   task=button_event     stack_free_min=7188
[MEM_MON]   task=check_heat_temp  stack_free_min=2976
[MEM_MON]   task=BUZZER_ALARM     stack_free_min=4420
[MEM_MON]   task=BUZZER_ALERT     stack_free_min=4424
[MEM_MON]   task=TASK_CHECK_TST_  stack_free_min=7500
[MEM_MON]   task=Tmr Svc          stack_free_min=2348
[MEM_MON]   task=button_task      stack_free_min=6716
[MEM_MON]   task=main             stack_free_min=1192
[MEM_MON]   task=daemon           stack_free_min=2128
[MEM_MON]   task=class            stack_free_min=2136
[MEM_MON]   task=HEATER_FAIL      stack_free_min=4368
[MEM_MON]   task=AMP_LEDS_TST     stack_free_min=7240
[MEM_MON]   task=AMP_LEDS_ERR     stack_free_min=7232
[MEM_MON]   task=ipc0             stack_free_min=532
[MEM_MON]   task=ipc1             stack_free_min=536
[MEM_MON]   task=esp_timer        stack_free_min=3632
[MEM_MON]   task=wifi             stack_free_min=4212
[MEM_MON]   task=httpd            stack_free_min=2944
[MEM_MON]   task=sys_evt          stack_free_min=1588
[MEM_MON] heap_free=85584 heap_min_free=75508 internal_free=85584
[MEM_MON]   task=MEM_MONITOR      stack_free_min=884
[MEM_MON]   task=IDLE1            stack_free_min=756
[MEM_MON]   task=IDLE0            stack_free_min=748
[MEM_MON]   task=button_task      stack_free_min=6716
[MEM_MON]   task=tiT              stack_free_min=1468
[MEM_MON]   task=BLINK_HEATER     stack_free_min=6904
[MEM_MON]   task=PRINT_CHECK      stack_free_min=6852
[MEM_MON]   task=READ_AMPOULES    stack_free_min=6648
[MEM_MON]   task=BLINK_TESTS      stack_free_min=6736
[MEM_MON]   task=LED_PANEL        stack_free_min=7216
[MEM_MON]   task=button_event     stack_free_min=7188
[MEM_MON]   task=BUZZER_ALARM     stack_free_min=4420
[MEM_MON]   task=BUZZER_ALERT     stack_free_min=4424
[MEM_MON]   task=TASK_CHECK_TST_  stack_free_min=7500
[MEM_MON]   task=READ_AMPOULES_T  stack_free_min=6856
[MEM_MON]   task=check_heat_temp  stack_free_min=2976
[MEM_MON]   task=check_temperatu  stack_free_min=3984
[MEM_MON]   task=Tmr Svc          stack_free_min=2348
[MEM_MON]   task=PRINT_TST        stack_free_min=7020
[MEM_MON]   task=daemon           stack_free_min=2128
[MEM_MON]   task=class            stack_free_min=2136
[MEM_MON]   task=HEATER_FAIL      stack_free_min=4368
[MEM_MON]   task=AMP_LEDS_TST     stack_free_min=7240
[MEM_MON]   task=AMP_LEDS_ERR     stack_free_min=7232
[MEM_MON]   task=ipc0             stack_free_min=532
[MEM_MON]   task=ipc1             stack_free_min=536
[MEM_MON]   task=httpd            stack_free_min=2944
[MEM_MON]   task=esp_timer        stack_free_min=3632
[MEM_MON]   task=wifi             stack_free_min=4212
[MEM_MON]   task=sys_evt          stack_free_min=1588
[MEM_MON]   task=main             stack_free_min=1192
[MEM_MON] heap_free=85584 heap_min_free=75508 internal_free=85584
[MEM_MON]   task=MEM_MONITOR      stack_free_min=884
[MEM_MON]   task=IDLE1            stack_free_min=756
[MEM_MON]   task=IDLE0            stack_free_min=748
[MEM_MON]   task=BLINK_TESTS      stack_free_min=6736
[MEM_MON]   task=button_task      stack_free_min=6716
[MEM_MON]   task=PRINT_TST        stack_free_min=7020
[MEM_MON]   task=BUZZER_ALARM     stack_free_min=4420
[MEM_MON]   task=BUZZER_ALERT     stack_free_min=4424
[MEM_MON]   task=button_event     stack_free_min=7188
[MEM_MON]   task=LED_PANEL        stack_free_min=7216
[MEM_MON]   task=BLINK_HEATER     stack_free_min=6904
[MEM_MON]   task=TASK_CHECK_TST_  stack_free_min=7500
[MEM_MON]   task=tiT              stack_free_min=1468
[MEM_MON]   task=READ_AMPOULES_T  stack_free_min=6856
[MEM_MON]   task=PRINT_CHECK      stack_free_min=6852
[MEM_MON]   task=check_heat_temp  stack_free_min=2976
[MEM_MON]   task=check_temperatu  stack_free_min=3984
[MEM_MON]   task=Tmr Svc          stack_free_min=2348
[MEM_MON]   task=READ_AMPOULES    stack_free_min=6648
[MEM_MON]   task=class            stack_free_min=2136
[MEM_MON]   task=HEATER_FAIL      stack_free_min=4368
[MEM_MON]   task=AMP_LEDS_TST     stack_free_min=7240
[MEM_MON]   task=AMP_LEDS_ERR     stack_free_min=7232
[MEM_MON]   task=ipc0             stack_free_min=532
[MEM_MON]   task=ipc1             stack_free_min=536
[MEM_MON]   task=httpd            stack_free_min=2944
[MEM_MON]   task=sys_evt          stack_free_min=1588
[MEM_MON]   task=esp_timer        stack_free_min=3632
[MEM_MON]   task=wifi             stack_free_min=4212
[MEM_MON]   task=main             stack_free_min=1192
[MEM_MON]   task=daemon           stack_free_min=2128
[MEM_MON] heap_free=85404 heap_min_free=75508 internal_free=85404
[MEM_MON]   task=MEM_MONITOR      stack_free_min=884
[MEM_MON]   task=IDLE1            stack_free_min=756
[MEM_MON]   task=IDLE0            stack_free_min=748
[MEM_MON]   task=check_heat_temp  stack_free_min=2976
[MEM_MON]   task=PRINT_TST        stack_free_min=7020
[MEM_MON]   task=BUZZER_ALARM     stack_free_min=4420
[MEM_MON]   task=BUZZER_ALERT     stack_free_min=4424
[MEM_MON]   task=BLINK_HEATER     stack_free_min=6904
[MEM_MON]   task=TASK_CHECK_TST_  stack_free_min=7500
[MEM_MON]   task=button_event     stack_free_min=7188
[MEM_MON]   task=tiT              stack_free_min=1468
[MEM_MON]   task=LED_PANEL        stack_free_min=7216
[MEM_MON]   task=READ_AMPOULES_T  stack_free_min=6856
[MEM_MON]   task=PRINT_CHECK      stack_free_min=6852
[MEM_MON]   task=BLINK_TESTS      stack_free_min=6736
[MEM_MON]   task=button_task      stack_free_min=6716
[MEM_MON]   task=check_temperatu  stack_free_min=3984
[MEM_MON]   task=Tmr Svc          stack_free_min=2348
[MEM_MON]   task=READ_AMPOULES    stack_free_min=6648
[MEM_MON]   task=HEATER_FAIL      stack_free_min=4368
[MEM_MON]   task=AMP_LEDS_TST     stack_free_min=7240

[MEM_MON]   task=AMP_LEDS_ERR     stack_free_min=7232
[MEM_MON]   task=ipc0             stack_free_min=532
[MEM_MON]   task=ipc1             stack_free_min=536
[MEM_MON]   task=httpd            stack_free_min=2944
[MEM_MON]   task=sys_evt          stack_free_min=1588
[MEM_MON]   task=main             stack_free_min=1192
[MEM_MON]   task=esp_timer        stack_free_min=3632
[MEM_MON]   task=wifi             stack_free_min=4212
[MEM_MON]   task=daemon           stack_free_min=2128
[MEM_MON]   task=class            stack_free_min=2136
[0;31mE (303797) HEATER: Temperatura: 26.000[0m
[0;31mE (303847) HEATER: Funcoes Habilitadas: Não[0m
[0;31mE (303847) HEATER: Esta em teste: Nao[0m
[0;31mE (303857) HEATER: Temperatura estabilizada: Nao[0m
[0;31mE (303857) HEATER: Temperatura no Range > 53.0 e < 68.0: Nao[0m

[0;32mI (303867) HEATER: AGUARDE: Temperatura de aquecimento atual: 26.000[0m
[MEM_MON] heap_free=85584 heap_min_free=75508 internal_free=85584
[MEM_MON]   task=MEM_MONITOR      stack_free_min=884
[MEM_MON]   task=IDLE1            stack_free_min=756
[MEM_MON]   task=IDLE0            stack_free_min=748
[MEM_MON]   task=BLINK_TESTS      stack_free_min=6736
[MEM_MON]   task=LED_PANEL        stack_free_min=7216
[MEM_MON]   task=READ_AMPOULES    stack_free_min=6648
[MEM_MON]   task=BUZZER_ALARM     stack_free_min=4420
[MEM_MON]   task=BUZZER_ALERT     stack_free_min=4424
[MEM_MON]   task=BLINK_HEATER     stack_free_min=6904
[MEM_MON]   task=PRINT_TST        stack_free_min=7020
[MEM_MON]   task=TASK_CHECK_TST_  stack_free_min=7500
[MEM_MON]   task=tiT              stack_free_min=1468
[MEM_MON]   task=button_event     stack_free_min=7188
[MEM_MON]   task=READ_AMPOULES_T  stack_free_min=6856
[MEM_MON]   task=PRINT_CHECK      stack_free_min=6852
[MEM_MON]   task=check_temperatu  stack_free_min=3984
[MEM_MON]   task=check_heat_temp  stack_free_min=2976
[MEM_MON]   task=Tmr Svc          stack_free_min=2348
[MEM_MON]   task=button_task      stack_free_min=6716
[MEM_MON]   task=AMP_LEDS_TST     stack_free_min=7240
[MEM_MON]   task=AMP_LEDS_ERR     stack_free_min=7232
[MEM_MON]   task=ipc0             stack_free_min=532
[MEM_MON]   task=ipc1             stack_free_min=536
[MEM_MON]   task=httpd            stack_free_min=2944
[MEM_MON]   task=sys_evt          stack_free_min=1588
[MEM_MON]   task=main             stack_free_min=1192
[MEM_MON]   task=daemon           stack_free_min=2128
[MEM_MON]   task=esp_timer        stack_free_min=3632
[MEM_MON]   task=wifi             stack_free_min=4212
[MEM_MON]   task=class            stack_free_min=2136
[MEM_MON]   task=HEATER_FAIL      stack_free_min=4368
[MEM_MON] heap_free=85584 heap_min_free=75508 internal_free=85584
[MEM_MON]   task=MEM_MONITOR      stack_free_min=884
[MEM_MON]   task=IDLE1            stack_free_min=756
[MEM_MON]   task=IDLE0            stack_free_min=748
[MEM_MON]   task=LED_PANEL        stack_free_min=7216
[MEM_MON]   task=button_task      stack_free_min=6716
[MEM_MON]   task=BLINK_HEATER     stack_free_min=6904
[MEM_MON]   task=TASK_CHECK_TST_  stack_free_min=7500
[MEM_MON]   task=BLINK_TESTS      stack_free_min=6736
[MEM_MON]   task=tiT              stack_free_min=1468
[MEM_MON]   task=READ_AMPOULES    stack_free_min=6648
[MEM_MON]   task=PRINT_TST        stack_free_min=7020
[MEM_MON]   task=check_temperatu  stack_free_min=3984
[MEM_MON]   task=button_event     stack_free_min=7188
[MEM_MON]   task=READ_AMPOULES_T  stack_free_min=6856
[MEM_MON]   task=PRINT_CHECK      stack_free_min=6852
[MEM_MON]   task=check_heat_temp  stack_free_min=2976
[MEM_MON]   task=BUZZER_ALARM     stack_free_min=4420
[MEM_MON]   task=Tmr Svc          stack_free_min=2348
[MEM_MON]   task=BUZZER_ALERT     stack_free_min=4424
[MEM_MON]   task=AMP_LEDS_ERR     stack_free_min=7232
[MEM_MON]   task=ipc0             stack_free_min=532
[MEM_MON]   task=ipc1             stack_free_min=536
[MEM_MON]   task=httpd            stack_free_min=2944
[MEM_MON]   task=sys_evt          stack_free_min=1588
[MEM_MON]   task=main             stack_free_min=1192
[MEM_MON]   task=daemon           stack_free_min=2128
[MEM_MON]   task=class            stack_free_min=2136
[MEM_MON]   task=esp_timer        stack_free_min=3632
[MEM_MON]   task=wifi             stack_free_min=4212
[MEM_MON]   task=HEATER_FAIL      stack_free_min=4368
[MEM_MON]   task=AMP_LEDS_TST     stack_free_min=7240

[0;31mE (307037) HEATER: Temperatura: 26.000[0m
[0;31mE (307037) HEATER: Funcoes Habilitadas: Não[0m
[0;31mE (307037) HEATER: Esta em teste: Nao[0m
[0;31mE (307037) HEATER: Temperatura estabilizada: Nao[0m
[0;31mE (307047) HEATER: Temperatura no Range > 53.0 e < 68.0: Nao[0m

[0;32mI (307047) HEATER: AGUARDE: Temperatura de aquecimento atual: 26.000[0m
[MEM_MON] heap_free=85584 heap_min_free=75508 internal_free=85584
[MEM_MON]   task=MEM_MONITOR      stack_free_min=884
[MEM_MON]   task=IDLE1            stack_free_min=756
[MEM_MON]   task=IDLE0            stack_free_min=748
[MEM_MON]   task=button_task      stack_free_min=6716
[MEM_MON]   task=LED_PANEL        stack_free_min=7216
[MEM_MON]   task=BLINK_TESTS      stack_free_min=6736
[MEM_MON]   task=READ_AMPOULES    stack_free_min=6648
[MEM_MON]   task=button_event     stack_free_min=7188
[MEM_MON]   task=READ_AMPOULES_T  stack_free_min=6856
[MEM_MON]   task=PRINT_TST        stack_free_min=7020
[MEM_MON]   task=PRINT_CHECK      stack_free_min=6852
[MEM_MON]   task=BUZZER_ALARM     stack_free_min=4420
[MEM_MON]   task=BUZZER_ALERT     stack_free_min=4424
[MEM_MON]   task=BLINK_HEATER     stack_free_min=6904
[MEM_MON]   task=TASK_CHECK_TST_  stack_free_min=7500
[MEM_MON]   task=check_heat_temp  stack_free_min=2976
[MEM_MON]   task=check_temperatu  stack_free_min=3984
[MEM_MON]   task=Tmr Svc          stack_free_min=2348
[MEM_MON]   task=tiT              stack_free_min=1468
[MEM_MON]   task=ipc0             stack_free_min=532
[MEM_MON]   task=ipc1             stack_free_min=536
[MEM_MON]   task=httpd            stack_free_min=2944
[MEM_MON]   task=sys_evt          stack_free_min=1588
[MEM_MON]   task=main             stack_free_min=1192
[MEM_MON]   task=daemon           stack_free_min=2128
[MEM_MON]   task=class            stack_free_min=2136
[MEM_MON]   task=HEATER_FAIL      stack_free_min=4368
[MEM_MON]   task=esp_timer        stack_free_min=3632
[MEM_MON]   task=wifi             stack_free_min=4212
[MEM_MON]   task=AMP_LEDS_TST     stack_free_min=7240
[MEM_MON]   task=AMP_LEDS_ERR     stack_free_min=7232
[MEM_MON] heap_free=85584 heap_min_free=75508 internal_free=85584
[MEM_MON]   task=MEM_MONITOR      stack_free_min=884
[MEM_MON]   task=IDLE1            stack_free_min=756
[MEM_MON]   task=IDLE0            stack_free_min=748
[MEM_MON]   task=button_task      stack_free_min=6716
[MEM_MON]   task=LED_PANEL        stack_free_min=7216
[MEM_MON]   task=BLINK_TESTS      stack_free_min=6736
[MEM_MON]   task=READ_AMPOULES_T  stack_free_min=6856
[MEM_MON]   task=button_event     stack_free_min=7188
[MEM_MON]   task=tiT              stack_free_min=1468
[MEM_MON]   task=PRINT_CHECK      stack_free_min=6852
[MEM_MON]   task=PRINT_TST        stack_free_min=7020
[MEM_MON]   task=BUZZER_ALARM     stack_free_min=4420
[MEM_MON]   task=BUZZER_ALERT     stack_free_min=4424
[MEM_MON]   task=BLINK_HEATER     stack_free_min=6904
[MEM_MON]   task=TASK_CHECK_TST_  stack_free_min=7500
[MEM_MON]   task=check_heat_temp  stack_free_min=2976
[MEM_MON]   task=check_temperatu  stack_free_min=3984
[MEM_MON]   task=Tmr Svc          stack_free_min=2348
[MEM_MON]   task=READ_AMPOULES    stack_free_min=6648
[MEM_MON]   task=ipc1             stack_free_min=536
[MEM_MON]   task=httpd            stack_free_min=2944
[MEM_MON]   task=sys_evt          stack_free_min=1588
[MEM_MON]   task=main             stack_free_min=1192
[MEM_MON]   task=daemon           stack_free_min=2128
[MEM_MON]   task=class            stack_free_min=2136
[MEM_MON]   task=HEATER_FAIL      stack_free_min=4368
[MEM_MON]   task=AMP_LEDS_TST     stack_free_min=7240
[MEM_MON]   task=esp_timer        stack_free_min=3632
[MEM_MON]   task=wifi             stack_free_min=4212
[MEM_MON]   task=AMP_LEDS_ERR     stack_free_min=7232
[MEM_MON]   task=ipc0             stack_free_min=532
[MEM_MON] heap_free=85404 heap_min_free=75508 internal_free=85404
[MEM_MON]   task=MEM_MONITOR      stack_free_min=884
[MEM_MON]   task=IDLE1            stack_free_min=756
[MEM_MON]   task=IDLE0            stack_free_min=748
[MEM_MON]   task=READ_AMPOULES    stack_free_min=6648
[MEM_MON]   task=tiT              stack_free_min=1468
[MEM_MON]   task=PRINT_CHECK      stack_free_min=6852
[MEM_MON]   task=BLINK_HEATER     stack_free_min=6904
[MEM_MON]   task=button_event     stack_free_min=7188
[MEM_MON]   task=LED_PANEL        stack_free_min=7216
[MEM_MON]   task=BLINK_TESTS      stack_free_min=6736
[MEM_MON]   task=PRINT_TST        stack_free_min=7020
[MEM_MON]   task=BUZZER_ALARM     stack_free_min=4420
[MEM_MON]   task=BUZZER_ALERT     stack_free_min=4424
[MEM_MON]   task=check_heat_temp  stack_free_min=2976
[MEM_MON]   task=TASK_CHECK_TST_  stack_free_min=7500
[MEM_MON]   task=button_task      stack_free_min=6716
[MEM_MON]   task=check_temperatu  stack_free_min=3984
[MEM_MON]   task=Tmr Svc          stack_free_min=2348
[MEM_MON]   task=READ_AMPOULES_T  stack_free_min=6856
[MEM_MON]   task=httpd            stack_free_min=2944
[MEM_MON]   task=sys_evt          stack_free_min=1588
[MEM_MON]   task=main             stack_free_min=1192
[MEM_MON]   task=daemon           stack_free_min=2128
[MEM_MON]   task=class            stack_free_min=2136
[MEM_MON]   task=HEATER_FAIL      stack_free_min=4368
[MEM_MON]   task=AMP_LEDS_TST     stack_free_min=7240
[MEM_MON]   task=AMP_LEDS_ERR     stack_free_min=7232
[MEM_MON]   task=esp_timer        stack_free_min=3632
[MEM_MON]   task=wifi             stack_free_min=4212
[MEM_MON]   task=ipc0             stack_free_min=532
[MEM_MON]   task=ipc1             stack_free_min=536
[MEM_MON] heap_free=85404 heap_min_free=75508 internal_free=85404
[MEM_MON]   task=MEM_MONITOR      stack_free_min=884
[MEM_MON]   task=IDLE1            stack_free_min=756
[MEM_MON]   task=IDLE0            stack_free_min=748
[MEM_MON]   task=button_task      stack_free_min=6716
[MEM_MON]   task=BLINK_TESTS      stack_free_min=6736
[MEM_MON]   task=READ_AMPOULES    stack_free_min=6648
[MEM_MON]   task=button_event     stack_free_min=7188
[MEM_MON]   task=LED_PANEL        stack_free_min=7216
[MEM_MON]   task=BUZZER_ALARM     stack_free_min=4420
[MEM_MON]   task=BUZZER_ALERT     stack_free_min=4424
[MEM_MON]   task=PRINT_TST        stack_free_min=7020
[MEM_MON]   task=check_heat_temp  stack_free_min=2976
[MEM_MON]   task=TASK_CHECK_TST_  stack_free_min=7500
[MEM_MON]   task=tiT              stack_free_min=1468
[MEM_MON]   task=READ_AMPOULES_T  stack_free_min=6856
[MEM_MON]   task=PRINT_CHECK      stack_free_min=6852
[MEM_MON]   task=check_temperatu  stack_free_min=3984
[MEM_MON]   task=Tmr Svc          stack_free_min=2348
[MEM_MON]   task=BLINK_HEATER     stack_free_min=6904
[MEM_MON]   task=sys_evt          stack_free_min=1588
[MEM_MON]   task=main             stack_free_min=1192
[MEM_MON]   task=daemon           stack_free_min=2128
[MEM_MON]   task=class            stack_free_min=2136
[MEM_MON]   task=HEATER_FAIL      stack_free_min=4368
[MEM_MON]   task=AMP_LEDS_TST     stack_free_min=7240
[MEM_MON]   task=AMP_LEDS_ERR     stack_free_min=7232
[MEM_MON]   task=ipc0             stack_free_min=532
[MEM_MON]   task=esp_timer        stack_free_min=3632
[MEM_MON]   task=wifi             stack_free_min=4212
[MEM_MON]   task=ipc1             stack_free_min=536
[MEM_MON]   task=httpd            stack_free_min=2944
[MEM_MON] heap_free=85584 heap_min_free=75508 internal_free=85584
[MEM_MON]   task=MEM_MONITOR      stack_free_min=884
[MEM_MON]   task=IDLE1            stack_free_min=756
[MEM_MON]   task=IDLE0            stack_free_min=748
[MEM_MON]   task=PRINT_TST        stack_free_min=7020
[MEM_MON]   task=button_event     stack_free_min=7188
[MEM_MON]   task=BLINK_TESTS      stack_free_min=6736
[MEM_MON]   task=READ_AMPOULES    stack_free_min=6648
[MEM_MON]   task=BUZZER_ALARM     stack_free_min=4420
[MEM_MON]   task=BUZZER_ALERT     stack_free_min=4424
[MEM_MON]   task=LED_PANEL        stack_free_min=7216
[MEM_MON]   task=check_temperatu  stack_free_min=3984
[MEM_MON]   task=BLINK_HEATER     stack_free_min=6904
[MEM_MON]   task=TASK_CHECK_TST_  stack_free_min=7500
[MEM_MON]   task=tiT              stack_free_min=1468
[MEM_MON]   task=READ_AMPOULES_T  stack_free_min=6856
[MEM_MON]   task=PRINT_CHECK      stack_free_min=6852
[MEM_MON]   task=check_heat_temp  stack_free_min=2976
[MEM_MON]   task=Tmr Svc          stack_free_min=2348
[MEM_MON]   task=button_task      stack_free_min=6716
[MEM_MON]   task=main             stack_free_min=1192
[MEM_MON]   task=daemon           stack_free_min=2128
[MEM_MON]   task=class            stack_free_min=2136
[MEM_MON]   task=HEATER_FAIL      stack_free_min=4368
[MEM_MON]   task=AMP_LEDS_TST     stack_free_min=7240
[MEM_MON]   task=AMP_LEDS_ERR     stack_free_min=7232
[MEM_MON]   task=ipc0             stack_free_min=532
[MEM_MON]   task=ipc1             stack_free_min=536
[MEM_MON]   task=esp_timer        stack_free_min=3632
[MEM_MON]   task=wifi             stack_free_min=4212
[MEM_MON]   task=httpd            stack_free_min=2944
[MEM_MON]   task=sys_evt          stack_free_min=1588
[MEM_MON] heap_free=85584 heap_min_free=75508 internal_free=85584
[MEM_MON]   task=MEM_MONITOR      stack_free_min=884
[MEM_MON]   task=IDLE1            stack_free_min=756
[MEM_MON]   task=IDLE0            stack_free_min=748
[MEM_MON]   task=button_task      stack_free_min=6716
[MEM_MON]   task=button_event     stack_free_min=7188
[MEM_MON]   task=BUZZER_ALARM     stack_free_min=4420
[MEM_MON]   task=BUZZER_ALERT     stack_free_min=4424
[MEM_MON]   task=BLINK_TESTS      stack_free_min=6736
[MEM_MON]   task=BLINK_HEATER     stack_free_min=6904
[MEM_MON]   task=TASK_CHECK_TST_  stack_free_min=7500
[MEM_MON]   task=READ_AMPOULES    stack_free_min=6648
[MEM_MON]   task=tiT              stack_free_min=1468
[MEM_MON]   task=LED_PANEL        stack_free_min=7216
[MEM_MON]   task=READ_AMPOULES_T  stack_free_min=6856
[MEM_MON]   task=PRINT_CHECK      stack_free_min=6852
[MEM_MON]   task=check_heat_temp  stack_free_min=2976
[MEM_MON]   task=check_temperatu  stack_free_min=3984
[MEM_MON]   task=Tmr Svc          stack_free_min=2348
[MEM_MON]   task=PRINT_TST        stack_free_min=7020
[MEM_MON]   task=daemon           stack_free_min=2128
[MEM_MON]   task=class            stack_free_min=2136
[MEM_MON]   task=HEATER_FAIL      stack_free_min=4368
[MEM_MON]   task=AMP_LEDS_TST     stack_free_min=7240
[MEM_MON]   task=AMP_LEDS_ERR     stack_free_min=7232
[MEM_MON]   task=ipc0             stack_free_min=532
[MEM_MON]   task=ipc1             stack_free_min=536
[MEM_MON]   task=httpd            stack_free_min=2944
[MEM_MON]   task=esp_timer        stack_free_min=3632
[MEM_MON]   task=wifi             stack_free_min=4212
[MEM_MON]   task=sys_evt          stack_free_min=1588
[MEM_MON]   task=main             stack_free_min=1192
[MEM_MON] heap_free=85584 heap_min_free=75508 internal_free=85584
[MEM_MON]   task=MEM_MONITOR      stack_free_min=884
[MEM_MON]   task=IDLE1            stack_free_min=756
[MEM_MON]   task=IDLE0            stack_free_min=748
[MEM_MON]   task=BUZZER_ALARM     stack_free_min=4420
[MEM_MON]   task=BUZZER_ALERT     stack_free_min=4424
[MEM_MON]   task=button_event     stack_free_min=7188
[MEM_MON]   task=button_task      stack_free_min=6716
[MEM_MON]   task=PRINT_TST        stack_free_min=7020
[MEM_MON]   task=BLINK_HEATER     stack_free_min=6904
[MEM_MON]   task=check_heat_temp  stack_free_min=2976
[MEM_MON]   task=TASK_CHECK_TST_  stack_free_min=7500
[MEM_MON]   task=BLINK_TESTS      stack_free_min=6736
[MEM_MON]   task=tiT              stack_free_min=1468
[MEM_MON]   task=LED_PANEL        stack_free_min=7216
[MEM_MON]   task=READ_AMPOULES_T  stack_free_min=6856
[MEM_MON]   task=PRINT_CHECK      stack_free_min=6852
[MEM_MON]   task=check_temperatu  stack_free_min=3984
[MEM_MON]   task=Tmr Svc          stack_free_min=2348
[MEM_MON]   task=READ_AMPOULES    stack_free_min=6648
[MEM_MON]   task=class            stack_free_min=2136
[MEM_MON]   task=HEATER_FAIL      stack_free_min=4368

[MEM_MON]   task=AMP_LEDS_TST     stack_free_min=7240
[MEM_MON]   task=AMP_LEDS_ERR     stack_free_min=7232
[MEM_MON]   task=ipc0             stack_free_min=532
[MEM_MON]   task=ipc1             stack_free_min=536
[MEM_MON]   task=httpd            stack_free_min=2944
[MEM_MON]   task=sys_evt          stack_free_min=1588
[MEM_MON]   task=esp_timer        stack_free_min=3632
[MEM_MON]   task=wifi             stack_free_min=4212
[MEM_MON]   task=main             stack_free_min=1192
[0;31mE (314057) HEATER: Temperatura: 26.000[0m
[MEM_MON]   task=daemon           stack_free_min=2128
[0;31mE (314097) HEATER: Funcoes Habilitadas: Não[0m
[0;31mE (314107) HEATER: Esta em teste: Nao[0m
[0;31mE (314117) HEATER: Temperatura estabilizada: Nao[0m
[0;31mE (314117) HEATER: Temperatura no Range > 53.0 e < 68.0: Nao[0m

[0;32mI (314127) HEATER: AGUARDE: Temperatura de aquecimento atual: 26.000[0m
[MEM_MON] heap_free=85584 heap_min_free=75508 internal_free=85584
[MEM_MON]   task=MEM_MONITOR      stack_free_min=884
[MEM_MON]   task=IDLE1            stack_free_min=756
[MEM_MON]   task=IDLE0            stack_free_min=748
[MEM_MON]   task=tiT              stack_free_min=1468
[MEM_MON]   task=button_task      stack_free_min=6716
[MEM_MON]   task=READ_AMPOULES    stack_free_min=6648
[MEM_MON]   task=button_event     stack_free_min=7188
[MEM_MON]   task=PRINT_TST        stack_free_min=7020
[MEM_MON]   task=BLINK_TESTS      stack_free_min=6736
[MEM_MON]   task=READ_AMPOULES_T  stack_free_min=6856
[MEM_MON]   task=PRINT_CHECK      stack_free_min=6852
[MEM_MON]   task=LED_PANEL        stack_free_min=7216
[MEM_MON]   task=BUZZER_ALARM     stack_free_min=4420
[MEM_MON]   task=BUZZER_ALERT     stack_free_min=4424
[MEM_MON]   task=TASK_CHECK_TST_  stack_free_min=7500
[MEM_MON]   task=check_heat_temp  stack_free_min=2976
[MEM_MON]   task=check_temperatu  stack_free_min=3984
[MEM_MON]   task=Tmr Svc          stack_free_min=2348
[MEM_MON]   task=BLINK_HEATER     stack_free_min=6904
[MEM_MON]   task=HEATER_FAIL      stack_free_min=4368
[MEM_MON]   task=AMP_LEDS_TST     stack_free_min=7240
[MEM_MON]   task=AMP_LEDS_ERR     stack_free_min=7232
[MEM_MON]   task=ipc0             stack_free_min=532
[MEM_MON]   task=ipc1             stack_free_min=536
[MEM_MON]   task=httpd            stack_free_min=2944
[MEM_MON]   task=sys_evt          stack_free_min=1588
[MEM_MON]   task=main             stack_free_min=1192
[MEM_MON]   task=esp_timer        stack_free_min=3632
[MEM_MON]   task=wifi             stack_free_min=4212
[MEM_MON]   task=daemon           stack_free_min=2128
[MEM_MON]   task=class            stack_free_min=2136
[MEM_MON] heap_free=85584 heap_min_free=75508 internal_free=85584
[MEM_MON]   task=MEM_MONITOR      stack_free_min=884
[MEM_MON]   task=IDLE1            stack_free_min=756
[MEM_MON]   task=IDLE0            stack_free_min=748
[MEM_MON]   task=LED_PANEL        stack_free_min=7216
[MEM_MON]   task=READ_AMPOULES    stack_free_min=6648
[MEM_MON]   task=READ_AMPOULES_T  stack_free_min=6856
[MEM_MON]   task=PRINT_TST        stack_free_min=7020
[MEM_MON]   task=BLINK_TESTS      stack_free_min=6736
[MEM_MON]   task=tiT              stack_free_min=1468
[MEM_MON]   task=PRINT_CHECK      stack_free_min=6852
[MEM_MON]   task=BLINK_HEATER     stack_free_min=6904
[MEM_MON]   task=BUZZER_ALARM     stack_free_min=4420
[MEM_MON]   task=BUZZER_ALERT     stack_free_min=4424
[MEM_MON]   task=TASK_CHECK_TST_  stack_free_min=7500
[MEM_MON]   task=check_heat_temp  stack_free_min=2976
[MEM_MON]   task=button_task      stack_free_min=6716
[MEM_MON]   task=check_temperatu  stack_free_min=3984
[MEM_MON]   task=Tmr Svc          stack_free_min=2348
[MEM_MON]   task=button_event     stack_free_min=7188
[MEM_MON]   task=AMP_LEDS_TST     stack_free_min=7240
[MEM_MON]   task=AMP_LEDS_ERR     stack_free_min=7232
[MEM_MON]   task=ipc0             stack_free_min=532
[MEM_MON]   task=ipc1             stack_free_min=536
[MEM_MON]   task=httpd            stack_free_min=2944
[MEM_MON]   task=sys_evt          stack_free_min=1588
[MEM_MON]   task=main             stack_free_min=1192
[MEM_MON]   task=daemon           stack_free_min=2128
[MEM_MON]   task=esp_timer        stack_free_min=3632
[MEM_MON]   task=wifi             stack_free_min=4212
[MEM_MON]   task=class            stack_free_min=2136
[MEM_MON]   task=HEATER_FAIL      stack_free_min=4368
[MEM_MON] heap_free=85584 heap_min_free=75508 internal_free=85584
[MEM_MON]   task=MEM_MONITOR      stack_free_min=884
[MEM_MON]   task=IDLE1            stack_free_min=756
[MEM_MON]   task=IDLE0            stack_free_min=748
[MEM_MON]   task=button_task      stack_free_min=6716
[MEM_MON]   task=READ_AMPOULES_T  stack_free_min=6856
[MEM_MON]   task=tiT              stack_free_min=1468
[MEM_MON]   task=PRINT_CHECK      stack_free_min=6852
[MEM_MON]   task=READ_AMPOULES    stack_free_min=6648
[MEM_MON]   task=BLINK_TESTS      stack_free_min=6736
[MEM_MON]   task=BLINK_HEATER     stack_free_min=6904
[MEM_MON]   task=PRINT_TST        stack_free_min=7020
[MEM_MON]   task=check_temperatu  stack_free_min=3984
[MEM_MON]   task=BUZZER_ALARM     stack_free_min=4420
[MEM_MON]   task=BUZZER_ALERT     stack_free_min=4424
[MEM_MON]   task=TASK_CHECK_TST_  stack_free_min=7500
[MEM_MON]   task=check_heat_temp  stack_free_min=2976
[MEM_MON]   task=button_event     stack_free_min=7188
[MEM_MON]   task=Tmr Svc          stack_free_min=2348
[MEM_MON]   task=LED_PANEL        stack_free_min=7216
[MEM_MON]   task=AMP_LEDS_ERR     stack_free_min=7232
[MEM_MON]   task=ipc0             stack_free_min=532
[MEM_MON]   task=ipc1             stack_free_min=536
[MEM_MON]   task=httpd            stack_free_min=2944
[MEM_MON]   task=sys_evt          stack_free_min=1588
[MEM_MON]   task=main             stack_free_min=1192
[MEM_MON]   task=daemon           stack_free_min=2128
[MEM_MON]   task=class            stack_free_min=2136
[MEM_MON]   task=esp_timer        stack_free_min=3632
[MEM_MON]   task=wifi             stack_free_min=4212
[MEM_MON]   task=HEATER_FAIL      stack_free_min=4368
[MEM_MON]   task=AMP_LEDS_TST     stack_free_min=7240
[MEM_MON] heap_free=85584 heap_min_free=75508 internal_free=85584
[MEM_MON]   task=MEM_MONITOR      stack_free_min=884
[MEM_MON]   task=IDLE1            stack_free_min=756
[MEM_MON]   task=IDLE0            stack_free_min=748
[MEM_MON]   task=check_temperatu  stack_free_min=3984
[MEM_MON]   task=button_task      stack_free_min=6716
[MEM_MON]   task=LED_PANEL        stack_free_min=7216
[MEM_MON]   task=BLINK_HEATER     stack_free_min=6904
[MEM_MON]   task=READ_AMPOULES    stack_free_min=6648
[MEM_MON]   task=BLINK_TESTS      stack_free_min=6736
[MEM_MON]   task=PRINT_TST        stack_free_min=7020
[MEM_MON]   task=BUZZER_ALARM     stack_free_min=4420
[MEM_MON]   task=BUZZER_ALERT     stack_free_min=4424
[MEM_MON]   task=TASK_CHECK_TST_  stack_free_min=7500
[MEM_MON]   task=tiT              stack_free_min=1468
[MEM_MON]   task=READ_AMPOULES_T  stack_free_min=6856
[MEM_MON]   task=button_event     stack_free_min=7188
[MEM_MON]   task=check_heat_temp  stack_free_min=2976
[MEM_MON]   task=Tmr Svc          stack_free_min=2348
[MEM_MON]   task=PRINT_CHECK      stack_free_min=6852
[MEM_MON]   task=ipc0             stack_free_min=532
[MEM_MON]   task=ipc1             stack_free_min=536
[MEM_MON]   task=httpd            stack_free_min=2944
[MEM_MON]   task=sys_evt          stack_free_min=1588
[MEM_MON]   task=main             stack_free_min=1192
[MEM_MON]   task=daemon           stack_free_min=2128
[MEM_MON]   task=class            stack_free_min=2136
[MEM_MON]   task=HEATER_FAIL      stack_free_min=4368
[MEM_MON]   task=esp_timer        stack_free_min=3632
[MEM_MON]   task=wifi             stack_free_min=4212
[MEM_MON]   task=AMP_LEDS_TST     stack_free_min=7240
[MEM_MON]   task=AMP_LEDS_ERR     stack_free_min=7232
[MEM_MON] heap_free=85404 heap_min_free=75508 internal_free=85404
[MEM_MON]   task=MEM_MONITOR      stack_free_min=884
[MEM_MON]   task=IDLE1            stack_free_min=756
[MEM_MON]   task=IDLE0            stack_free_min=748
[MEM_MON]   task=button_task      stack_free_min=6716
[MEM_MON]   task=LED_PANEL        stack_free_min=7216
[MEM_MON]   task=BUZZER_ALARM     stack_free_min=4420
[MEM_MON]   task=BUZZER_ALERT     stack_free_min=4424
[MEM_MON]   task=PRINT_TST        stack_free_min=7020
[MEM_MON]   task=TASK_CHECK_TST_  stack_free_min=7500
[MEM_MON]   task=BLINK_HEATER     stack_free_min=6904
[MEM_MON]   task=tiT              stack_free_min=1468
[MEM_MON]   task=READ_AMPOULES_T  stack_free_min=6856
[MEM_MON]   task=PRINT_CHECK      stack_free_min=6852
[MEM_MON]   task=button_event     stack_free_min=7188
[MEM_MON]   task=READ_AMPOULES    stack_free_min=6648
[MEM_MON]   task=check_heat_temp  stack_free_min=2976
[MEM_MON]   task=check_temperatu  stack_free_min=3984
[MEM_MON]   task=Tmr Svc          stack_free_min=2348
[MEM_MON]   task=BLINK_TESTS      stack_free_min=6736
[MEM_MON]   task=ipc1             stack_free_min=536
[MEM_MON]   task=httpd            stack_free_min=2944
[MEM_MON]   task=sys_evt          stack_free_min=1588
[MEM_MON]   task=main             stack_free_min=1192
[MEM_MON]   task=daemon           stack_free_min=2128
[MEM_MON]   task=class            stack_free_min=2136
[MEM_MON]   task=HEATER_FAIL      stack_free_min=4368
[MEM_MON]   task=AMP_LEDS_TST     stack_free_min=7240
[MEM_MON]   task=esp_timer        stack_free_min=3632
[MEM_MON]   task=wifi             stack_free_min=4212
[MEM_MON]   task=AMP_LEDS_ERR     stack_free_min=7232
[MEM_MON]   task=ipc0             stack_free_min=532
[MEM_MON] heap_free=85584 heap_min_free=75508 internal_free=85584
[MEM_MON]   task=MEM_MONITOR      stack_free_min=884
[MEM_MON]   task=IDLE1            stack_free_min=756
[MEM_MON]   task=IDLE0            stack_free_min=748
[MEM_MON]   task=READ_AMPOULES    stack_free_min=6648
[MEM_MON]   task=BUZZER_ALARM     stack_free_min=4420
[MEM_MON]   task=BUZZER_ALERT     stack_free_min=4424
[MEM_MON]   task=LED_PANEL        stack_free_min=7216
[MEM_MON]   task=TASK_CHECK_TST_  stack_free_min=7500
[MEM_MON]   task=BLINK_TESTS      stack_free_min=6736
[MEM_MON]   task=BLINK_HEATER     stack_free_min=6904
[MEM_MON]   task=tiT              stack_free_min=1468
[MEM_MON]   task=check_heat_temp  stack_free_min=2976
[MEM_MON]   task=PRINT_TST        stack_free_min=7020
[MEM_MON]   task=READ_AMPOULES_T  stack_free_min=6856
[MEM_MON]   task=PRINT_CHECK      stack_free_min=6852
[MEM_MON]   task=button_event     stack_free_min=7188
[MEM_MON]   task=check_temperatu  stack_free_min=3984
[MEM_MON]   task=Tmr Svc          stack_free_min=2348
[MEM_MON]   task=button_task      stack_free_min=6716
[MEM_MON]   task=httpd            stack_free_min=2944
[MEM_MON]   task=sys_evt          stack_free_min=1588
[MEM_MON]   task=main             stack_free_min=1192
[MEM_MON]   task=daemon           stack_free_min=2128
[MEM_MON]   task=class            stack_free_min=2136
[MEM_MON]   task=HEATER_FAIL      stack_free_min=4368
[MEM_MON]   task=AMP_LEDS_TST     stack_free_min=7240
[MEM_MON]   task=AMP_LEDS_ERR     stack_free_min=7232
[MEM_MON]   task=esp_timer        stack_free_min=3632
[MEM_MON]   task=wifi             stack_free_min=4212
[MEM_MON]   task=ipc0             stack_free_min=532
[MEM_MON]   task=ipc1             stack_free_min=536

[0;31mE (321137) HEATER: Temperatura: 26.000[0m
[0;31mE (321137) HEATER: Funcoes Habilitadas: Não[0m
[0;31mE (321137) HEATER: Esta em teste: Nao[0m
[0;31mE (321137) HEATER: Temperatura estabilizada: Nao[0m
[0;31mE (321137) HEATER: Temperatura no Range > 53.0 e < 68.0: Nao[0m

[0;32mI (321147) HEATER: AGUARDE: Temperatura de aquecimento atual: 26.000[0m
[MEM_MON] heap_free=85404 heap_min_free=75508 internal_free=85404
[MEM_MON]   task=MEM_MONITOR      stack_free_min=884
[MEM_MON]   task=IDLE1            stack_free_min=756
[MEM_MON]   task=IDLE0            stack_free_min=748
[MEM_MON]   task=BUZZER_ALERT     stack_free_min=4424
[MEM_MON]   task=BLINK_TESTS      stack_free_min=6736
[MEM_MON]   task=TASK_CHECK_TST_  stack_free_min=7500
[MEM_MON]   task=READ_AMPOULES    stack_free_min=6648
[MEM_MON]   task=tiT              stack_free_min=1468
[MEM_MON]   task=BLINK_HEATER     stack_free_min=6904
[MEM_MON]   task=LED_PANEL        stack_free_min=7216
[MEM_MON]   task=READ_AMPOULES_T  stack_free_min=6856
[MEM_MON]   task=PRINT_TST        stack_free_min=7020
[MEM_MON]   task=PRINT_CHECK      stack_free_min=6852
[MEM_MON]   task=button_event     stack_free_min=7188
[MEM_MON]   task=button_task      stack_free_min=6716
[MEM_MON]   task=check_temperatu  stack_free_min=3984
[MEM_MON]   task=check_heat_temp  stack_free_min=2976
[MEM_MON]   task=Tmr Svc          stack_free_min=2348
[MEM_MON]   task=BUZZER_ALARM     stack_free_min=4420
[MEM_MON]   task=sys_evt          stack_free_min=1588
[MEM_MON]   task=main             stack_free_min=1192
[MEM_MON]   task=daemon           stack_free_min=2128
[MEM_MON]   task=class            stack_free_min=2136
[MEM_MON]   task=HEATER_FAIL      stack_free_min=4368
[MEM_MON]   task=AMP_LEDS_TST     stack_free_min=7240
[MEM_MON]   task=AMP_LEDS_ERR     stack_free_min=7232
[MEM_MON]   task=ipc0             stack_free_min=532
[MEM_MON]   task=esp_timer        stack_free_min=3632
[MEM_MON]   task=wifi             stack_free_min=4212
[MEM_MON]   task=ipc1             stack_free_min=536
[MEM_MON]   task=httpd            stack_free_min=2944
[MEM_MON] heap_free=85584 heap_min_free=75508 internal_free=85584
[MEM_MON]   task=MEM_MONITOR      stack_free_min=884
[MEM_MON]   task=IDLE1            stack_free_min=756
[MEM_MON]   task=IDLE0            stack_free_min=748
[MEM_MON]   task=tiT              stack_free_min=1468
[MEM_MON]   task=PRINT_TST        stack_free_min=7020
[MEM_MON]   task=BLINK_HEATER     stack_free_min=6904
[MEM_MON]   task=BLINK_TESTS      stack_free_min=6736
[MEM_MON]   task=READ_AMPOULES    stack_free_min=6648
[MEM_MON]   task=LED_PANEL        stack_free_min=7216
[MEM_MON]   task=READ_AMPOULES_T  stack_free_min=6856
[MEM_MON]   task=PRINT_CHECK      stack_free_min=6852
[MEM_MON]   task=check_temperatu  stack_free_min=3984
[MEM_MON]   task=button_event     stack_free_min=7188
[MEM_MON]   task=BUZZER_ALARM     stack_free_min=4420
[MEM_MON]   task=BUZZER_ALERT     stack_free_min=4424
[MEM_MON]   task=TASK_CHECK_TST_  stack_free_min=7500
[MEM_MON]   task=check_heat_temp  stack_free_min=2976
[MEM_MON]   task=Tmr Svc          stack_free_min=2348
[MEM_MON]   task=button_task      stack_free_min=6716
[MEM_MON]   task=main             stack_free_min=1192
[MEM_MON]   task=daemon           stack_free_min=2128
[MEM_MON]   task=class            stack_free_min=2136
[MEM_MON]   task=HEATER_FAIL      stack_free_min=4368
[MEM_MON]   task=AMP_LEDS_TST     stack_free_min=7240
[MEM_MON]   task=AMP_LEDS_ERR     stack_free_min=7232
[MEM_MON]   task=ipc0             stack_free_min=532
[MEM_MON]   task=ipc1             stack_free_min=536
[MEM_MON]   task=esp_timer        stack_free_min=3632
[MEM_MON]   task=wifi             stack_free_min=4212
[MEM_MON]   task=httpd            stack_free_min=2944
[MEM_MON]   task=sys_evt          stack_free_min=1588
[MEM_MON] heap_free=85584 heap_min_free=75508 internal_free=85584
[MEM_MON]   task=MEM_MONITOR      stack_free_min=884
[MEM_MON]   task=IDLE1            stack_free_min=756
[MEM_MON]   task=IDLE0            stack_free_min=748
[MEM_MON]   task=check_temperatu  stack_free_min=3984
[MEM_MON]   task=PRINT_TST        stack_free_min=7020
[MEM_MON]   task=READ_AMPOULES_T  stack_free_min=6856
[MEM_MON]   task=READ_AMPOULES    stack_free_min=6648
[MEM_MON]   task=tiT              stack_free_min=1468
[MEM_MON]   task=PRINT_CHECK      stack_free_min=6852
[MEM_MON]   task=LED_PANEL        stack_free_min=7216
[MEM_MON]   task=BLINK_TESTS      stack_free_min=6736
[MEM_MON]   task=BLINK_HEATER     stack_free_min=6904
[MEM_MON]   task=BUZZER_ALARM     stack_free_min=4420
[MEM_MON]   task=BUZZER_ALERT     stack_free_min=4424
[MEM_MON]   task=button_event     stack_free_min=7188
[MEM_MON]   task=TASK_CHECK_TST_  stack_free_min=7500
[MEM_MON]   task=check_heat_temp  stack_free_min=2976
[MEM_MON]   task=Tmr Svc          stack_free_min=2348
[MEM_MON]   task=button_task      stack_free_min=6716
[MEM_MON]   task=daemon           stack_free_min=2128
[MEM_MON]   task=class            stack_free_min=2136
[MEM_MON]   task=HEATER_FAIL      stack_free_min=4368

[MEM_MON]   task=AMP_LEDS_TST     stack_free_min=7240
[0;31mE (324327) HEATER: Temperatura: 26.000[0m
[MEM_MON]   task=AMP_LEDS_ERR     stack_free_min=7232
[0;31mE (324337) HEATER: Funcoes Habilitadas: Não[0m
[0;31mE (324347) HEATER: Esta em teste: Nao[0m
[MEM_MON]   task=ipc0             stack_free_min=532
[0;31mE (324347) HEATER: Temperatura estabilizada: Nao[0m
[MEM_MON]   task=ipc1             stack_free_min=536
[MEM_MON]   task=httpd            stack_free_min=2944
[MEM_MON]   task=esp_timer        stack_free_min=3632
[MEM_MON]   task=wifi             stack_free_min=4212
[MEM_MON]   task=sys_evt          stack_free_min=1588
[MEM_MON]   task=main             stack_free_min=1192
[0;31mE (324357) HEATER: Temperatura no Range > 53.0 e < 68.0: Nao[0m

[0;32mI (324397) HEATER: AGUARDE: Temperatura de aquecimento atual: 26.000[0m
[MEM_MON] heap_free=85584 heap_min_free=75508 internal_free=85584
[MEM_MON]   task=MEM_MONITOR      stack_free_min=884
[MEM_MON]   task=IDLE0            stack_free_min=748
[MEM_MON]   task=IDLE1            stack_free_min=756
[MEM_MON]   task=button_task      stack_free_min=6716
[MEM_MON]   task=READ_AMPOULES_T  stack_free_min=6856
[MEM_MON]   task=PRINT_TST        stack_free_min=7020
[MEM_MON]   task=tiT              stack_free_min=1468
[MEM_MON]   task=PRINT_CHECK      stack_free_min=6852
[MEM_MON]   task=BLINK_HEATER     stack_free_min=6904
[MEM_MON]   task=READ_AMPOULES    stack_free_min=6648
[MEM_MON]   task=LED_PANEL        stack_free_min=7216
[MEM_MON]   task=BUZZER_ALARM     stack_free_min=4420
[MEM_MON]   task=BUZZER_ALERT     stack_free_min=4424
[MEM_MON]   task=TASK_CHECK_TST_  stack_free_min=7500
[MEM_MON]   task=button_event     stack_free_min=7188
[MEM_MON]   task=check_heat_temp  stack_free_min=2976
[MEM_MON]   task=check_temperatu  stack_free_min=3984
[MEM_MON]   task=Tmr Svc          stack_free_min=2348
[MEM_MON]   task=BLINK_TESTS      stack_free_min=6736
[MEM_MON]   task=class            stack_free_min=2136
[MEM_MON]   task=HEATER_FAIL      stack_free_min=4368
[MEM_MON]   task=AMP_LEDS_TST     stack_free_min=7240
[MEM_MON]   task=AMP_LEDS_ERR     stack_free_min=7232
[MEM_MON]   task=ipc0             stack_free_min=532
[MEM_MON]   task=ipc1             stack_free_min=536
[MEM_MON]   task=httpd            stack_free_min=2944
[MEM_MON]   task=sys_evt          stack_free_min=1588
[MEM_MON]   task=esp_timer        stack_free_min=3632
[MEM_MON]   task=wifi             stack_free_min=4212
[MEM_MON]   task=main             stack_free_min=1192
[MEM_MON]   task=daemon           stack_free_min=2128
[MEM_MON] heap_free=85584 heap_min_free=75508 internal_free=85584
[MEM_MON]   task=MEM_MONITOR      stack_free_min=884
[MEM_MON]   task=IDLE1            stack_free_min=756
[MEM_MON]   task=IDLE0            stack_free_min=748
[MEM_MON]   task=button_task      stack_free_min=6716
[MEM_MON]   task=READ_AMPOULES    stack_free_min=6648
[MEM_MON]   task=BLINK_TESTS      stack_free_min=6736
[MEM_MON]   task=PRINT_TST        stack_free_min=7020
[MEM_MON]   task=BLINK_HEATER     stack_free_min=6904
[MEM_MON]   task=BUZZER_ALARM     stack_free_min=4420
[MEM_MON]   task=BUZZER_ALERT     stack_free_min=4424
[MEM_MON]   task=LED_PANEL        stack_free_min=7216
[MEM_MON]   task=TASK_CHECK_TST_  stack_free_min=7500
[MEM_MON]   task=tiT              stack_free_min=1468
[MEM_MON]   task=button_event     stack_free_min=7188
[MEM_MON]   task=check_heat_temp  stack_free_min=2976
[MEM_MON]   task=READ_AMPOULES_T  stack_free_min=6856
[MEM_MON]   task=check_temperatu  stack_free_min=3984
[MEM_MON]   task=Tmr Svc          stack_free_min=2348
[MEM_MON]   task=PRINT_CHECK      stack_free_min=6852
[MEM_MON]   task=HEATER_FAIL      stack_free_min=4368
[MEM_MON]   task=AMP_LEDS_TST     stack_free_min=7240
[MEM_MON]   task=AMP_LEDS_ERR     stack_free_min=7232
[MEM_MON]   task=ipc0             stack_free_min=532
[MEM_MON]   task=ipc1             stack_free_min=536
[MEM_MON]   task=httpd            stack_free_min=2944
[MEM_MON]   task=sys_evt          stack_free_min=1588
[MEM_MON]   task=main             stack_free_min=1192
[MEM_MON]   task=wifi             stack_free_min=4212
[MEM_MON]   task=esp_timer        stack_free_min=3632
[MEM_MON]   task=daemon           stack_free_min=2128
[MEM_MON]   task=class            stack_free_min=2136
[MEM_MON] heap_free=85584 heap_min_free=75508 internal_free=85584
[MEM_MON]   task=MEM_MONITOR      stack_free_min=884
[MEM_MON]   task=IDLE1            stack_free_min=756
[MEM_MON]   task=IDLE0            stack_free_min=748
[MEM_MON]   task=button_task      stack_free_min=6716
[MEM_MON]   task=READ_AMPOULES    stack_free_min=6648
[MEM_MON]   task=BLINK_TESTS      stack_free_min=6736
[MEM_MON]   task=PRINT_TST        stack_free_min=7020
[MEM_MON]   task=BUZZER_ALARM     stack_free_min=4420
[MEM_MON]   task=BUZZER_ALERT     stack_free_min=4424
[MEM_MON]   task=TASK_CHECK_TST_  stack_free_min=7500
[MEM_MON]   task=tiT              stack_free_min=1468
[MEM_MON]   task=BLINK_HEATER     stack_free_min=6904
[MEM_MON]   task=button_event     stack_free_min=7188
[MEM_MON]   task=check_heat_temp  stack_free_min=2976
[MEM_MON]   task=READ_AMPOULES_T  stack_free_min=6856
[MEM_MON]   task=PRINT_CHECK      stack_free_min=6852
[MEM_MON]   task=check_temperatu  stack_free_min=3984
[MEM_MON]   task=Tmr Svc          stack_free_min=2348
[MEM_MON]   task=LED_PANEL        stack_free_min=7216
[MEM_MON]   task=AMP_LEDS_TST     stack_free_min=7240
[MEM_MON]   task=AMP_LEDS_ERR     stack_free_min=7232
[MEM_MON]   task=ipc0             stack_free_min=532
[MEM_MON]   task=ipc1             stack_free_min=536
[MEM_MON]   task=httpd            stack_free_min=2944
[MEM_MON]   task=sys_evt          stack_free_min=1588
[MEM_MON]   task=main             stack_free_min=1192
[MEM_MON]   task=daemon           stack_free_min=2128
[MEM_MON]   task=esp_timer        stack_free_min=3632
[MEM_MON]   task=wifi             stack_free_min=4212
[MEM_MON]   task=class            stack_free_min=2136
[MEM_MON]   task=HEATER_FAIL      stack_free_min=4368
[MEM_MON] heap_free=85584 heap_min_free=75508 internal_free=85584
[MEM_MON]   task=MEM_MONITOR      stack_free_min=884
[MEM_MON]   task=IDLE1            stack_free_min=756
[MEM_MON]   task=IDLE0            stack_free_min=748
[MEM_MON]   task=BLINK_TESTS      stack_free_min=6736
[MEM_MON]   task=LED_PANEL        stack_free_min=7216
[MEM_MON]   task=BUZZER_ALARM     stack_free_min=4420
[MEM_MON]   task=READ_AMPOULES    stack_free_min=6648
[MEM_MON]   task=BUZZER_ALERT     stack_free_min=4424
[MEM_MON]   task=PRINT_TST        stack_free_min=7020
[MEM_MON]   task=TASK_CHECK_TST_  stack_free_min=7500
[MEM_MON]   task=tiT              stack_free_min=1468
[MEM_MON]   task=BLINK_HEATER     stack_free_min=6904
[MEM_MON]   task=check_temperatu  stack_free_min=3984
[MEM_MON]   task=button_event     stack_free_min=7188
[MEM_MON]   task=READ_AMPOULES_T  stack_free_min=6856
[MEM_MON]   task=PRINT_CHECK      stack_free_min=6852
[MEM_MON]   task=check_heat_temp  stack_free_min=2976
[MEM_MON]   task=Tmr Svc          stack_free_min=2348
[MEM_MON]   task=button_task      stack_free_min=6716
[MEM_MON]   task=AMP_LEDS_ERR     stack_free_min=7232
[MEM_MON]   task=ipc0             stack_free_min=532
[MEM_MON]   task=ipc1             stack_free_min=536
[MEM_MON]   task=httpd            stack_free_min=2944
[MEM_MON]   task=sys_evt          stack_free_min=1588
[MEM_MON]   task=main             stack_free_min=1192
[MEM_MON]   task=daemon           stack_free_min=2128
[MEM_MON]   task=class            stack_free_min=2136
[MEM_MON]   task=esp_timer        stack_free_min=3632
[MEM_MON]   task=wifi             stack_free_min=4212
[MEM_MON]   task=HEATER_FAIL      stack_free_min=4368
[MEM_MON]   task=AMP_LEDS_TST     stack_free_min=7240
[MEM_MON] heap_free=85404 heap_min_free=75508 internal_free=85404
[MEM_MON]   task=MEM_MONITOR      stack_free_min=884
[MEM_MON]   task=IDLE1            stack_free_min=756
[MEM_MON]   task=IDLE0            stack_free_min=748
[MEM_MON]   task=BUZZER_ALERT     stack_free_min=4424
[MEM_MON]   task=LED_PANEL        stack_free_min=7216
[MEM_MON]   task=TASK_CHECK_TST_  stack_free_min=7500
[MEM_MON]   task=check_temperatu  stack_free_min=3984
[MEM_MON]   task=BLINK_TESTS      stack_free_min=6736
[MEM_MON]   task=tiT              stack_free_min=1468
[MEM_MON]   task=BLINK_HEATER     stack_free_min=6904
[MEM_MON]   task=READ_AMPOULES    stack_free_min=6648
[MEM_MON]   task=PRINT_TST        stack_free_min=7020
[MEM_MON]   task=READ_AMPOULES_T  stack_free_min=6856
[MEM_MON]   task=button_event     stack_free_min=7188
[MEM_MON]   task=PRINT_CHECK      stack_free_min=6852
[MEM_MON]   task=button_task      stack_free_min=6716
[MEM_MON]   task=check_heat_temp  stack_free_min=2976
[MEM_MON]   task=Tmr Svc          stack_free_min=2348
[MEM_MON]   task=BUZZER_ALARM     stack_free_min=4420
[MEM_MON]   task=ipc0             stack_free_min=532
[MEM_MON]   task=ipc1             stack_free_min=536
[MEM_MON]   task=httpd            stack_free_min=2944
[MEM_MON]   task=sys_evt          stack_free_min=1588
[MEM_MON]   task=main             stack_free_min=1192
[MEM_MON]   task=daemon           stack_free_min=2128
[MEM_MON]   task=class            stack_free_min=2136
[MEM_MON]   task=HEATER_FAIL      stack_free_min=4368
[MEM_MON]   task=esp_timer        stack_free_min=3632
[MEM_MON]   task=wifi             stack_free_min=4212
[MEM_MON]   task=AMP_LEDS_TST     stack_free_min=7240
[MEM_MON]   task=AMP_LEDS_ERR     stack_free_min=7232
[MEM_MON] heap_free=85584 heap_min_free=75508 internal_free=85584
[MEM_MON]   task=MEM_MONITOR      stack_free_min=884
[MEM_MON]   task=IDLE0            stack_free_min=748
[MEM_MON]   task=IDLE1            stack_free_min=756
[MEM_MON]   task=tiT              stack_free_min=1468
[MEM_MON]   task=LED_PANEL        stack_free_min=7216
[MEM_MON]   task=BLINK_TESTS      stack_free_min=6736
[MEM_MON]   task=READ_AMPOULES    stack_free_min=6648
[MEM_MON]   task=check_heat_temp  stack_free_min=2976
[MEM_MON]   task=READ_AMPOULES_T  stack_free_min=6856
[MEM_MON]   task=PRINT_TST        stack_free_min=7020
[MEM_MON]   task=PRINT_CHECK      stack_free_min=6852
[MEM_MON]   task=button_event     stack_free_min=7188
[MEM_MON]   task=BLINK_HEATER     stack_free_min=6904
[MEM_MON]   task=BUZZER_ALARM     stack_free_min=4420
[MEM_MON]   task=BUZZER_ALERT     stack_free_min=4424
[MEM_MON]   task=TASK_CHECK_TST_  stack_free_min=7500
[MEM_MON]   task=check_temperatu  stack_free_min=3984
[MEM_MON]   task=Tmr Svc          stack_free_min=2348
[MEM_MON]   task=button_task      stack_free_min=6716
[MEM_MON]   task=ipc1             stack_free_min=536
[MEM_MON]   task=httpd            stack_free_min=2944
[MEM_MON]   task=sys_evt          stack_free_min=1588
[MEM_MON]   task=main             stack_free_min=1192
[MEM_MON]   task=daemon           stack_free_min=2128
[MEM_MON]   task=class            stack_free_min=2136
[MEM_MON]   task=HEATER_FAIL      stack_free_min=4368
[MEM_MON]   task=AMP_LEDS_TST     stack_free_min=7240
[MEM_MON]   task=esp_timer        stack_free_min=3632
[MEM_MON]   task=wifi             stack_free_min=4212
[MEM_MON]   task=AMP_LEDS_ERR     stack_free_min=7232
[MEM_MON]   task=ipc0             stack_free_min=532

[0;31mE (331407) HEATER: Temperatura: 26.000[0m
[0;31mE (331407) HEATER: Funcoes Habilitadas: Não[0m
[0;31mE (331407) HEATER: Esta em teste: Nao[0m
[0;31mE (331407) HEATER: Temperatura estabilizada: Nao[0m
[0;31mE (331407) HEATER: Temperatura no Range > 53.0 e < 68.0: Nao[0m

[0;32mI (331417) HEATER: AGUARDE: Temperatura de aquecimento atual: 26.000[0m
[MEM_MON] heap_free=85584 heap_min_free=75508 internal_free=85584
[MEM_MON]   task=MEM_MONITOR      stack_free_min=884
[MEM_MON]   task=IDLE0            stack_free_min=748
[MEM_MON]   task=IDLE1            stack_free_min=756
[MEM_MON]   task=READ_AMPOULES    stack_free_min=6648
[MEM_MON]   task=LED_PANEL        stack_free_min=7216
[MEM_MON]   task=BLINK_TESTS      stack_free_min=6736
[MEM_MON]   task=READ_AMPOULES_T  stack_free_min=6856
[MEM_MON]   task=tiT              stack_free_min=1468
[MEM_MON]   task=PRINT_CHECK      stack_free_min=6852
[MEM_MON]   task=PRINT_TST        stack_free_min=7020
[MEM_MON]   task=BLINK_HEATER     stack_free_min=6904
[MEM_MON]   task=button_event     stack_free_min=7188
[MEM_MON]   task=BUZZER_ALARM     stack_free_min=4420
[MEM_MON]   task=BUZZER_ALERT     stack_free_min=4424
[MEM_MON]   task=TASK_CHECK_TST_  stack_free_min=7500
[MEM_MON]   task=check_heat_temp  stack_free_min=2976
[MEM_MON]   task=check_temperatu  stack_free_min=3984
[MEM_MON]   task=Tmr Svc          stack_free_min=2348
[MEM_MON]   task=button_task      stack_free_min=6716
[MEM_MON]   task=httpd            stack_free_min=2944
[MEM_MON]   task=sys_evt          stack_free_min=1588
[MEM_MON]   task=main             stack_free_min=1192
[MEM_MON]   task=daemon           stack_free_min=2128
[MEM_MON]   task=class            stack_free_min=2136
[MEM_MON]   task=HEATER_FAIL      stack_free_min=4368
[MEM_MON]   task=AMP_LEDS_TST     stack_free_min=7240
[MEM_MON]   task=AMP_LEDS_ERR     stack_free_min=7232
[MEM_MON]   task=wifi             stack_free_min=4212
[MEM_MON]   task=esp_timer        stack_free_min=3632
[MEM_MON]   task=ipc0             stack_free_min=532
[MEM_MON]   task=ipc1             stack_free_min=536
[MEM_MON] heap_free=85584 heap_min_free=75508 internal_free=85584
[MEM_MON]   task=MEM_MONITOR      stack_free_min=884
[MEM_MON]   task=IDLE1            stack_free_min=756
[MEM_MON]   task=IDLE0            stack_free_min=748
[MEM_MON]   task=READ_AMPOULES_T  stack_free_min=6856
[MEM_MON]   task=READ_AMPOULES    stack_free_min=6648
[MEM_MON]   task=tiT              stack_free_min=1468
[MEM_MON]   task=PRINT_CHECK      stack_free_min=6852
[MEM_MON]   task=LED_PANEL        stack_free_min=7216
[MEM_MON]   task=BLINK_TESTS      stack_free_min=6736
[MEM_MON]   task=BLINK_HEATER     stack_free_min=6904
[MEM_MON]   task=button_event     stack_free_min=7188
[MEM_MON]   task=PRINT_TST        stack_free_min=7020
[MEM_MON]   task=BUZZER_ALARM     stack_free_min=4420
[MEM_MON]   task=BUZZER_ALERT     stack_free_min=4424
[MEM_MON]   task=TASK_CHECK_TST_  stack_free_min=7500
[MEM_MON]   task=check_heat_temp  stack_free_min=2976
[MEM_MON]   task=check_temperatu  stack_free_min=3984
[MEM_MON]   task=Tmr Svc          stack_free_min=2348
[MEM_MON]   task=button_task      stack_free_min=6716
[MEM_MON]   task=sys_evt          stack_free_min=1588
[MEM_MON]   task=main             stack_free_min=1192
[MEM_MON]   task=daemon           stack_free_min=2128
[MEM_MON]   task=class            stack_free_min=2136
[MEM_MON]   task=HEATER_FAIL      stack_free_min=4368
[MEM_MON]   task=AMP_LEDS_TST     stack_free_min=7240
[MEM_MON]   task=AMP_LEDS_ERR     stack_free_min=7232
[MEM_MON]   task=ipc0             stack_free_min=532
[MEM_MON]   task=esp_timer        stack_free_min=3632
[MEM_MON]   task=wifi             stack_free_min=4212
[MEM_MON]   task=ipc1             stack_free_min=536
[MEM_MON]   task=httpd            stack_free_min=2944
[MEM_MON] heap_free=85584 heap_min_free=75508 internal_free=85584
[MEM_MON]   task=MEM_MONITOR      stack_free_min=884
[MEM_MON]   task=IDLE0            stack_free_min=748
[MEM_MON]   task=IDLE1            stack_free_min=756
[MEM_MON]   task=PRINT_CHECK      stack_free_min=6852
[MEM_MON]   task=button_task      stack_free_min=6716
[MEM_MON]   task=BLINK_HEATER     stack_free_min=6904
[MEM_MON]   task=READ_AMPOULES    stack_free_min=6648
[MEM_MON]   task=LED_PANEL        stack_free_min=7216
[MEM_MON]   task=BLINK_TESTS      stack_free_min=6736
[MEM_MON]   task=button_event     stack_free_min=7188
[MEM_MON]   task=BUZZER_ALARM     stack_free_min=4420
[MEM_MON]   task=BUZZER_ALERT     stack_free_min=4424
[MEM_MON]   task=TASK_CHECK_TST_  stack_free_min=7500
[MEM_MON]   task=check_temperatu  stack_free_min=3984
[MEM_MON]   task=tiT              stack_free_min=1468
[MEM_MON]   task=check_heat_temp  stack_free_min=2976
[MEM_MON]   task=READ_AMPOULES_T  stack_free_min=6856
[MEM_MON]   task=Tmr Svc          stack_free_min=2348
[MEM_MON]   task=PRINT_TST        stack_free_min=7020
[MEM_MON]   task=main             stack_free_min=1192
[MEM_MON]   task=daemon           stack_free_min=2128
[MEM_MON]   task=class            stack_free_min=2136
[MEM_MON]   task=HEATER_FAIL      stack_free_min=4368
[MEM_MON]   task=AMP_LEDS_TST     stack_free_min=7240
[MEM_MON]   task=AMP_LEDS_ERR     stack_free_min=7232
[MEM_MON]   task=ipc0             stack_free_min=532
[MEM_MON]   task=ipc1             stack_free_min=536
[MEM_MON]   task=wifi             stack_free_min=4212
[MEM_MON]   task=esp_timer        stack_free_min=3632
[MEM_MON]   task=httpd            stack_free_min=2944
[MEM_MON]   task=sys_evt          stack_free_min=1588
[MEM_MON] heap_free=85404 heap_min_free=75508 internal_free=85404
[MEM_MON]   task=MEM_MONITOR      stack_free_min=884
[MEM_MON]   task=IDLE1            stack_free_min=756
[MEM_MON]   task=IDLE0            stack_free_min=748
[MEM_MON]   task=check_temperatu  stack_free_min=3984
[MEM_MON]   task=READ_AMPOULES    stack_free_min=6648
[MEM_MON]   task=BLINK_TESTS      stack_free_min=6736
[MEM_MON]   task=BUZZER_ALARM     stack_free_min=4420
[MEM_MON]   task=BUZZER_ALERT     stack_free_min=4424
[MEM_MON]   task=button_event     stack_free_min=7188
[MEM_MON]   task=LED_PANEL        stack_free_min=7216
[MEM_MON]   task=TASK_CHECK_TST_  stack_free_min=7500
[MEM_MON]   task=tiT              stack_free_min=1468
[MEM_MON]   task=BLINK_HEATER     stack_free_min=6904
[MEM_MON]   task=READ_AMPOULES_T  stack_free_min=6856
[MEM_MON]   task=PRINT_CHECK      stack_free_min=6852
[MEM_MON]   task=button_task      stack_free_min=6716
[MEM_MON]   task=check_heat_temp  stack_free_min=2976
[MEM_MON]   task=Tmr Svc          stack_free_min=2348
[MEM_MON]   task=PRINT_TST        stack_free_min=7020
[MEM_MON]   task=daemon           stack_free_min=2128
[MEM_MON]   task=class            stack_free_min=2136
[MEM_MON]   task=HEATER_FAIL      stack_free_min=4368
[MEM_MON]   task=AMP_LEDS_TST     stack_free_min=7240
[MEM_MON]   task=AMP_LEDS_ERR     stack_free_min=7232
[MEM_MON]   task=ipc0             stack_free_min=532
[MEM_MON]   task=ipc1             stack_free_min=536
[MEM_MON]   task=httpd            stack_free_min=2944
[MEM_MON]   task=esp_timer        stack_free_min=3632
[MEM_MON]   task=wifi             stack_free_min=4212
[MEM_MON]   task=sys_evt          stack_free_min=1588
[MEM_MON]   task=main             stack_free_min=1192
[MEM_MON] heap_free=85584 heap_min_free=75508 internal_free=85584
[MEM_MON]   task=MEM_MONITOR      stack_free_min=884
[MEM_MON]   task=IDLE0            stack_free_min=748
[MEM_MON]   task=IDLE1            stack_free_min=756
[MEM_MON]   task=button_task      stack_free_min=6716
[MEM_MON]   task=PRINT_TST        stack_free_min=7020
[MEM_MON]   task=BUZZER_ALARM     stack_free_min=4420
[MEM_MON]   task=BUZZER_ALERT     stack_free_min=4424
[MEM_MON]   task=TASK_CHECK_TST_  stack_free_min=7500
[MEM_MON]   task=READ_AMPOULES    stack_free_min=6648
[MEM_MON]   task=button_event     stack_free_min=7188
[MEM_MON]   task=tiT              stack_free_min=1468
[MEM_MON]   task=BLINK_HEATER     stack_free_min=6904
[MEM_MON]   task=LED_PANEL        stack_free_min=7216
[MEM_MON]   task=READ_AMPOULES_T  stack_free_min=6856
[MEM_MON]   task=PRINT_CHECK      stack_free_min=6852
[MEM_MON]   task=check_heat_temp  stack_free_min=2976
[MEM_MON]   task=check_temperatu  stack_free_min=3984
[MEM_MON]   task=Tmr Svc          stack_free_min=2348
[MEM_MON]   task=BLINK_TESTS      stack_free_min=6736
[MEM_MON]   task=class            stack_free_min=2136
[MEM_MON]   task=HEATER_FAIL      stack_free_min=4368
[MEM_MON]   task=AMP_LEDS_TST     stack_free_min=7240
[MEM_MON]   task=AMP_LEDS_ERR     stack_free_min=7232
[MEM_MON]   task=ipc0             stack_free_min=532
[MEM_MON]   task=ipc1             stack_free_min=536
[MEM_MON]   task=httpd            stack_free_min=2944
[MEM_MON]   task=sys_evt          stack_free_min=1588
[MEM_MON]   task=esp_timer        stack_free_min=3632
[MEM_MON]   task=wifi             stack_free_min=4212
[MEM_MON]   task=main             stack_free_min=1192
[MEM_MON]   task=daemon           stack_free_min=2128
[MEM_MON] heap_free=85584 heap_min_free=75508 internal_free=85584
[MEM_MON]   task=MEM_MONITOR      stack_free_min=884
[MEM_MON]   task=IDLE1            stack_free_min=756
[MEM_MON]   task=IDLE0            stack_free_min=748
[MEM_MON]   task=BUZZER_ALARM     stack_free_min=4420
[MEM_MON]   task=READ_AMPOULES    stack_free_min=6648
[MEM_MON]   task=BUZZER_ALERT     stack_free_min=4424
[MEM_MON]   task=BLINK_TESTS      stack_free_min=6736
[MEM_MON]   task=PRINT_TST        stack_free_min=7020
[MEM_MON]   task=TASK_CHECK_TST_  stack_free_min=7500
[MEM_MON]   task=tiT              stack_free_min=1468
[MEM_MON]   task=button_event     stack_free_min=7188
[MEM_MON]   task=LED_PANEL        stack_free_min=7216
[MEM_MON]   task=check_heat_temp  stack_free_min=2976
[MEM_MON]   task=READ_AMPOULES_T  stack_free_min=6856
[MEM_MON]   task=PRINT_CHECK      stack_free_min=6852
[MEM_MON]   task=BLINK_HEATER     stack_free_min=6904
[MEM_MON]   task=check_temperatu  stack_free_min=3984
[MEM_MON]   task=Tmr Svc          stack_free_min=2348
[MEM_MON]   task=button_task      stack_free_min=6716
[MEM_MON]   task=HEATER_FAIL      stack_free_min=4368
[MEM_MON]   task=AMP_LEDS_TST     stack_free_min=7240
[MEM_MON]   task=AMP_LEDS_ERR     stack_free_min=7232
[MEM_MON]   task=ipc0             stack_free_min=532
[MEM_MON]   task=ipc1             stack_free_min=536
[MEM_MON]   task=httpd            stack_free_min=2944
[MEM_MON]   task=sys_evt          stack_free_min=1588
[MEM_MON]   task=main             stack_free_min=1192
[MEM_MON]   task=esp_timer        stack_free_min=3632
[MEM_MON]   task=wifi             stack_free_min=4212
[MEM_MON]   task=daemon           stack_free_min=2128
[MEM_MON]   task=class            stack_free_min=2136

[0;31mE (338427) HEATER: Temperatura: 26.000[0m
[0;31mE (338427) HEATER: Funcoes Habilitadas: Não[0m
[0;31mE (338427) HEATER: Esta em teste: Nao[0m
[0;31mE (338427) HEATER: Temperatura estabilizada: Nao[0m
[0;31mE (338427) HEATER: Temperatura no Range > 53.0 e < 68.0: Nao[0m

[0;32mI (338437) HEATER: AGUARDE: Temperatura de aquecimento atual: 26.000[0m
[MEM_MON] heap_free=85584 heap_min_free=75508 internal_free=85584
[MEM_MON]   task=MEM_MONITOR      stack_free_min=884
[MEM_MON]   task=IDLE1            stack_free_min=756
[MEM_MON]   task=IDLE0            stack_free_min=748
[MEM_MON]   task=LED_PANEL        stack_free_min=7216
[MEM_MON]   task=button_task      stack_free_min=6716
[MEM_MON]   task=tiT              stack_free_min=1468
[MEM_MON]   task=READ_AMPOULES    stack_free_min=6648
[MEM_MON]   task=PRINT_TST        stack_free_min=7020
[MEM_MON]   task=button_event     stack_free_min=7188
[MEM_MON]   task=READ_AMPOULES_T  stack_free_min=6856
[MEM_MON]   task=PRINT_CHECK      stack_free_min=6852
[MEM_MON]   task=BLINK_HEATER     stack_free_min=6904
[MEM_MON]   task=BUZZER_ALARM     stack_free_min=4420
[MEM_MON]   task=BUZZER_ALERT     stack_free_min=4424
[MEM_MON]   task=TASK_CHECK_TST_  stack_free_min=7500
[MEM_MON]   task=check_temperatu  stack_free_min=3984
[MEM_MON]   task=check_heat_temp  stack_free_min=2976
[MEM_MON]   task=Tmr Svc          stack_free_min=2348
[MEM_MON]   task=BLINK_TESTS      stack_free_min=6736
[MEM_MON]   task=AMP_LEDS_TST     stack_free_min=7240
[MEM_MON]   task=AMP_LEDS_ERR     stack_free_min=7232
[MEM_MON]   task=ipc0             stack_free_min=532
[MEM_MON]   task=ipc1             stack_free_min=536
[MEM_MON]   task=httpd            stack_free_min=2944
[MEM_MON]   task=sys_evt          stack_free_min=1588
[MEM_MON]   task=main             stack_free_min=1192
[MEM_MON]   task=daemon           stack_free_min=2128
[MEM_MON]   task=esp_timer        stack_free_min=3632
[MEM_MON]   task=wifi             stack_free_min=4212
[MEM_MON]   task=class            stack_free_min=2136
[MEM_MON]   task=HEATER_FAIL      stack_free_min=4368
[MEM_MON] heap_free=85584 heap_min_free=75508 internal_free=85584
[MEM_MON]   task=MEM_MONITOR      stack_free_min=884
[MEM_MON]   task=IDLE1            stack_free_min=756
[MEM_MON]   task=IDLE0            stack_free_min=748
[MEM_MON]   task=LED_PANEL        stack_free_min=7216
[MEM_MON]   task=READ_AMPOULES    stack_free_min=6648
[MEM_MON]   task=button_event     stack_free_min=7188
[MEM_MON]   task=PRINT_TST        stack_free_min=7020
[MEM_MON]   task=READ_AMPOULES_T  stack_free_min=6856
[MEM_MON]   task=BLINK_TESTS      stack_free_min=6736
[MEM_MON]   task=tiT              stack_free_min=1468
[MEM_MON]   task=PRINT_CHECK      stack_free_min=6852
[MEM_MON]   task=BLINK_HEATER     stack_free_min=6904
[MEM_MON]   task=check_temperatu  stack_free_min=3984
[MEM_MON]   task=BUZZER_ALARM     stack_free_min=4420
[MEM_MON]   task=BUZZER_ALERT     stack_free_min=4424
[MEM_MON]   task=TASK_CHECK_TST_  stack_free_min=7500
[MEM_MON]   task=check_heat_temp  stack_free_min=2976
[MEM_MON]   task=Tmr Svc          stack_free_min=2348
[MEM_MON]   task=button_task      stack_free_min=6716
[MEM_MON]   task=AMP_LEDS_ERR     stack_free_min=7232
[MEM_MON]   task=ipc0             stack_free_min=532
[MEM_MON]   task=ipc1             stack_free_min=536
[MEM_MON]   task=httpd            stack_free_min=2944
[MEM_MON]   task=sys_evt          stack_free_min=1588
[MEM_MON]   task=main             stack_free_min=1192
[MEM_MON]   task=daemon           stack_free_min=2128
[MEM_MON]   task=class            stack_free_min=2136
[MEM_MON]   task=esp_timer        stack_free_min=3632
[MEM_MON]   task=wifi             stack_free_min=4212
[MEM_MON]   task=HEATER_FAIL      stack_free_min=4368
[MEM_MON]   task=AMP_LEDS_TST     stack_free_min=7240
[MEM_MON] heap_free=85404 heap_min_free=75508 internal_free=85404
[MEM_MON]   task=MEM_MONITOR      stack_free_min=884
[MEM_MON]   task=IDLE1            stack_free_min=756
[MEM_MON]   task=IDLE0            stack_free_min=748
[MEM_MON]   task=BLINK_TESTS      stack_free_min=6736
[MEM_MON]   task=check_heat_temp  stack_free_min=2976
[MEM_MON]   task=READ_AMPOULES_T  stack_free_min=6856
[MEM_MON]   task=button_event     stack_free_min=7188
[MEM_MON]   task=tiT              stack_free_min=1468
[MEM_MON]   task=PRINT_CHECK      stack_free_min=6852
[MEM_MON]   task=READ_AMPOULES    stack_free_min=6648
[MEM_MON]   task=check_temperatu  stack_free_min=3984
[MEM_MON]   task=PRINT_TST        stack_free_min=7020
[MEM_MON]   task=BLINK_HEATER     stack_free_min=6904
[MEM_MON]   task=BUZZER_ALARM     stack_free_min=4420
[MEM_MON]   task=BUZZER_ALERT     stack_free_min=4424
[MEM_MON]   task=TASK_CHECK_TST_  stack_free_min=7500
[MEM_MON]   task=button_task      stack_free_min=6716
[MEM_MON]   task=Tmr Svc          stack_free_min=2348
[MEM_MON]   task=LED_PANEL        stack_free_min=7216
[MEM_MON]   task=ipc0             stack_free_min=532
[MEM_MON]   task=ipc1             stack_free_min=536
[MEM_MON]   task=httpd            stack_free_min=2944
[MEM_MON]   task=sys_evt          stack_free_min=1588
[MEM_MON]   task=main             stack_free_min=1192
[MEM_MON]   task=daemon           stack_free_min=2128
[MEM_MON]   task=class            stack_free_min=2136
[MEM_MON]   task=HEATER_FAIL      stack_free_min=4368
[MEM_MON]   task=esp_timer        stack_free_min=3632
[MEM_MON]   task=wifi             stack_free_min=4212
[MEM_MON]   task=AMP_LEDS_TST     stack_free_min=7240
[MEM_MON]   task=AMP_LEDS_ERR     stack_free_min=7232

[0;31mE (341607) HEATER: Temperatura: 26.000[0m
[0;31mE (341607) HEATER: Funcoes Habilitadas: Não[0m
[0;31mE (341607) HEATER: Esta em teste: Nao[0m
[0;31mE (341607) HEATER: Temperatura estabilizada: Nao[0m
[0;31mE (341607) HEATER: Temperatura no Range > 53.0 e < 68.0: Nao[0m

[0;32mI (341617) HEATER: AGUARDE: Temperatura de aquecimento atual: 26.000[0m
[MEM_MON] heap_free=85584 heap_min_free=75508 internal_free=85584
[MEM_MON]   task=MEM_MONITOR      stack_free_min=884
[MEM_MON]   task=IDLE0            stack_free_min=748
[MEM_MON]   task=IDLE1            stack_free_min=756
[MEM_MON]   task=tiT              stack_free_min=1468
[MEM_MON]   task=PRINT_CHECK      stack_free_min=6852
[MEM_MON]   task=button_event     stack_free_min=7188
[MEM_MON]   task=LED_PANEL        stack_free_min=7216
[MEM_MON]   task=BLINK_TESTS      stack_free_min=6736
[MEM_MON]   task=BLINK_HEATER     stack_free_min=6904
[MEM_MON]   task=READ_AMPOULES    stack_free_min=6648
[MEM_MON]   task=PRINT_TST        stack_free_min=7020
[MEM_MON]   task=BUZZER_ALARM     stack_free_min=4420
[MEM_MON]   task=BUZZER_ALERT     stack_free_min=4424
[MEM_MON]   task=TASK_CHECK_TST_  stack_free_min=7500
[MEM_MON]   task=READ_AMPOULES_T  stack_free_min=6856
[MEM_MON]   task=check_heat_temp  stack_free_min=2976
[MEM_MON]   task=check_temperatu  stack_free_min=3984
[MEM_MON]   task=Tmr Svc          stack_free_min=2348
[MEM_MON]   task=button_task      stack_free_min=6716
[MEM_MON]   task=ipc1             stack_free_min=536
[MEM_MON]   task=httpd            stack_free_min=2944
[MEM_MON]   task=sys_evt          stack_free_min=1588
[MEM_MON]   task=main             stack_free_min=1192
[MEM_MON]   task=daemon           stack_free_min=2128
[MEM_MON]   task=class            stack_free_min=2136
[MEM_MON]   task=HEATER_FAIL      stack_free_min=4368
[MEM_MON]   task=AMP_LEDS_TST     stack_free_min=7240
[MEM_MON]   task=esp_timer        stack_free_min=3632
[MEM_MON]   task=wifi             stack_free_min=4212
[MEM_MON]   task=AMP_LEDS_ERR     stack_free_min=7232
[MEM_MON]   task=ipc0             stack_free_min=532
[MEM_MON] heap_free=85584 heap_min_free=75508 internal_free=85584
[MEM_MON]   task=MEM_MONITOR      stack_free_min=884
[MEM_MON]   task=IDLE1            stack_free_min=756
[MEM_MON]   task=IDLE0            stack_free_min=748
[MEM_MON]   task=button_task      stack_free_min=6716
[MEM_MON]   task=READ_AMPOULES    stack_free_min=6648
[MEM_MON]   task=button_event     stack_free_min=7188
[MEM_MON]   task=BLINK_TESTS      stack_free_min=6736
[MEM_MON]   task=LED_PANEL        stack_free_min=7216
[MEM_MON]   task=BUZZER_ALARM     stack_free_min=4420
[MEM_MON]   task=BUZZER_ALERT     stack_free_min=4424
[MEM_MON]   task=PRINT_TST        stack_free_min=7020
[MEM_MON]   task=TASK_CHECK_TST_  stack_free_min=7500
[MEM_MON]   task=tiT              stack_free_min=1468
[MEM_MON]   task=READ_AMPOULES_T  stack_free_min=6856
[MEM_MON]   task=PRINT_CHECK      stack_free_min=6852
[MEM_MON]   task=check_heat_temp  stack_free_min=2976
[MEM_MON]   task=check_temperatu  stack_free_min=3984
[MEM_MON]   task=Tmr Svc          stack_free_min=2348
[MEM_MON]   task=BLINK_HEATER     stack_free_min=6904
[MEM_MON]   task=httpd            stack_free_min=2944
[MEM_MON]   task=sys_evt          stack_free_min=1588
[MEM_MON]   task=main             stack_free_min=1192
[MEM_MON]   task=daemon           stack_free_min=2128
[MEM_MON]   task=class            stack_free_min=2136
[MEM_MON]   task=HEATER_FAIL      stack_free_min=4368
[MEM_MON]   task=AMP_LEDS_TST     stack_free_min=7240
[MEM_MON]   task=AMP_LEDS_ERR     stack_free_min=7232
[MEM_MON]   task=esp_timer        stack_free_min=3632
[MEM_MON]   task=wifi             stack_free_min=4212
[MEM_MON]   task=ipc0             stack_free_min=532
[MEM_MON]   task=ipc1             stack_free_min=536
[MEM_MON] heap_free=85584 heap_min_free=75508 internal_free=85584
[MEM_MON]   task=MEM_MONITOR      stack_free_min=884
[MEM_MON]   task=IDLE1            stack_free_min=756
[MEM_MON]   task=IDLE0            stack_free_min=748
[MEM_MON]   task=button_task      stack_free_min=6716
[MEM_MON]   task=READ_AMPOULES    stack_free_min=6648
[MEM_MON]   task=BLINK_TESTS      stack_free_min=6736
[MEM_MON]   task=BUZZER_ALARM     stack_free_min=4420
[MEM_MON]   task=BUZZER_ALERT     stack_free_min=4424
[MEM_MON]   task=LED_PANEL        stack_free_min=7216
[MEM_MON]   task=TASK_CHECK_TST_  stack_free_min=7500
[MEM_MON]   task=tiT              stack_free_min=1468
[MEM_MON]   task=BLINK_HEATER     stack_free_min=6904
[MEM_MON]   task=PRINT_TST        stack_free_min=7020
[MEM_MON]   task=READ_AMPOULES_T  stack_free_min=6856
[MEM_MON]   task=PRINT_CHECK      stack_free_min=6852
[MEM_MON]   task=check_heat_temp  stack_free_min=2976
[MEM_MON]   task=check_temperatu  stack_free_min=3984
[MEM_MON]   task=Tmr Svc          stack_free_min=2348
[MEM_MON]   task=button_event     stack_free_min=7188
[MEM_MON]   task=sys_evt          stack_free_min=1588
[MEM_MON]   task=main             stack_free_min=1192
[MEM_MON]   task=daemon           stack_free_min=2128
[MEM_MON]   task=class            stack_free_min=2136
[MEM_MON]   task=HEATER_FAIL      stack_free_min=4368
[MEM_MON]   task=AMP_LEDS_TST     stack_free_min=7240
[MEM_MON]   task=AMP_LEDS_ERR     stack_free_min=7232
[MEM_MON]   task=ipc0             stack_free_min=532
[MEM_MON]   task=esp_timer        stack_free_min=3632
[MEM_MON]   task=wifi             stack_free_min=4212
[MEM_MON]   task=ipc1             stack_free_min=536
[MEM_MON]   task=httpd            stack_free_min=2944
[MEM_MON] heap_free=85584 heap_min_free=75508 internal_free=85584
[MEM_MON]   task=MEM_MONITOR      stack_free_min=884
[MEM_MON]   task=IDLE1            stack_free_min=756
[MEM_MON]   task=IDLE0            stack_free_min=748
[MEM_MON]   task=button_task      stack_free_min=6716
[MEM_MON]   task=BUZZER_ALARM     stack_free_min=4420
[MEM_MON]   task=BUZZER_ALERT     stack_free_min=4424
[MEM_MON]   task=button_event     stack_free_min=7188
[MEM_MON]   task=TASK_CHECK_TST_  stack_free_min=7500
[MEM_MON]   task=READ_AMPOULES    stack_free_min=6648
[MEM_MON]   task=BLINK_TESTS      stack_free_min=6736
[MEM_MON]   task=tiT              stack_free_min=1468
[MEM_MON]   task=BLINK_HEATER     stack_free_min=6904
[MEM_MON]   task=LED_PANEL        stack_free_min=7216
[MEM_MON]   task=READ_AMPOULES_T  stack_free_min=6856
[MEM_MON]   task=PRINT_CHECK      stack_free_min=6852
[MEM_MON]   task=check_temperatu  stack_free_min=3984
[MEM_MON]   task=check_heat_temp  stack_free_min=2976
[MEM_MON]   task=Tmr Svc          stack_free_min=2348
[MEM_MON]   task=PRINT_TST        stack_free_min=7020
[MEM_MON]   task=main             stack_free_min=1192
[MEM_MON]   task=daemon           stack_free_min=2128
[MEM_MON]   task=class            stack_free_min=2136
[MEM_MON]   task=HEATER_FAIL      stack_free_min=4368
[MEM_MON]   task=AMP_LEDS_TST     stack_free_min=7240
[MEM_MON]   task=AMP_LEDS_ERR     stack_free_min=7232
[MEM_MON]   task=ipc0             stack_free_min=532
[MEM_MON]   task=ipc1             stack_free_min=536
[MEM_MON]   task=esp_timer        stack_free_min=3632
[MEM_MON]   task=wifi             stack_free_min=4212
[MEM_MON]   task=httpd            stack_free_min=2944
[MEM_MON]   task=sys_evt          stack_free_min=1588
[MEM_MON] heap_free=85404 heap_min_free=75508 internal_free=85404
[MEM_MON]   task=MEM_MONITOR      stack_free_min=884
[MEM_MON]   task=IDLE1            stack_free_min=756
[MEM_MON]   task=IDLE0            stack_free_min=748
[MEM_MON]   task=button_event     stack_free_min=7188
[MEM_MON]   task=tiT              stack_free_min=1468
[MEM_MON]   task=PRINT_TST        stack_free_min=7020
[MEM_MON]   task=BLINK_TESTS      stack_free_min=6736
[MEM_MON]   task=READ_AMPOULES    stack_free_min=6648
[MEM_MON]   task=check_temperatu  stack_free_min=3984
[MEM_MON]   task=LED_PANEL        stack_free_min=7216
[MEM_MON]   task=READ_AMPOULES_T  stack_free_min=6856
[MEM_MON]   task=PRINT_CHECK      stack_free_min=6852
[MEM_MON]   task=BLINK_HEATER     stack_free_min=6904
[MEM_MON]   task=BUZZER_ALARM     stack_free_min=4420
[MEM_MON]   task=BUZZER_ALERT     stack_free_min=4424
[MEM_MON]   task=button_task      stack_free_min=6716
[MEM_MON]   task=check_heat_temp  stack_free_min=2976
[MEM_MON]   task=Tmr Svc          stack_free_min=2348
[MEM_MON]   task=TASK_CHECK_TST_  stack_free_min=7500
[MEM_MON]   task=daemon           stack_free_min=2128
[MEM_MON]   task=class            stack_free_min=2136
[MEM_MON]   task=HEATER_FAIL      stack_free_min=4368
[MEM_MON]   task=AMP_LEDS_TST     stack_free_min=7240
[MEM_MON]   task=AMP_LEDS_ERR     stack_free_min=7232
[MEM_MON]   task=ipc0             stack_free_min=532
[MEM_MON]   task=ipc1             stack_free_min=536
[MEM_MON]   task=httpd            stack_free_min=2944
[MEM_MON]   task=esp_timer        stack_free_min=3632
[MEM_MON]   task=wifi             stack_free_min=4212
[MEM_MON]   task=sys_evt          stack_free_min=1588
[MEM_MON]   task=main             stack_free_min=1192
[MEM_MON] heap_free=85584 heap_min_free=75508 internal_free=85584
[MEM_MON]   task=MEM_MONITOR      stack_free_min=884
[MEM_MON]   task=IDLE0            stack_free_min=748
[MEM_MON]   task=IDLE1            stack_free_min=756
[MEM_MON]   task=PRINT_TST        stack_free_min=7020
[MEM_MON]   task=BLINK_TESTS      stack_free_min=6736
[MEM_MON]   task=READ_AMPOULES_T  stack_free_min=6856
[MEM_MON]   task=READ_AMPOULES    stack_free_min=6648
[MEM_MON]   task=tiT              stack_free_min=1468
[MEM_MON]   task=PRINT_CHECK      stack_free_min=6852
[MEM_MON]   task=LED_PANEL        stack_free_min=7216
[MEM_MON]   task=check_heat_temp  stack_free_min=2976
[MEM_MON]   task=BLINK_HEATER     stack_free_min=6904
[MEM_MON]   task=BUZZER_ALARM     stack_free_min=4420
[MEM_MON]   task=BUZZER_ALERT     stack_free_min=4424
[MEM_MON]   task=TASK_CHECK_TST_  stack_free_min=7500
[MEM_MON]   task=button_event     stack_free_min=7188
[MEM_MON]   task=check_temperatu  stack_free_min=3984
[MEM_MON]   task=Tmr Svc          stack_free_min=2348
[MEM_MON]   task=button_task      stack_free_min=6716
[MEM_MON]   task=class            stack_free_min=2136
[MEM_MON]   task=HEATER_FAIL      stack_free_min=4368
[MEM_MON]   task=AMP_LEDS_TST     stack_free_min=7240
[MEM_MON]   task=AMP_LEDS_ERR     stack_free_min=7232
[MEM_MON]   task=ipc0             stack_free_min=532
[MEM_MON]   task=ipc1             stack_free_min=536
[MEM_MON]   task=httpd            stack_free_min=2944
[MEM_MON]   task=sys_evt          stack_free_min=1588
[MEM_MON]   task=esp_timer        stack_free_min=3632
[MEM_MON]   task=wifi             stack_free_min=4212
[MEM_MON]   task=main             stack_free_min=1192
[MEM_MON]   task=daemon           stack_free_min=2128

[0;31mE (348627) HEATER: Temperatura: 26.000[0m
[0;31mE (348627) HEATER: Funcoes Habilitadas: Não[0m
[0;31mE (348627) HEATER: Esta em teste: Nao[0m
[0;31mE (348627) HEATER: Temperatura estabilizada: Nao[0m
[0;31mE (348627) HEATER: Temperatura no Range > 53.0 e < 68.0: Nao[0m

[0;32mI (348637) HEATER: AGUARDE: Temperatura de aquecimento atual: 26.000[0m
[MEM_MON] heap_free=85584 heap_min_free=75508 internal_free=85584
[MEM_MON]   task=MEM_MONITOR      stack_free_min=884
[MEM_MON]   task=IDLE0            stack_free_min=748
[MEM_MON]   task=IDLE1            stack_free_min=756
[MEM_MON]   task=READ_AMPOULES    stack_free_min=6648
[MEM_MON]   task=PRINT_TST        stack_free_min=7020
[MEM_MON]   task=READ_AMPOULES_T  stack_free_min=6856
[MEM_MON]   task=tiT              stack_free_min=1468
[MEM_MON]   task=PRINT_CHECK      stack_free_min=6852
[MEM_MON]   task=BLINK_TESTS      stack_free_min=6736
[MEM_MON]   task=BLINK_HEATER     stack_free_min=6904
[MEM_MON]   task=LED_PANEL        stack_free_min=7216
[MEM_MON]   task=BUZZER_ALARM     stack_free_min=4420
[MEM_MON]   task=BUZZER_ALERT     stack_free_min=4424
[MEM_MON]   task=TASK_CHECK_TST_  stack_free_min=7500
[MEM_MON]   task=button_event     stack_free_min=7188
[MEM_MON]   task=check_heat_temp  stack_free_min=2976
[MEM_MON]   task=check_temperatu  stack_free_min=3984
[MEM_MON]   task=Tmr Svc          stack_free_min=2348
[MEM_MON]   task=button_task      stack_free_min=6716
[MEM_MON]   task=HEATER_FAIL      stack_free_min=4368
[MEM_MON]   task=AMP_LEDS_TST     stack_free_min=7240
[MEM_MON]   task=AMP_LEDS_ERR     stack_free_min=7232
[MEM_MON]   task=ipc0             stack_free_min=532
[MEM_MON]   task=ipc1             stack_free_min=536
[MEM_MON]   task=httpd            stack_free_min=2944
[MEM_MON]   task=sys_evt          stack_free_min=1588
[MEM_MON]   task=main             stack_free_min=1192
[MEM_MON]   task=esp_timer        stack_free_min=3632
[MEM_MON]   task=wifi             stack_free_min=4212
[MEM_MON]   task=daemon           stack_free_min=2128
[MEM_MON]   task=class            stack_free_min=2136
[MEM_MON] heap_free=85584 heap_min_free=75508 internal_free=85584
[MEM_MON]   task=MEM_MONITOR      stack_free_min=884
[MEM_MON]   task=IDLE1            stack_free_min=756
[MEM_MON]   task=IDLE0            stack_free_min=748
[MEM_MON]   task=button_task      stack_free_min=6716
[MEM_MON]   task=tiT              stack_free_min=1468
[MEM_MON]   task=PRINT_CHECK      stack_free_min=6852
[MEM_MON]   task=READ_AMPOULES    stack_free_min=6648
[MEM_MON]   task=PRINT_TST        stack_free_min=7020
[MEM_MON]   task=BLINK_HEATER     stack_free_min=6904
[MEM_MON]   task=BLINK_TESTS      stack_free_min=6736
[MEM_MON]   task=BUZZER_ALARM     stack_free_min=4420
[MEM_MON]   task=BUZZER_ALERT     stack_free_min=4424
[MEM_MON]   task=TASK_CHECK_TST_  stack_free_min=7500
[MEM_MON]   task=button_event     stack_free_min=7188
[MEM_MON]   task=READ_AMPOULES_T  stack_free_min=6856
[MEM_MON]   task=check_heat_temp  stack_free_min=2976
[MEM_MON]   task=check_temperatu  stack_free_min=3984
[MEM_MON]   task=Tmr Svc          stack_free_min=2348
[MEM_MON]   task=LED_PANEL        stack_free_min=7216
[MEM_MON]   task=AMP_LEDS_TST     stack_free_min=7240
[MEM_MON]   task=AMP_LEDS_ERR     stack_free_min=7232
[MEM_MON]   task=ipc0             stack_free_min=532
[MEM_MON]   task=ipc1             stack_free_min=536
[MEM_MON]   task=httpd            stack_free_min=2944
[MEM_MON]   task=sys_evt          stack_free_min=1588
[MEM_MON]   task=main             stack_free_min=1192
[MEM_MON]   task=daemon           stack_free_min=2128
[MEM_MON]   task=esp_timer        stack_free_min=3632
[MEM_MON]   task=wifi             stack_free_min=4212
[MEM_MON]   task=class            stack_free_min=2136
[MEM_MON]   task=HEATER_FAIL      stack_free_min=4368
[MEM_MON] heap_free=85584 heap_min_free=75508 internal_free=85584
[MEM_MON]   task=MEM_MONITOR      stack_free_min=884
[MEM_MON]   task=IDLE1            stack_free_min=756
[MEM_MON]   task=IDLE0            stack_free_min=748
[MEM_MON]   task=button_task      stack_free_min=6716
[MEM_MON]   task=LED_PANEL        stack_free_min=7216
[MEM_MON]   task=READ_AMPOULES    stack_free_min=6648
[MEM_MON]   task=PRINT_TST        stack_free_min=7020
[MEM_MON]   task=BLINK_TESTS      stack_free_min=6736
[MEM_MON]   task=BUZZER_ALARM     stack_free_min=4420
[MEM_MON]   task=BUZZER_ALERT     stack_free_min=4424
[MEM_MON]   task=TASK_CHECK_TST_  stack_free_min=7500
[MEM_MON]   task=tiT              stack_free_min=1468
[MEM_MON]   task=BLINK_HEATER     stack_free_min=6904
[MEM_MON]   task=check_temperatu  stack_free_min=3984
[MEM_MON]   task=READ_AMPOULES_T  stack_free_min=6856
[MEM_MON]   task=button_event     stack_free_min=7188
[MEM_MON]   task=PRINT_CHECK      stack_free_min=6852
[MEM_MON]   task=Tmr Svc          stack_free_min=2348
[MEM_MON]   task=check_heat_temp  stack_free_min=2976
[MEM_MON]   task=AMP_LEDS_ERR     stack_free_min=7232
[MEM_MON]   task=ipc0             stack_free_min=532
[MEM_MON]   task=ipc1             stack_free_min=536
[MEM_MON]   task=httpd            stack_free_min=2944
[MEM_MON]   task=sys_evt          stack_free_min=1588
[MEM_MON]   task=main             stack_free_min=1192
[MEM_MON]   task=daemon           stack_free_min=2128
[MEM_MON]   task=class            stack_free_min=2136
[MEM_MON]   task=esp_timer        stack_free_min=3632
[MEM_MON]   task=wifi             stack_free_min=4212
[MEM_MON]   task=HEATER_FAIL      stack_free_min=4368
[MEM_MON]   task=AMP_LEDS_TST     stack_free_min=7240
[MEM_MON] heap_free=85404 heap_min_free=75508 internal_free=85404
[MEM_MON]   task=MEM_MONITOR      stack_free_min=884
[MEM_MON]   task=IDLE1            stack_free_min=756
[MEM_MON]   task=IDLE0            stack_free_min=748
[MEM_MON]   task=BLINK_TESTS      stack_free_min=6736
[MEM_MON]   task=BUZZER_ALARM     stack_free_min=4420
[MEM_MON]   task=READ_AMPOULES    stack_free_min=6648
[MEM_MON]   task=BUZZER_ALERT     stack_free_min=4424
[MEM_MON]   task=PRINT_TST        stack_free_min=7020
[MEM_MON]   task=TASK_CHECK_TST_  stack_free_min=7500
[MEM_MON]   task=check_temperatu  stack_free_min=3984
[MEM_MON]   task=tiT              stack_free_min=1468
[MEM_MON]   task=BLINK_HEATER     stack_free_min=6904
[MEM_MON]   task=READ_AMPOULES_T  stack_free_min=6856
[MEM_MON]   task=PRINT_CHECK      stack_free_min=6852
[MEM_MON]   task=button_event     stack_free_min=7188
[MEM_MON]   task=button_task      stack_free_min=6716
[MEM_MON]   task=check_heat_temp  stack_free_min=2976
[MEM_MON]   task=Tmr Svc          stack_free_min=2348
[MEM_MON]   task=LED_PANEL        stack_free_min=7216
[MEM_MON]   task=ipc0             stack_free_min=532
[MEM_MON]   task=ipc1             stack_free_min=536
[MEM_MON]   task=httpd            stack_free_min=2944
[MEM_MON]   task=sys_evt          stack_free_min=1588
[MEM_MON]   task=main             stack_free_min=1192
[MEM_MON]   task=daemon           stack_free_min=2128
[MEM_MON]   task=class            stack_free_min=2136
[MEM_MON]   task=HEATER_FAIL      stack_free_min=4368
[MEM_MON]   task=esp_timer        stack_free_min=3632
[MEM_MON]   task=wifi             stack_free_min=4212
[MEM_MON]   task=AMP_LEDS_TST     stack_free_min=7240
[MEM_MON]   task=AMP_LEDS_ERR     stack_free_min=7232
[MEM_MON] heap_free=85584 heap_min_free=75508 internal_free=85584
[MEM_MON]   task=MEM_MONITOR      stack_free_min=884
[MEM_MON]   task=IDLE0            stack_free_min=748
[MEM_MON]   task=IDLE1            stack_free_min=756
[MEM_MON]   task=BUZZER_ALARM     stack_free_min=4420
[MEM_MON]   task=BUZZER_ALERT     stack_free_min=4424
[MEM_MON]   task=LED_PANEL        stack_free_min=7216
[MEM_MON]   task=TASK_CHECK_TST_  stack_free_min=7500
[MEM_MON]   task=BLINK_TESTS      stack_free_min=6736
[MEM_MON]   task=tiT              stack_free_min=1468
[MEM_MON]   task=READ_AMPOULES    stack_free_min=6648
[MEM_MON]   task=PRINT_TST        stack_free_min=7020
[MEM_MON]   task=READ_AMPOULES_T  stack_free_min=6856
[MEM_MON]   task=PRINT_CHECK      stack_free_min=6852
[MEM_MON]   task=BLINK_HEATER     stack_free_min=6904
[MEM_MON]   task=button_event     stack_free_min=7188
[MEM_MON]   task=check_heat_temp  stack_free_min=2976
[MEM_MON]   task=check_temperatu  stack_free_min=3984
[MEM_MON]   task=Tmr Svc          stack_free_min=2348
[MEM_MON]   task=button_task      stack_free_min=6716
[MEM_MON]   task=ipc1             stack_free_min=536
[MEM_MON]   task=httpd            stack_free_min=2944
[MEM_MON]   task=sys_evt          stack_free_min=1588
[MEM_MON]   task=main             stack_free_min=1192
[MEM_MON]   task=daemon           stack_free_min=2128
[MEM_MON]   task=class            stack_free_min=2136
[MEM_MON]   task=HEATER_FAIL      stack_free_min=4368
[MEM_MON]   task=AMP_LEDS_TST     stack_free_min=7240
[MEM_MON]   task=esp_timer        stack_free_min=3632
[MEM_MON]   task=wifi             stack_free_min=4212
[MEM_MON]   task=AMP_LEDS_ERR     stack_free_min=7232
[MEM_MON]   task=ipc0             stack_free_min=532
[MEM_MON] heap_free=85584 heap_min_free=75508 internal_free=85584
[MEM_MON]   task=MEM_MONITOR      stack_free_min=884
[MEM_MON]   task=IDLE1            stack_free_min=756
[MEM_MON]   task=IDLE0            stack_free_min=748
[MEM_MON]   task=TASK_CHECK_TST_  stack_free_min=7500
[MEM_MON]   task=READ_AMPOULES    stack_free_min=6648
[MEM_MON]   task=tiT              stack_free_min=1468
[MEM_MON]   task=LED_PANEL        stack_free_min=7216
[MEM_MON]   task=BLINK_TESTS      stack_free_min=6736
[MEM_MON]   task=PRINT_TST        stack_free_min=7020
[MEM_MON]   task=READ_AMPOULES_T  stack_free_min=6856
[MEM_MON]   task=PRINT_CHECK      stack_free_min=6852
[MEM_MON]   task=check_heat_temp  stack_free_min=2976
[MEM_MON]   task=BLINK_HEATER     stack_free_min=6904
[MEM_MON]   task=button_event     stack_free_min=7188
[MEM_MON]   task=BUZZER_ALARM     stack_free_min=4420
[MEM_MON]   task=BUZZER_ALERT     stack_free_min=4424
[MEM_MON]   task=check_temperatu  stack_free_min=3984
[MEM_MON]   task=Tmr Svc          stack_free_min=2348
[MEM_MON]   task=button_task      stack_free_min=6716
[MEM_MON]   task=httpd            stack_free_min=2944
[MEM_MON]   task=sys_evt          stack_free_min=1588
[MEM_MON]   task=main             stack_free_min=1192
[MEM_MON]   task=daemon           stack_free_min=2128
[MEM_MON]   task=class            stack_free_min=2136
[MEM_MON]   task=HEATER_FAIL      stack_free_min=4368
[MEM_MON]   task=AMP_LEDS_TST     stack_free_min=7240
[MEM_MON]   task=AMP_LEDS_ERR     stack_free_min=7232
[MEM_MON]   task=esp_timer        stack_free_min=3632
[MEM_MON]   task=wifi             stack_free_min=4212
[MEM_MON]   task=ipc0             stack_free_min=532
[MEM_MON]   task=ipc1             stack_free_min=536

[0;31mE (355647) HEATER: Temperatura: 26.000[0m
[0;31mE (355647) HEATER: Funcoes Habilitadas: Não[0m
[0;31mE (355647) HEATER: Esta em teste: Nao[0m
[0;31mE (355647) HEATER: Temperatura estabilizada: Nao[0m
[0;31mE (355647) HEATER: Temperatura no Range > 53.0 e < 68.0: Nao[0m

[0;32mI (355657) HEATER: AGUARDE: Temperatura de aquecimento atual: 26.000[0m
[MEM_MON] heap_free=85584 heap_min_free=75508 internal_free=85584
[MEM_MON]   task=MEM_MONITOR      stack_free_min=884
[MEM_MON]   task=IDLE1            stack_free_min=756
[MEM_MON]   task=IDLE0            stack_free_min=748
[MEM_MON]   task=button_task      stack_free_min=6716
[MEM_MON]   task=READ_AMPOULES    stack_free_min=6648
[MEM_MON]   task=LED_PANEL        stack_free_min=7216
[MEM_MON]   task=READ_AMPOULES_T  stack_free_min=6856
[MEM_MON]   task=tiT              stack_free_min=1468
[MEM_MON]   task=PRINT_CHECK      stack_free_min=6852
[MEM_MON]   task=PRINT_TST        stack_free_min=7020
[MEM_MON]   task=BLINK_HEATER     stack_free_min=6904
[MEM_MON]   task=button_event     stack_free_min=7188
[MEM_MON]   task=BUZZER_ALARM     stack_free_min=4420
[MEM_MON]   task=BUZZER_ALERT     stack_free_min=4424
[MEM_MON]   task=TASK_CHECK_TST_  stack_free_min=7500
[MEM_MON]   task=check_temperatu  stack_free_min=3984
[MEM_MON]   task=check_heat_temp  stack_free_min=2976
[MEM_MON]   task=Tmr Svc          stack_free_min=2348
[MEM_MON]   task=BLINK_TESTS      stack_free_min=6736
[MEM_MON]   task=sys_evt          stack_free_min=1588
[MEM_MON]   task=main             stack_free_min=1192
[MEM_MON]   task=daemon           stack_free_min=2128
[MEM_MON]   task=class            stack_free_min=2136
[MEM_MON]   task=HEATER_FAIL      stack_free_min=4368
[MEM_MON]   task=AMP_LEDS_TST     stack_free_min=7240
[MEM_MON]   task=AMP_LEDS_ERR     stack_free_min=7232
[MEM_MON]   task=ipc0             stack_free_min=532
[MEM_MON]   task=esp_timer        stack_free_min=3632
[MEM_MON]   task=wifi             stack_free_min=4212
[MEM_MON]   task=ipc1             stack_free_min=536
[MEM_MON]   task=httpd            stack_free_min=2944
[MEM_MON] heap_free=85584 heap_min_free=75508 internal_free=85584
[MEM_MON]   task=MEM_MONITOR      stack_free_min=884
[MEM_MON]   task=IDLE1            stack_free_min=756
[MEM_MON]   task=IDLE0            stack_free_min=748
[MEM_MON]   task=button_task      stack_free_min=6716
[MEM_MON]   task=READ_AMPOULES_T  stack_free_min=6856
[MEM_MON]   task=READ_AMPOULES    stack_free_min=6648
[MEM_MON]   task=tiT              stack_free_min=1468
[MEM_MON]   task=PRINT_CHECK      stack_free_min=6852
[MEM_MON]   task=LED_PANEL        stack_free_min=7216
[MEM_MON]   task=BLINK_TESTS      stack_free_min=6736
[MEM_MON]   task=BLINK_HEATER     stack_free_min=6904
[MEM_MON]   task=BUZZER_ALARM     stack_free_min=4420
[MEM_MON]   task=BUZZER_ALERT     stack_free_min=4424
[MEM_MON]   task=button_event     stack_free_min=7188
[MEM_MON]   task=TASK_CHECK_TST_  stack_free_min=7500
[MEM_MON]   task=check_temperatu  stack_free_min=3984
[MEM_MON]   task=check_heat_temp  stack_free_min=2976
[MEM_MON]   task=Tmr Svc          stack_free_min=2348
[MEM_MON]   task=PRINT_TST        stack_free_min=7020
[MEM_MON]   task=main             stack_free_min=1192
[MEM_MON]   task=daemon           stack_free_min=2128
[MEM_MON]   task=class            stack_free_min=2136
[MEM_MON]   task=HEATER_FAIL      stack_free_min=4368
[MEM_MON]   task=AMP_LEDS_TST     stack_free_min=7240
[MEM_MON]   task=AMP_LEDS_ERR     stack_free_min=7232
[MEM_MON]   task=ipc0             stack_free_min=532
[MEM_MON]   task=ipc1             stack_free_min=536
[MEM_MON]   task=esp_timer        stack_free_min=3632
[MEM_MON]   task=wifi             stack_free_min=4212
[MEM_MON]   task=httpd            stack_free_min=2944
[MEM_MON]   task=sys_evt          stack_free_min=1588
[MEM_MON] heap_free=85404 heap_min_free=75508 internal_free=85404
[MEM_MON]   task=MEM_MONITOR      stack_free_min=884
[MEM_MON]   task=IDLE1            stack_free_min=756
[MEM_MON]   task=IDLE0            stack_free_min=748
[MEM_MON]   task=tiT              stack_free_min=1468
[MEM_MON]   task=PRINT_TST        stack_free_min=7020
[MEM_MON]   task=PRINT_CHECK      stack_free_min=6852
[MEM_MON]   task=check_heat_temp  stack_free_min=2976
[MEM_MON]   task=READ_AMPOULES    stack_free_min=6648
[MEM_MON]   task=LED_PANEL        stack_free_min=7216
[MEM_MON]   task=check_temperatu  stack_free_min=3984
[MEM_MON]   task=BUZZER_ALARM     stack_free_min=4420
[MEM_MON]   task=BUZZER_ALERT     stack_free_min=4424
[MEM_MON]   task=TASK_CHECK_TST_  stack_free_min=7500
[MEM_MON]   task=button_event     stack_free_min=7188
[MEM_MON]   task=BLINK_HEATER     stack_free_min=6904
[MEM_MON]   task=READ_AMPOULES_T  stack_free_min=6856
[MEM_MON]   task=button_task      stack_free_min=6716
[MEM_MON]   task=Tmr Svc          stack_free_min=2348
[MEM_MON]   task=BLINK_TESTS      stack_free_min=6736
[MEM_MON]   task=daemon           stack_free_min=2128
[MEM_MON]   task=class            stack_free_min=2136
[MEM_MON]   task=HEATER_FAIL      stack_free_min=4368
[MEM_MON]   task=AMP_LEDS_TST     stack_free_min=7240
[MEM_MON]   task=AMP_LEDS_ERR     stack_free_min=7232
[MEM_MON]   task=ipc0             stack_free_min=532
[MEM_MON]   task=ipc1             stack_free_min=536
[MEM_MON]   task=httpd            stack_free_min=2944
[MEM_MON]   task=esp_timer        stack_free_min=3632
[MEM_MON]   task=wifi             stack_free_min=4212
[MEM_MON]   task=sys_evt          stack_free_min=1588
[MEM_MON]   task=main             stack_free_min=1192

[0;31mE (358887) HEATER: Temperatura: 26.000[0m
[0;31mE (358887) HEATER: Funcoes Habilitadas: Não[0m
[0;31mE (358887) HEATER: Esta em teste: Nao[0m
[0;31mE (358887) HEATER: Temperatura estabilizada: Nao[0m
[0;31mE (358887) HEATER: Temperatura no Range > 53.0 e < 68.0: Nao[0m

[0;32mI (358897) HEATER: AGUARDE: Temperatura de aquecimento atual: 26.000[0m
[MEM_MON] heap_free=85584 heap_min_free=75508 internal_free=85584
[MEM_MON]   task=MEM_MONITOR      stack_free_min=884
[MEM_MON]   task=IDLE0            stack_free_min=748
[MEM_MON]   task=IDLE1            stack_free_min=756
[MEM_MON]   task=PRINT_TST        stack_free_min=7020
[MEM_MON]   task=BLINK_TESTS      stack_free_min=6736
[MEM_MON]   task=READ_AMPOULES    stack_free_min=6648
[MEM_MON]   task=BUZZER_ALARM     stack_free_min=4420
[MEM_MON]   task=BUZZER_ALERT     stack_free_min=4424
[MEM_MON]   task=LED_PANEL        stack_free_min=7216
[MEM_MON]   task=TASK_CHECK_TST_  stack_free_min=7500
[MEM_MON]   task=tiT              stack_free_min=1468
[MEM_MON]   task=BLINK_HEATER     stack_free_min=6904
[MEM_MON]   task=button_event     stack_free_min=7188
[MEM_MON]   task=READ_AMPOULES_T  stack_free_min=6856
[MEM_MON]   task=PRINT_CHECK      stack_free_min=6852
[MEM_MON]   task=check_heat_temp  stack_free_min=2976
[MEM_MON]   task=check_temperatu  stack_free_min=3984
[MEM_MON]   task=Tmr Svc          stack_free_min=2348
[MEM_MON]   task=button_task      stack_free_min=6716
[MEM_MON]   task=class            stack_free_min=2136
[MEM_MON]   task=HEATER_FAIL      stack_free_min=4368
[MEM_MON]   task=AMP_LEDS_TST     stack_free_min=7240
[MEM_MON]   task=AMP_LEDS_ERR     stack_free_min=7232
[MEM_MON]   task=ipc0             stack_free_min=532
[MEM_MON]   task=ipc1             stack_free_min=536
[MEM_MON]   task=httpd            stack_free_min=2944
[MEM_MON]   task=sys_evt          stack_free_min=1588
[MEM_MON]   task=esp_timer        stack_free_min=3632
[MEM_MON]   task=wifi             stack_free_min=4212
[MEM_MON]   task=main             stack_free_min=1192
[MEM_MON]   task=daemon           stack_free_min=2128
[MEM_MON] heap_free=85584 heap_min_free=75508 internal_free=85584
[MEM_MON]   task=MEM_MONITOR      stack_free_min=884
[MEM_MON]   task=IDLE1            stack_free_min=756
[MEM_MON]   task=IDLE0            stack_free_min=748
[MEM_MON]   task=READ_AMPOULES    stack_free_min=6648
[MEM_MON]   task=PRINT_TST        stack_free_min=7020
[MEM_MON]   task=BUZZER_ALARM     stack_free_min=4420
[MEM_MON]   task=BUZZER_ALERT     stack_free_min=4424
[MEM_MON]   task=TASK_CHECK_TST_  stack_free_min=7500
[MEM_MON]   task=BLINK_TESTS      stack_free_min=6736
[MEM_MON]   task=tiT              stack_free_min=1468
[MEM_MON]   task=BLINK_HEATER     stack_free_min=6904
[MEM_MON]   task=LED_PANEL        stack_free_min=7216
[MEM_MON]   task=button_event     stack_free_min=7188
[MEM_MON]   task=READ_AMPOULES_T  stack_free_min=6856
[MEM_MON]   task=PRINT_CHECK      stack_free_min=6852
[MEM_MON]   task=check_heat_temp  stack_free_min=2976
[MEM_MON]   task=check_temperatu  stack_free_min=3984
[MEM_MON]   task=Tmr Svc          stack_free_min=2348
[MEM_MON]   task=button_task      stack_free_min=6716
[MEM_MON]   task=HEATER_FAIL      stack_free_min=4368
[MEM_MON]   task=AMP_LEDS_TST     stack_free_min=7240
[MEM_MON]   task=AMP_LEDS_ERR     stack_free_min=7232
[MEM_MON]   task=ipc0             stack_free_min=532
[MEM_MON]   task=ipc1             stack_free_min=536
[MEM_MON]   task=httpd            stack_free_min=2944
[MEM_MON]   task=sys_evt          stack_free_min=1588
[MEM_MON]   task=main             stack_free_min=1192
[MEM_MON]   task=esp_timer        stack_free_min=3632
[MEM_MON]   task=wifi             stack_free_min=4212
[MEM_MON]   task=daemon           stack_free_min=2128
[MEM_MON]   task=class            stack_free_min=2136
[MEM_MON] heap_free=85584 heap_min_free=75508 internal_free=85584
[MEM_MON]   task=MEM_MONITOR      stack_free_min=884
[MEM_MON]   task=IDLE1            stack_free_min=756
[MEM_MON]   task=IDLE0            stack_free_min=748
[MEM_MON]   task=button_task      stack_free_min=6716
[MEM_MON]   task=check_heat_temp  stack_free_min=2976
[MEM_MON]   task=BUZZER_ALARM     stack_free_min=4420
[MEM_MON]   task=READ_AMPOULES    stack_free_min=6648
[MEM_MON]   task=BUZZER_ALERT     stack_free_min=4424
[MEM_MON]   task=BLINK_TESTS      stack_free_min=6736
[MEM_MON]   task=PRINT_TST        stack_free_min=7020
[MEM_MON]   task=TASK_CHECK_TST_  stack_free_min=7500
[MEM_MON]   task=tiT              stack_free_min=1468
[MEM_MON]   task=BLINK_HEATER     stack_free_min=6904
[MEM_MON]   task=button_event     stack_free_min=7188
[MEM_MON]   task=READ_AMPOULES_T  stack_free_min=6856
[MEM_MON]   task=PRINT_CHECK      stack_free_min=6852
[MEM_MON]   task=check_temperatu  stack_free_min=3984
[MEM_MON]   task=Tmr Svc          stack_free_min=2348
[MEM_MON]   task=LED_PANEL        stack_free_min=7216
[MEM_MON]   task=AMP_LEDS_TST     stack_free_min=7240
[MEM_MON]   task=AMP_LEDS_ERR     stack_free_min=7232
[MEM_MON]   task=ipc0             stack_free_min=532
[MEM_MON]   task=ipc1             stack_free_min=536
[MEM_MON]   task=httpd            stack_free_min=2944
[MEM_MON]   task=sys_evt          stack_free_min=1588
[MEM_MON]   task=main             stack_free_min=1192
[MEM_MON]   task=daemon           stack_free_min=2128
[MEM_MON]   task=esp_timer        stack_free_min=3632
[MEM_MON]   task=wifi             stack_free_min=4212
[MEM_MON]   task=class            stack_free_min=2136
[MEM_MON]   task=HEATER_FAIL      stack_free_min=4368
[MEM_MON] heap_free=85584 heap_min_free=75508 internal_free=85584
[MEM_MON]   task=MEM_MONITOR      stack_free_min=884
[MEM_MON]   task=IDLE1            stack_free_min=756
[MEM_MON]   task=IDLE0            stack_free_min=748
[MEM_MON]   task=TASK_CHECK_TST_  stack_free_min=7500
[MEM_MON]   task=LED_PANEL        stack_free_min=7216
[MEM_MON]   task=tiT              stack_free_min=1468
[MEM_MON]   task=READ_AMPOULES    stack_free_min=6648
[MEM_MON]   task=BLINK_TESTS      stack_free_min=6736
[MEM_MON]   task=PRINT_TST        stack_free_min=7020
[MEM_MON]   task=READ_AMPOULES_T  stack_free_min=6856
[MEM_MON]   task=button_event     stack_free_min=7188
[MEM_MON]   task=PRINT_CHECK      stack_free_min=6852
[MEM_MON]   task=BLINK_HEATER     stack_free_min=6904
[MEM_MON]   task=check_temperatu  stack_free_min=3984
[MEM_MON]   task=BUZZER_ALARM     stack_free_min=4420
[MEM_MON]   task=BUZZER_ALERT     stack_free_min=4424
[MEM_MON]   task=check_heat_temp  stack_free_min=2976
[MEM_MON]   task=Tmr Svc          stack_free_min=2348
[MEM_MON]   task=button_task      stack_free_min=6716
[MEM_MON]   task=AMP_LEDS_ERR     stack_free_min=7232
[MEM_MON]   task=ipc0             stack_free_min=532
[MEM_MON]   task=ipc1             stack_free_min=536
[MEM_MON]   task=httpd            stack_free_min=2944
[MEM_MON]   task=sys_evt          stack_free_min=1588
[MEM_MON]   task=main             stack_free_min=1192
[MEM_MON]   task=daemon           stack_free_min=2128
[MEM_MON]   task=class            stack_free_min=2136
[MEM_MON]   task=esp_timer        stack_free_min=3632
[MEM_MON]   task=wifi             stack_free_min=4212
[MEM_MON]   task=HEATER_FAIL      stack_free_min=4368
[MEM_MON]   task=AMP_LEDS_TST     stack_free_min=7240
[MEM_MON] heap_free=85404 heap_min_free=75508 internal_free=85404
[MEM_MON]   task=MEM_MONITOR      stack_free_min=884
[MEM_MON]   task=IDLE1            stack_free_min=756
[MEM_MON]   task=IDLE0            stack_free_min=748
[MEM_MON]   task=READ_AMPOULES    stack_free_min=6648
[MEM_MON]   task=PRINT_TST        stack_free_min=7020
[MEM_MON]   task=READ_AMPOULES_T  stack_free_min=6856
[MEM_MON]   task=tiT              stack_free_min=1468
[MEM_MON]   task=PRINT_CHECK      stack_free_min=6852
[MEM_MON]   task=button_event     stack_free_min=7188
[MEM_MON]   task=BLINK_TESTS      stack_free_min=6736
[MEM_MON]   task=check_temperatu  stack_free_min=3984
[MEM_MON]   task=BLINK_HEATER     stack_free_min=6904
[MEM_MON]   task=BUZZER_ALARM     stack_free_min=4420
[MEM_MON]   task=BUZZER_ALERT     stack_free_min=4424
[MEM_MON]   task=TASK_CHECK_TST_  stack_free_min=7500
[MEM_MON]   task=button_task      stack_free_min=6716
[MEM_MON]   task=check_heat_temp  stack_free_min=2976
[MEM_MON]   task=Tmr Svc          stack_free_min=2348
[MEM_MON]   task=LED_PANEL        stack_free_min=7216
[MEM_MON]   task=ipc0             stack_free_min=532
[MEM_MON]   task=ipc1             stack_free_min=536
[MEM_MON]   task=httpd            stack_free_min=2944
[MEM_MON]   task=sys_evt          stack_free_min=1588
[MEM_MON]   task=main             stack_free_min=1192
[MEM_MON]   task=daemon           stack_free_min=2128
[MEM_MON]   task=class            stack_free_min=2136
[MEM_MON]   task=HEATER_FAIL      stack_free_min=4368
[MEM_MON]   task=esp_timer        stack_free_min=3632
[MEM_MON]   task=wifi             stack_free_min=4212
[MEM_MON]   task=AMP_LEDS_TST     stack_free_min=7240
[MEM_MON]   task=AMP_LEDS_ERR     stack_free_min=7232
[MEM_MON] heap_free=85584 heap_min_free=75508 internal_free=85584
[MEM_MON]   task=MEM_MONITOR      stack_free_min=884
[MEM_MON]   task=IDLE0            stack_free_min=748
[MEM_MON]   task=IDLE1            stack_free_min=756
[MEM_MON]   task=LED_PANEL        stack_free_min=7216
[MEM_MON]   task=READ_AMPOULES_T  stack_free_min=6856
[MEM_MON]   task=BLINK_TESTS      stack_free_min=6736
[MEM_MON]   task=tiT              stack_free_min=1468
[MEM_MON]   task=PRINT_CHECK      stack_free_min=6852
[MEM_MON]   task=READ_AMPOULES    stack_free_min=6648
[MEM_MON]   task=PRINT_TST        stack_free_min=7020
[MEM_MON]   task=button_event     stack_free_min=7188
[MEM_MON]   task=check_heat_temp  stack_free_min=2976
[MEM_MON]   task=BUZZER_ALARM     stack_free_min=4420
[MEM_MON]   task=BUZZER_ALERT     stack_free_min=4424
[MEM_MON]   task=TASK_CHECK_TST_  stack_free_min=7500
[MEM_MON]   task=BLINK_HEATER     stack_free_min=6904
[MEM_MON]   task=check_temperatu  stack_free_min=3984
[MEM_MON]   task=Tmr Svc          stack_free_min=2348
[MEM_MON]   task=button_task      stack_free_min=6716
[MEM_MON]   task=ipc1             stack_free_min=536
[MEM_MON]   task=httpd            stack_free_min=2944
[MEM_MON]   task=sys_evt          stack_free_min=1588
[MEM_MON]   task=main             stack_free_min=1192
[MEM_MON]   task=daemon           stack_free_min=2128
[MEM_MON]   task=class            stack_free_min=2136
[MEM_MON]   task=HEATER_FAIL      stack_free_min=4368
[MEM_MON]   task=AMP_LEDS_TST     stack_free_min=7240
[MEM_MON]   task=esp_timer        stack_free_min=3632
[MEM_MON]   task=wifi             stack_free_min=4212
[MEM_MON]   task=AMP_LEDS_ERR     stack_free_min=7232
[MEM_MON]   task=ipc0             stack_free_min=532

[0;31mE (365907) HEATER: Temperatura: 26.000[0m
[0;31mE (365907) HEATER: Funcoes Habilitadas: Não[0m
[0;31mE (365907) HEATER: Esta em teste: Nao[0m
[0;31mE (365907) HEATER: Temperatura estabilizada: Nao[0m
[0;31mE (365907) HEATER: Temperatura no Range > 53.0 e < 68.0: Nao[0m

[0;32mI (365917) HEATER: AGUARDE: Temperatura de aquecimento atual: 26.000[0m
[MEM_MON] heap_free=85584 heap_min_free=75508 internal_free=85584
[MEM_MON]   task=MEM_MONITOR      stack_free_min=884
[MEM_MON]   task=IDLE0            stack_free_min=748
[MEM_MON]   task=IDLE1            stack_free_min=756
[MEM_MON]   task=button_task      stack_free_min=6716
[MEM_MON]   task=READ_AMPOULES    stack_free_min=6648
[MEM_MON]   task=tiT              stack_free_min=1468
[MEM_MON]   task=PRINT_CHECK      stack_free_min=6852
[MEM_MON]   task=LED_PANEL        stack_free_min=7216
[MEM_MON]   task=BLINK_TESTS      stack_free_min=6736
[MEM_MON]   task=button_event     stack_free_min=7188
[MEM_MON]   task=PRINT_TST        stack_free_min=7020
[MEM_MON]   task=BUZZER_ALARM     stack_free_min=4420
[MEM_MON]   task=BUZZER_ALERT     stack_free_min=4424
[MEM_MON]   task=TASK_CHECK_TST_  stack_free_min=7500
[MEM_MON]   task=BLINK_HEATER     stack_free_min=6904
[MEM_MON]   task=check_heat_temp  stack_free_min=2976
[MEM_MON]   task=check_temperatu  stack_free_min=3984
[MEM_MON]   task=Tmr Svc          stack_free_min=2348
[MEM_MON]   task=READ_AMPOULES_T  stack_free_min=6856
[MEM_MON]   task=httpd            stack_free_min=2944
[MEM_MON]   task=sys_evt          stack_free_min=1588
[MEM_MON]   task=main             stack_free_min=1192
[MEM_MON]   task=daemon           stack_free_min=2128
[MEM_MON]   task=class            stack_free_min=2136
[MEM_MON]   task=HEATER_FAIL      stack_free_min=4368
[MEM_MON]   task=AMP_LEDS_TST     stack_free_min=7240
[MEM_MON]   task=AMP_LEDS_ERR     stack_free_min=7232
[MEM_MON]   task=esp_timer        stack_free_min=3632
[MEM_MON]   task=wifi             stack_free_min=4212
[MEM_MON]   task=ipc0             stack_free_min=532
[MEM_MON]   task=ipc1             stack_free_min=536
[MEM_MON] heap_free=85584 heap_min_free=75508 internal_free=85584
[MEM_MON]   task=MEM_MONITOR      stack_free_min=884
[MEM_MON]   task=IDLE1            stack_free_min=756
[MEM_MON]   task=IDLE0            stack_free_min=748
[MEM_MON]   task=button_task      stack_free_min=6716
[MEM_MON]   task=READ_AMPOULES    stack_free_min=6648
[MEM_MON]   task=LED_PANEL        stack_free_min=7216
[MEM_MON]   task=button_event     stack_free_min=7188
[MEM_MON]   task=BUZZER_ALARM     stack_free_min=4420
[MEM_MON]   task=BUZZER_ALERT     stack_free_min=4424
[MEM_MON]   task=PRINT_TST        stack_free_min=7020
[MEM_MON]   task=TASK_CHECK_TST_  stack_free_min=7500
[MEM_MON]   task=tiT              stack_free_min=1468
[MEM_MON]   task=BLINK_HEATER     stack_free_min=6904
[MEM_MON]   task=READ_AMPOULES_T  stack_free_min=6856
[MEM_MON]   task=PRINT_CHECK      stack_free_min=6852
[MEM_MON]   task=check_heat_temp  stack_free_min=2976
[MEM_MON]   task=check_temperatu  stack_free_min=3984
[MEM_MON]   task=Tmr Svc          stack_free_min=2348
[MEM_MON]   task=BLINK_TESTS      stack_free_min=6736
[MEM_MON]   task=sys_evt          stack_free_min=1588
[MEM_MON]   task=main             stack_free_min=1192
[MEM_MON]   task=daemon           stack_free_min=2128
[MEM_MON]   task=class            stack_free_min=2136
[MEM_MON]   task=HEATER_FAIL      stack_free_min=4368
[MEM_MON]   task=AMP_LEDS_TST     stack_free_min=7240
[MEM_MON]   task=AMP_LEDS_ERR     stack_free_min=7232
[MEM_MON]   task=ipc0             stack_free_min=532
[MEM_MON]   task=esp_timer        stack_free_min=3632
[MEM_MON]   task=wifi             stack_free_min=4212
[MEM_MON]   task=ipc1             stack_free_min=536
[MEM_MON]   task=httpd            stack_free_min=2944
[MEM_MON] heap_free=85584 heap_min_free=75508 internal_free=85584
[MEM_MON]   task=MEM_MONITOR      stack_free_min=884
[MEM_MON]   task=IDLE1            stack_free_min=756
[MEM_MON]   task=IDLE0            stack_free_min=748
[MEM_MON]   task=button_task      stack_free_min=6716
[MEM_MON]   task=READ_AMPOULES    stack_free_min=6648
[MEM_MON]   task=BLINK_TESTS      stack_free_min=6736
[MEM_MON]   task=check_heat_temp  stack_free_min=2976
[MEM_MON]   task=BUZZER_ALARM     stack_free_min=4420
[MEM_MON]   task=BUZZER_ALERT     stack_free_min=4424
[MEM_MON]   task=button_event     stack_free_min=7188
[MEM_MON]   task=LED_PANEL        stack_free_min=7216
[MEM_MON]   task=TASK_CHECK_TST_  stack_free_min=7500
[MEM_MON]   task=tiT              stack_free_min=1468
[MEM_MON]   task=BLINK_HEATER     stack_free_min=6904
[MEM_MON]   task=READ_AMPOULES_T  stack_free_min=6856
[MEM_MON]   task=PRINT_CHECK      stack_free_min=6852
[MEM_MON]   task=check_temperatu  stack_free_min=3984
[MEM_MON]   task=Tmr Svc          stack_free_min=2348
[MEM_MON]   task=PRINT_TST        stack_free_min=7020
[MEM_MON]   task=main             stack_free_min=1192
[MEM_MON]   task=daemon           stack_free_min=2128
[MEM_MON]   task=class            stack_free_min=2136
[MEM_MON]   task=HEATER_FAIL      stack_free_min=4368
[MEM_MON]   task=AMP_LEDS_TST     stack_free_min=7240
[MEM_MON]   task=AMP_LEDS_ERR     stack_free_min=7232
[MEM_MON]   task=ipc0             stack_free_min=532
[MEM_MON]   task=ipc1             stack_free_min=536
[MEM_MON]   task=esp_timer        stack_free_min=3632
[MEM_MON]   task=wifi             stack_free_min=4212
[MEM_MON]   task=httpd            stack_free_min=2944
[MEM_MON]   task=sys_evt          stack_free_min=1588
[MEM_MON] heap_free=85404 heap_min_free=75508 internal_free=85404
[MEM_MON]   task=MEM_MONITOR      stack_free_min=884
[MEM_MON]   task=IDLE1            stack_free_min=756
[MEM_MON]   task=IDLE0            stack_free_min=748
[MEM_MON]   task=PRINT_TST        stack_free_min=7020
[MEM_MON]   task=BUZZER_ALARM     stack_free_min=4420
[MEM_MON]   task=BUZZER_ALERT     stack_free_min=4424
[MEM_MON]   task=TASK_CHECK_TST_  stack_free_min=7500
[MEM_MON]   task=READ_AMPOULES    stack_free_min=6648
[MEM_MON]   task=button_event     stack_free_min=7188
[MEM_MON]   task=BLINK_TESTS      stack_free_min=6736
[MEM_MON]   task=tiT              stack_free_min=1468
[MEM_MON]   task=LED_PANEL        stack_free_min=7216
[MEM_MON]   task=check_temperatu  stack_free_min=3984
[MEM_MON]   task=READ_AMPOULES_T  stack_free_min=6856
[MEM_MON]   task=PRINT_CHECK      stack_free_min=6852
[MEM_MON]   task=BLINK_HEATER     stack_free_min=6904
[MEM_MON]   task=button_task      stack_free_min=6716
[MEM_MON]   task=Tmr Svc          stack_free_min=2348
[MEM_MON]   task=check_heat_temp  stack_free_min=2976
[MEM_MON]   task=daemon           stack_free_min=2128
[MEM_MON]   task=class            stack_free_min=2136
[MEM_MON]   task=HEATER_FAIL      stack_free_min=4368
[MEM_MON]   task=AMP_LEDS_TST     stack_free_min=7240
[MEM_MON]   task=AMP_LEDS_ERR     stack_free_min=7232
[MEM_MON]   task=ipc0             stack_free_min=532
[MEM_MON]   task=ipc1             stack_free_min=536
[MEM_MON]   task=httpd            stack_free_min=2944
[MEM_MON]   task=esp_timer        stack_free_min=3632
[MEM_MON]   task=wifi             stack_free_min=4212
[MEM_MON]   task=sys_evt          stack_free_min=1588
[MEM_MON]   task=main             stack_free_min=1192
[MEM_MON] heap_free=85584 heap_min_free=75508 internal_free=85584
[MEM_MON]   task=MEM_MONITOR      stack_free_min=884
[MEM_MON]   task=IDLE0            stack_free_min=748
[MEM_MON]   task=IDLE1            stack_free_min=756
[MEM_MON]   task=button_task      stack_free_min=6716
[MEM_MON]   task=PRINT_TST        stack_free_min=7020
[MEM_MON]   task=TASK_CHECK_TST_  stack_free_min=7500
[MEM_MON]   task=tiT              stack_free_min=1468
[MEM_MON]   task=button_event     stack_free_min=7188
[MEM_MON]   task=READ_AMPOULES    stack_free_min=6648
[MEM_MON]   task=LED_PANEL        stack_free_min=7216
[MEM_MON]   task=READ_AMPOULES_T  stack_free_min=6856
[MEM_MON]   task=PRINT_CHECK      stack_free_min=6852
[MEM_MON]   task=BLINK_HEATER     stack_free_min=6904
[MEM_MON]   task=BUZZER_ALARM     stack_free_min=4420
[MEM_MON]   task=BUZZER_ALERT     stack_free_min=4424
[MEM_MON]   task=check_heat_temp  stack_free_min=2976
[MEM_MON]   task=check_temperatu  stack_free_min=3984
[MEM_MON]   task=Tmr Svc          stack_free_min=2348
[MEM_MON]   task=BLINK_TESTS      stack_free_min=6736
[MEM_MON]   task=class            stack_free_min=2136
[MEM_MON]   task=HEATER_FAIL      stack_free_min=4368
[MEM_MON]   task=AMP_LEDS_TST     stack_free_min=7240
[MEM_MON]   task=AMP_LEDS_ERR     stack_free_min=7232
[MEM_MON]   task=ipc0             stack_free_min=532
[MEM_MON]   task=ipc1             stack_free_min=536
[MEM_MON]   task=httpd            stack_free_min=2944
[MEM_MON]   task=sys_evt          stack_free_min=1588
[MEM_MON]   task=esp_timer        stack_free_min=3632
[MEM_MON]   task=wifi             stack_free_min=4212
[MEM_MON]   task=main             stack_free_min=1192
[MEM_MON]   task=daemon           stack_free_min=2128
[MEM_MON] heap_free=85584 heap_min_free=75508 internal_free=85584
[MEM_MON]   task=MEM_MONITOR      stack_free_min=884
[MEM_MON]   task=IDLE1            stack_free_min=756
[MEM_MON]   task=IDLE0            stack_free_min=748
[MEM_MON]   task=BLINK_HEATER     stack_free_min=6904
[MEM_MON]   task=READ_AMPOULES    stack_free_min=6648
[MEM_MON]   task=PRINT_TST        stack_free_min=7020
[MEM_MON]   task=button_event     stack_free_min=7188
[MEM_MON]   task=BLINK_TESTS      stack_free_min=6736
[MEM_MON]   task=READ_AMPOULES_T  stack_free_min=6856
[MEM_MON]   task=tiT              stack_free_min=1468
[MEM_MON]   task=PRINT_CHECK      stack_free_min=6852
[MEM_MON]   task=LED_PANEL        stack_free_min=7216
[MEM_MON]   task=check_heat_temp  stack_free_min=2976
[MEM_MON]   task=BUZZER_ALARM     stack_free_min=4420
[MEM_MON]   task=BUZZER_ALERT     stack_free_min=4424
[MEM_MON]   task=TASK_CHECK_TST_  stack_free_min=7500
[MEM_MON]   task=check_temperatu  stack_free_min=3984
[MEM_MON]   task=Tmr Svc          stack_free_min=2348
[MEM_MON]   task=button_task      stack_free_min=6716
[MEM_MON]   task=HEATER_FAIL      stack_free_min=4368
[MEM_MON]   task=AMP_LEDS_TST     stack_free_min=7240
[MEM_MON]   task=AMP_LEDS_ERR     stack_free_min=7232
[MEM_MON]   task=ipc0             stack_free_min=532
[MEM_MON]   task=ipc1             stack_free_min=536
[MEM_MON]   task=httpd            stack_free_min=2944
[MEM_MON]   task=sys_evt          stack_free_min=1588
[MEM_MON]   task=main             stack_free_min=1192
[MEM_MON]   task=esp_timer        stack_free_min=3632
[MEM_MON]   task=wifi             stack_free_min=4212
[MEM_MON]   task=daemon           stack_free_min=2128
[MEM_MON]   task=class            stack_free_min=2136

[0;31mE (372927) HEATER: Temperatura: 26.000[0m
[0;31mE (372927) HEATER: Funcoes Habilitadas: Não[0m
[0;31mE (372927) HEATER: Esta em teste: Nao[0m
[0;31mE (372927) HEATER: Temperatura estabilizada: Nao[0m
[0;31mE (372927) HEATER: Temperatura no Range > 53.0 e < 68.0: Nao[0m

[0;32mI (372937) HEATER: AGUARDE: Temperatura de aquecimento atual: 26.000[0m
[MEM_MON] heap_free=85584 heap_min_free=75508 internal_free=85584
[MEM_MON]   task=MEM_MONITOR      stack_free_min=884
[MEM_MON]   task=IDLE1            stack_free_min=756
[MEM_MON]   task=IDLE0            stack_free_min=748
[MEM_MON]   task=LED_PANEL        stack_free_min=7216
[MEM_MON]   task=button_task      stack_free_min=6716
[MEM_MON]   task=READ_AMPOULES    stack_free_min=6648
[MEM_MON]   task=button_event     stack_free_min=7188
[MEM_MON]   task=PRINT_TST        stack_free_min=7020
[MEM_MON]   task=READ_AMPOULES_T  stack_free_min=6856
[MEM_MON]   task=tiT              stack_free_min=1468
[MEM_MON]   task=PRINT_CHECK      stack_free_min=6852
[MEM_MON]   task=BUZZER_ALARM     stack_free_min=4420
[MEM_MON]   task=BUZZER_ALERT     stack_free_min=4424
[MEM_MON]   task=TASK_CHECK_TST_  stack_free_min=7500
[MEM_MON]   task=BLINK_HEATER     stack_free_min=6904
[MEM_MON]   task=check_temperatu  stack_free_min=3984
[MEM_MON]   task=check_heat_temp  stack_free_min=2976
[MEM_MON]   task=Tmr Svc          stack_free_min=2348
[MEM_MON]   task=BLINK_TESTS      stack_free_min=6736
[MEM_MON]   task=AMP_LEDS_TST     stack_free_min=7240
[MEM_MON]   task=AMP_LEDS_ERR     stack_free_min=7232
[MEM_MON]   task=ipc0             stack_free_min=532
[MEM_MON]   task=ipc1             stack_free_min=536
[MEM_MON]   task=httpd            stack_free_min=2944
[MEM_MON]   task=sys_evt          stack_free_min=1588
[MEM_MON]   task=main             stack_free_min=1192
[MEM_MON]   task=daemon           stack_free_min=2128
[MEM_MON]   task=esp_timer        stack_free_min=3632
[MEM_MON]   task=wifi             stack_free_min=4212
[MEM_MON]   task=class            stack_free_min=2136
[MEM_MON]   task=HEATER_FAIL      stack_free_min=4368
[MEM_MON] heap_free=85584 heap_min_free=75508 internal_free=85584
[MEM_MON]   task=MEM_MONITOR      stack_free_min=884
[MEM_MON]   task=IDLE1            stack_free_min=756
[MEM_MON]   task=IDLE0            stack_free_min=748
[MEM_MON]   task=button_task      stack_free_min=6716
[MEM_MON]   task=button_event     stack_free_min=7188
[MEM_MON]   task=BLINK_TESTS      stack_free_min=6736
[MEM_MON]   task=LED_PANEL        stack_free_min=7216
[MEM_MON]   task=tiT              stack_free_min=1468
[MEM_MON]   task=PRINT_CHECK      stack_free_min=6852
[MEM_MON]   task=READ_AMPOULES    stack_free_min=6648
[MEM_MON]   task=PRINT_TST        stack_free_min=7020
[MEM_MON]   task=BUZZER_ALARM     stack_free_min=4420
[MEM_MON]   task=BUZZER_ALERT     stack_free_min=4424
[MEM_MON]   task=TASK_CHECK_TST_  stack_free_min=7500
[MEM_MON]   task=BLINK_HEATER     stack_free_min=6904
[MEM_MON]   task=check_temperatu  stack_free_min=3984
[MEM_MON]   task=check_heat_temp  stack_free_min=2976
[MEM_MON]   task=Tmr Svc          stack_free_min=2348
[MEM_MON]   task=READ_AMPOULES_T  stack_free_min=6856
[MEM_MON]   task=AMP_LEDS_ERR     stack_free_min=7232
[MEM_MON]   task=ipc0             stack_free_min=532
[MEM_MON]   task=ipc1             stack_free_min=536
[MEM_MON]   task=httpd            stack_free_min=2944
[MEM_MON]   task=sys_evt          stack_free_min=1588
[MEM_MON]   task=main             stack_free_min=1192
[MEM_MON]   task=daemon           stack_free_min=2128
[MEM_MON]   task=class            stack_free_min=2136
[MEM_MON]   task=esp_timer        stack_free_min=3632
[MEM_MON]   task=wifi             stack_free_min=4212
[MEM_MON]   task=HEATER_FAIL      stack_free_min=4368
[MEM_MON]   task=AMP_LEDS_TST     stack_free_min=7240
[MEM_MON] heap_free=85404 heap_min_free=75508 internal_free=85404
[MEM_MON]   task=MEM_MONITOR      stack_free_min=884
[MEM_MON]   task=IDLE1            stack_free_min=756
[MEM_MON]   task=IDLE0            stack_free_min=748
[MEM_MON]   task=LED_PANEL        stack_free_min=7216
[MEM_MON]   task=BLINK_TESTS      stack_free_min=6736
[MEM_MON]   task=READ_AMPOULES    stack_free_min=6648
[MEM_MON]   task=PRINT_TST        stack_free_min=7020
[MEM_MON]   task=check_heat_temp  stack_free_min=2976
[MEM_MON]   task=BUZZER_ALARM     stack_free_min=4420
[MEM_MON]   task=BUZZER_ALERT     stack_free_min=4424
[MEM_MON]   task=TASK_CHECK_TST_  stack_free_min=7500
[MEM_MON]   task=tiT              stack_free_min=1468
[MEM_MON]   task=BLINK_HEATER     stack_free_min=6904
[MEM_MON]   task=check_temperatu  stack_free_min=3984
[MEM_MON]   task=READ_AMPOULES_T  stack_free_min=6856
[MEM_MON]   task=PRINT_CHECK      stack_free_min=6852
[MEM_MON]   task=button_task      stack_free_min=6716
[MEM_MON]   task=Tmr Svc          stack_free_min=2348
[MEM_MON]   task=button_event     stack_free_min=7188
[MEM_MON]   task=ipc0             stack_free_min=532
[MEM_MON]   task=ipc1             stack_free_min=536
[MEM_MON]   task=httpd            stack_free_min=2944
[MEM_MON]   task=sys_evt          stack_free_min=1588
[MEM_MON]   task=main             stack_free_min=1192
[MEM_MON]   task=daemon           stack_free_min=2128
[MEM_MON]   task=class            stack_free_min=2136
[MEM_MON]   task=HEATER_FAIL      stack_free_min=4368
[MEM_MON]   task=esp_timer        stack_free_min=3632
[MEM_MON]   task=wifi             stack_free_min=4212
[MEM_MON]   task=AMP_LEDS_TST     stack_free_min=7240
[MEM_MON]   task=AMP_LEDS_ERR     stack_free_min=7232

[0;31mE (376177) HEATER: Temperatura: 26.000[0m
[0;31mE (376177) HEATER: Funcoes Habilitadas: Não[0m
[0;31mE (376177) HEATER: Esta em teste: Nao[0m
[0;31mE (376177) HEATER: Temperatura estabilizada: Nao[0m
[0;31mE (376177) HEATER: Temperatura no Range > 53.0 e < 68.0: Nao[0m

[0;32mI (376187) HEATER: AGUARDE: Temperatura de aquecimento atual: 26.000[0m
[MEM_MON] heap_free=85584 heap_min_free=75508 internal_free=85584
[MEM_MON]   task=MEM_MONITOR      stack_free_min=884
[MEM_MON]   task=IDLE0            stack_free_min=748
[MEM_MON]   task=IDLE1            stack_free_min=756
[MEM_MON]   task=button_event     stack_free_min=7188
[MEM_MON]   task=LED_PANEL        stack_free_min=7216
[MEM_MON]   task=BLINK_TESTS      stack_free_min=6736
[MEM_MON]   task=BUZZER_ALARM     stack_free_min=4420
[MEM_MON]   task=READ_AMPOULES    stack_free_min=6648
[MEM_MON]   task=BUZZER_ALERT     stack_free_min=4424
[MEM_MON]   task=PRINT_TST        stack_free_min=7020
[MEM_MON]   task=TASK_CHECK_TST_  stack_free_min=7500
[MEM_MON]   task=tiT              stack_free_min=1468
[MEM_MON]   task=BLINK_HEATER     stack_free_min=6904
[MEM_MON]   task=READ_AMPOULES_T  stack_free_min=6856
[MEM_MON]   task=PRINT_CHECK      stack_free_min=6852
[MEM_MON]   task=check_heat_temp  stack_free_min=2976
[MEM_MON]   task=check_temperatu  stack_free_min=3984
[MEM_MON]   task=Tmr Svc          stack_free_min=2348
[MEM_MON]   task=button_task      stack_free_min=6716
[MEM_MON]   task=ipc1             stack_free_min=536
[MEM_MON]   task=httpd            stack_free_min=2944
[MEM_MON]   task=sys_evt          stack_free_min=1588
[MEM_MON]   task=main             stack_free_min=1192
[MEM_MON]   task=daemon           stack_free_min=2128
[MEM_MON]   task=class            stack_free_min=2136
[MEM_MON]   task=HEATER_FAIL      stack_free_min=4368
[MEM_MON]   task=AMP_LEDS_TST     stack_free_min=7240
[MEM_MON]   task=esp_timer        stack_free_min=3632
[MEM_MON]   task=wifi             stack_free_min=4212
[MEM_MON]   task=AMP_LEDS_ERR     stack_free_min=7232
[MEM_MON]   task=ipc0             stack_free_min=532
[MEM_MON] heap_free=85584 heap_min_free=75508 internal_free=85584
[MEM_MON]   task=MEM_MONITOR      stack_free_min=884
[MEM_MON]   task=IDLE1            stack_free_min=756
[MEM_MON]   task=IDLE0            stack_free_min=748
[MEM_MON]   task=READ_AMPOULES    stack_free_min=6648
[MEM_MON]   task=button_event     stack_free_min=7188
[MEM_MON]   task=BUZZER_ALARM     stack_free_min=4420
[MEM_MON]   task=BUZZER_ALERT     stack_free_min=4424
[MEM_MON]   task=LED_PANEL        stack_free_min=7216
[MEM_MON]   task=BLINK_TESTS      stack_free_min=6736
[MEM_MON]   task=TASK_CHECK_TST_  stack_free_min=7500
[MEM_MON]   task=tiT              stack_free_min=1468
[MEM_MON]   task=BLINK_HEATER     stack_free_min=6904
[MEM_MON]   task=PRINT_TST        stack_free_min=7020
[MEM_MON]   task=READ_AMPOULES_T  stack_free_min=6856
[MEM_MON]   task=PRINT_CHECK      stack_free_min=6852
[MEM_MON]   task=check_heat_temp  stack_free_min=2976
[MEM_MON]   task=check_temperatu  stack_free_min=3984
[MEM_MON]   task=Tmr Svc          stack_free_min=2348
[MEM_MON]   task=button_task      stack_free_min=6716
[MEM_MON]   task=httpd            stack_free_min=2944
[MEM_MON]   task=sys_evt          stack_free_min=1588
[MEM_MON]   task=main             stack_free_min=1192
[MEM_MON]   task=daemon           stack_free_min=2128
[MEM_MON]   task=class            stack_free_min=2136
[MEM_MON]   task=HEATER_FAIL      stack_free_min=4368
[MEM_MON]   task=AMP_LEDS_TST     stack_free_min=7240
[MEM_MON]   task=AMP_LEDS_ERR     stack_free_min=7232
[MEM_MON]   task=esp_timer        stack_free_min=3632
[MEM_MON]   task=wifi             stack_free_min=4212
[MEM_MON]   task=ipc0             stack_free_min=532
[MEM_MON]   task=ipc1             stack_free_min=536
[MEM_MON] heap_free=85584 heap_min_free=75508 internal_free=85584
[MEM_MON]   task=MEM_MONITOR      stack_free_min=884
[MEM_MON]   task=IDLE1            stack_free_min=756
[MEM_MON]   task=IDLE0            stack_free_min=748
[MEM_MON]   task=BUZZER_ALERT     stack_free_min=4424
[MEM_MON]   task=button_event     stack_free_min=7188
[MEM_MON]   task=button_task      stack_free_min=6716
[MEM_MON]   task=TASK_CHECK_TST_  stack_free_min=7500
[MEM_MON]   task=READ_AMPOULES    stack_free_min=6648
[MEM_MON]   task=BLINK_TESTS      stack_free_min=6736
[MEM_MON]   task=tiT              stack_free_min=1468
[MEM_MON]   task=check_heat_temp  stack_free_min=2976
[MEM_MON]   task=LED_PANEL        stack_free_min=7216
[MEM_MON]   task=PRINT_TST        stack_free_min=7020
[MEM_MON]   task=READ_AMPOULES_T  stack_free_min=6856
[MEM_MON]   task=PRINT_CHECK      stack_free_min=6852
[MEM_MON]   task=BLINK_HEATER     stack_free_min=6904
[MEM_MON]   task=check_temperatu  stack_free_min=3984
[MEM_MON]   task=Tmr Svc          stack_free_min=2348
[MEM_MON]   task=BUZZER_ALARM     stack_free_min=4420
[MEM_MON]   task=sys_evt          stack_free_min=1588
[MEM_MON]   task=main             stack_free_min=1192
[MEM_MON]   task=daemon           stack_free_min=2128
[MEM_MON]   task=class            stack_free_min=2136
[MEM_MON]   task=HEATER_FAIL      stack_free_min=4368
[MEM_MON]   task=AMP_LEDS_TST     stack_free_min=7240
[MEM_MON]   task=AMP_LEDS_ERR     stack_free_min=7232
[MEM_MON]   task=ipc0             stack_free_min=532
[MEM_MON]   task=esp_timer        stack_free_min=3632
[MEM_MON]   task=wifi             stack_free_min=4212
[MEM_MON]   task=ipc1             stack_free_min=536
[MEM_MON]   task=httpd            stack_free_min=2944
[MEM_MON] heap_free=85584 heap_min_free=75508 internal_free=85584
[MEM_MON]   task=MEM_MONITOR      stack_free_min=884
[MEM_MON]   task=IDLE1            stack_free_min=756
[MEM_MON]   task=IDLE0            stack_free_min=748
[MEM_MON]   task=PRINT_TST        stack_free_min=7020
[MEM_MON]   task=button_task      stack_free_min=6716
[MEM_MON]   task=check_heat_temp  stack_free_min=2976
[MEM_MON]   task=READ_AMPOULES    stack_free_min=6648
[MEM_MON]   task=BLINK_TESTS      stack_free_min=6736
[MEM_MON]   task=LED_PANEL        stack_free_min=7216
[MEM_MON]   task=READ_AMPOULES_T  stack_free_min=6856
[MEM_MON]   task=PRINT_CHECK      stack_free_min=6852
[MEM_MON]   task=BLINK_HEATER     stack_free_min=6904
[MEM_MON]   task=BUZZER_ALARM     stack_free_min=4420
[MEM_MON]   task=BUZZER_ALERT     stack_free_min=4424
[MEM_MON]   task=TASK_CHECK_TST_  stack_free_min=7500
[MEM_MON]   task=button_event     stack_free_min=7188
[MEM_MON]   task=check_temperatu  stack_free_min=3984
[MEM_MON]   task=Tmr Svc          stack_free_min=2348
[MEM_MON]   task=tiT              stack_free_min=1468
[MEM_MON]   task=main             stack_free_min=1192
[MEM_MON]   task=daemon           stack_free_min=2128
[MEM_MON]   task=class            stack_free_min=2136
[MEM_MON]   task=HEATER_FAIL      stack_free_min=4368
[MEM_MON]   task=AMP_LEDS_TST     stack_free_min=7240
[MEM_MON]   task=AMP_LEDS_ERR     stack_free_min=7232
[MEM_MON]   task=ipc0             stack_free_min=532
[MEM_MON]   task=ipc1             stack_free_min=536
[MEM_MON]   task=esp_timer        stack_free_min=3632
[MEM_MON]   task=wifi             stack_free_min=4212
[MEM_MON]   task=httpd            stack_free_min=2944
[MEM_MON]   task=sys_evt          stack_free_min=1588
[MEM_MON] heap_free=85404 heap_min_free=75508 internal_free=85404
[MEM_MON]   task=MEM_MONITOR      stack_free_min=884
[MEM_MON]   task=IDLE1            stack_free_min=756
[MEM_MON]   task=IDLE0            stack_free_min=748
[MEM_MON]   task=READ_AMPOULES_T  stack_free_min=6856
[MEM_MON]   task=READ_AMPOULES    stack_free_min=6648
[MEM_MON]   task=BLINK_TESTS      stack_free_min=6736
[MEM_MON]   task=tiT              stack_free_min=1468
[MEM_MON]   task=PRINT_CHECK      stack_free_min=6852
[MEM_MON]   task=LED_PANEL        stack_free_min=7216
[MEM_MON]   task=check_temperatu  stack_free_min=3984
[MEM_MON]   task=BUZZER_ALARM     stack_free_min=4420
[MEM_MON]   task=BUZZER_ALERT     stack_free_min=4424
[MEM_MON]   task=TASK_CHECK_TST_  stack_free_min=7500
[MEM_MON]   task=button_event     stack_free_min=7188
[MEM_MON]   task=BLINK_HEATER     stack_free_min=6904
[MEM_MON]   task=button_task      stack_free_min=6716
[MEM_MON]   task=check_heat_temp  stack_free_min=2976
[MEM_MON]   task=Tmr Svc          stack_free_min=2348
[MEM_MON]   task=PRINT_TST        stack_free_min=7020
[MEM_MON]   task=daemon           stack_free_min=2128
[MEM_MON]   task=class            stack_free_min=2136
[MEM_MON]   task=HEATER_FAIL      stack_free_min=4368
[MEM_MON]   task=AMP_LEDS_TST     stack_free_min=7240
[MEM_MON]   task=AMP_LEDS_ERR     stack_free_min=7232
[MEM_MON]   task=ipc0             stack_free_min=532
[MEM_MON]   task=ipc1             stack_free_min=536
[MEM_MON]   task=httpd            stack_free_min=2944
[MEM_MON]   task=esp_timer        stack_free_min=3632
[MEM_MON]   task=wifi             stack_free_min=4212
[MEM_MON]   task=sys_evt          stack_free_min=1588
[MEM_MON]   task=main             stack_free_min=1192
[MEM_MON] heap_free=85584 heap_min_free=75508 internal_free=85584
[MEM_MON]   task=MEM_MONITOR      stack_free_min=884
[MEM_MON]   task=IDLE0            stack_free_min=748
[MEM_MON]   task=IDLE1            stack_free_min=756
[MEM_MON]   task=PRINT_TST        stack_free_min=7020
[MEM_MON]   task=READ_AMPOULES_T  stack_free_min=6856
[MEM_MON]   task=tiT              stack_free_min=1468
[MEM_MON]   task=PRINT_CHECK      stack_free_min=6852
[MEM_MON]   task=BLINK_TESTS      stack_free_min=6736
[MEM_MON]   task=READ_AMPOULES    stack_free_min=6648
[MEM_MON]   task=LED_PANEL        stack_free_min=7216
[MEM_MON]   task=BUZZER_ALARM     stack_free_min=4420
[MEM_MON]   task=BUZZER_ALERT     stack_free_min=4424
[MEM_MON]   task=TASK_CHECK_TST_  stack_free_min=7500
[MEM_MON]   task=BLINK_HEATER     stack_free_min=6904
[MEM_MON]   task=check_heat_temp  stack_free_min=2976
[MEM_MON]   task=button_event     stack_free_min=7188
[MEM_MON]   task=check_temperatu  stack_free_min=3984
[MEM_MON]   task=Tmr Svc          stack_free_min=2348
[MEM_MON]   task=button_task      stack_free_min=6716
[MEM_MON]   task=class            stack_free_min=2136
[MEM_MON]   task=HEATER_FAIL      stack_free_min=4368
[MEM_MON]   task=AMP_LEDS_TST     stack_free_min=7240
[MEM_MON]   task=AMP_LEDS_ERR     stack_free_min=7232
[MEM_MON]   task=ipc0             stack_free_min=532
[MEM_MON]   task=ipc1             stack_free_min=536
[MEM_MON]   task=httpd            stack_free_min=2944
[MEM_MON]   task=sys_evt          stack_free_min=1588
[MEM_MON]   task=esp_timer        stack_free_min=3632
[MEM_MON]   task=wifi             stack_free_min=4212
[MEM_MON]   task=main             stack_free_min=1192
[MEM_MON]   task=daemon           stack_free_min=2128

[0;31mE (383197) HEATER: Temperatura: 26.000[0m
[0;31mE (383197) HEATER: Funcoes Habilitadas: Não[0m
[0;31mE (383197) HEATER: Esta em teste: Nao[0m
[0;31mE (383197) HEATER: Temperatura estabilizada: Nao[0m
[0;31mE (383197) HEATER: Temperatura no Range > 53.0 e < 68.0: Nao[0m

[0;32mI (383207) HEATER: AGUARDE: Temperatura de aquecimento atual: 26.000[0m
[MEM_MON] heap_free=85584 heap_min_free=75508 internal_free=85584
[MEM_MON]   task=MEM_MONITOR      stack_free_min=884
[MEM_MON]   task=IDLE0            stack_free_min=748
[MEM_MON]   task=IDLE1            stack_free_min=756
[MEM_MON]   task=button_task      stack_free_min=6716
[MEM_MON]   task=READ_AMPOULES    stack_free_min=6648
[MEM_MON]   task=PRINT_TST        stack_free_min=7020
[MEM_MON]   task=BLINK_TESTS      stack_free_min=6736
[MEM_MON]   task=BUZZER_ALARM     stack_free_min=4420
[MEM_MON]   task=BUZZER_ALERT     stack_free_min=4424
[MEM_MON]   task=LED_PANEL        stack_free_min=7216
[MEM_MON]   task=TASK_CHECK_TST_  stack_free_min=7500
[MEM_MON]   task=tiT              stack_free_min=1468
[MEM_MON]   task=BLINK_HEATER     stack_free_min=6904
[MEM_MON]   task=button_event     stack_free_min=7188
[MEM_MON]   task=READ_AMPOULES_T  stack_free_min=6856
[MEM_MON]   task=check_heat_temp  stack_free_min=2976
[MEM_MON]   task=check_temperatu  stack_free_min=3984
[MEM_MON]   task=Tmr Svc          stack_free_min=2348
[MEM_MON]   task=PRINT_CHECK      stack_free_min=6852
[MEM_MON]   task=HEATER_FAIL      stack_free_min=4368
[MEM_MON]   task=AMP_LEDS_TST     stack_free_min=7240
[MEM_MON]   task=AMP_LEDS_ERR     stack_free_min=7232
[MEM_MON]   task=ipc0             stack_free_min=532
[MEM_MON]   task=ipc1             stack_free_min=536
[MEM_MON]   task=httpd            stack_free_min=2944
[MEM_MON]   task=sys_evt          stack_free_min=1588
[MEM_MON]   task=main             stack_free_min=1192
[MEM_MON]   task=esp_timer        stack_free_min=3632
[MEM_MON]   task=wifi             stack_free_min=4212
[MEM_MON]   task=daemon           stack_free_min=2128
[MEM_MON]   task=class            stack_free_min=2136
[MEM_MON] heap_free=85584 heap_min_free=75508 internal_free=85584
[MEM_MON]   task=MEM_MONITOR      stack_free_min=884
[MEM_MON]   task=IDLE1            stack_free_min=756
[MEM_MON]   task=IDLE0            stack_free_min=748
[MEM_MON]   task=button_task      stack_free_min=6716
[MEM_MON]   task=READ_AMPOULES    stack_free_min=6648
[MEM_MON]   task=PRINT_TST        stack_free_min=7020
[MEM_MON]   task=BLINK_TESTS      stack_free_min=6736
[MEM_MON]   task=BUZZER_ALARM     stack_free_min=4420
[MEM_MON]   task=BUZZER_ALERT     stack_free_min=4424
[MEM_MON]   task=TASK_CHECK_TST_  stack_free_min=7500
[MEM_MON]   task=tiT              stack_free_min=1468
[MEM_MON]   task=BLINK_HEATER     stack_free_min=6904
[MEM_MON]   task=READ_AMPOULES_T  stack_free_min=6856
[MEM_MON]   task=button_event     stack_free_min=7188
[MEM_MON]   task=PRINT_CHECK      stack_free_min=6852
[MEM_MON]   task=check_heat_temp  stack_free_min=2976
[MEM_MON]   task=check_temperatu  stack_free_min=3984
[MEM_MON]   task=Tmr Svc          stack_free_min=2348
[MEM_MON]   task=LED_PANEL        stack_free_min=7216
[MEM_MON]   task=AMP_LEDS_TST     stack_free_min=7240
[MEM_MON]   task=AMP_LEDS_ERR     stack_free_min=7232
[MEM_MON]   task=ipc0             stack_free_min=532
[MEM_MON]   task=ipc1             stack_free_min=536
[MEM_MON]   task=httpd            stack_free_min=2944
[MEM_MON]   task=sys_evt          stack_free_min=1588
[MEM_MON]   task=main             stack_free_min=1192
[MEM_MON]   task=daemon           stack_free_min=2128
[MEM_MON]   task=esp_timer        stack_free_min=3632
[MEM_MON]   task=wifi             stack_free_min=4212
[MEM_MON]   task=class            stack_free_min=2136
[MEM_MON]   task=HEATER_FAIL      stack_free_min=4368
[MEM_MON] heap_free=85584 heap_min_free=75508 internal_free=85584
[MEM_MON]   task=MEM_MONITOR      stack_free_min=884
[MEM_MON]   task=IDLE1            stack_free_min=756
[MEM_MON]   task=IDLE0            stack_free_min=748
[MEM_MON]   task=LED_PANEL        stack_free_min=7216
[MEM_MON]   task=BUZZER_ALARM     stack_free_min=4420
[MEM_MON]   task=READ_AMPOULES    stack_free_min=6648
[MEM_MON]   task=BUZZER_ALERT     stack_free_min=4424
[MEM_MON]   task=PRINT_TST        stack_free_min=7020
[MEM_MON]   task=TASK_CHECK_TST_  stack_free_min=7500
[MEM_MON]   task=BLINK_TESTS      stack_free_min=6736
[MEM_MON]   task=tiT              stack_free_min=1468
[MEM_MON]   task=check_heat_temp  stack_free_min=2976
[MEM_MON]   task=READ_AMPOULES_T  stack_free_min=6856
[MEM_MON]   task=PRINT_CHECK      stack_free_min=6852
[MEM_MON]   task=button_event     stack_free_min=7188
[MEM_MON]   task=BLINK_HEATER     stack_free_min=6904
[MEM_MON]   task=check_temperatu  stack_free_min=3984
[MEM_MON]   task=Tmr Svc          stack_free_min=2348
[MEM_MON]   task=button_task      stack_free_min=6716
[MEM_MON]   task=AMP_LEDS_ERR     stack_free_min=7232
[MEM_MON]   task=ipc0             stack_free_min=532
[MEM_MON]   task=ipc1             stack_free_min=536
[MEM_MON]   task=httpd            stack_free_min=2944
[MEM_MON]   task=sys_evt          stack_free_min=1588
[MEM_MON]   task=main             stack_free_min=1192
[MEM_MON]   task=daemon           stack_free_min=2128
[MEM_MON]   task=class            stack_free_min=2136
[MEM_MON]   task=esp_timer        stack_free_min=3632
[MEM_MON]   task=wifi             stack_free_min=4212
[MEM_MON]   task=HEATER_FAIL      stack_free_min=4368
[MEM_MON]   task=AMP_LEDS_TST     stack_free_min=7240
[MEM_MON] heap_free=85404 heap_min_free=75508 internal_free=85404
[MEM_MON]   task=MEM_MONITOR      stack_free_min=884
[MEM_MON]   task=IDLE1            stack_free_min=756
[MEM_MON]   task=IDLE0            stack_free_min=748
[MEM_MON]   task=BUZZER_ALERT     stack_free_min=4424
[MEM_MON]   task=LED_PANEL        stack_free_min=7216
[MEM_MON]   task=TASK_CHECK_TST_  stack_free_min=7500
[MEM_MON]   task=tiT              stack_free_min=1468
[MEM_MON]   task=READ_AMPOULES    stack_free_min=6648
[MEM_MON]   task=BLINK_TESTS      stack_free_min=6736
[MEM_MON]   task=check_heat_temp  stack_free_min=2976
[MEM_MON]   task=PRINT_TST        stack_free_min=7020
[MEM_MON]   task=READ_AMPOULES_T  stack_free_min=6856
[MEM_MON]   task=PRINT_CHECK      stack_free_min=6852
[MEM_MON]   task=button_event     stack_free_min=7188
[MEM_MON]   task=check_temperatu  stack_free_min=3984
[MEM_MON]   task=BLINK_HEATER     stack_free_min=6904
[MEM_MON]   task=button_task      stack_free_min=6716
[MEM_MON]   task=Tmr Svc          stack_free_min=2348
[MEM_MON]   task=BUZZER_ALARM     stack_free_min=4420
[MEM_MON]   task=ipc0             stack_free_min=532
[MEM_MON]   task=ipc1             stack_free_min=536
[MEM_MON]   task=httpd            stack_free_min=2944
[MEM_MON]   task=sys_evt          stack_free_min=1588
[MEM_MON]   task=main             stack_free_min=1192
[MEM_MON]   task=daemon           stack_free_min=2128
[MEM_MON]   task=class            stack_free_min=2136
[MEM_MON]   task=HEATER_FAIL      stack_free_min=4368
[MEM_MON]   task=esp_timer        stack_free_min=3632
[MEM_MON]   task=wifi             stack_free_min=4212
[MEM_MON]   task=AMP_LEDS_TST     stack_free_min=7240
[MEM_MON]   task=AMP_LEDS_ERR     stack_free_min=7232
[MEM_MON] heap_free=85584 heap_min_free=75508 internal_free=85584
[MEM_MON]   task=MEM_MONITOR      stack_free_min=884
[MEM_MON]   task=IDLE0            stack_free_min=748
[MEM_MON]   task=IDLE1            stack_free_min=756
[MEM_MON]   task=button_task      stack_free_min=6716
[MEM_MON]   task=tiT              stack_free_min=1468
[MEM_MON]   task=LED_PANEL        stack_free_min=7216
[MEM_MON]   task=BLINK_HEATER     stack_free_min=6904
[MEM_MON]   task=READ_AMPOULES    stack_free_min=6648
[MEM_MON]   task=PRINT_TST        stack_free_min=7020
[MEM_MON]   task=READ_AMPOULES_T  stack_free_min=6856
[MEM_MON]   task=PRINT_CHECK      stack_free_min=6852
[MEM_MON]   task=button_event     stack_free_min=7188
[MEM_MON]   task=BUZZER_ALARM     stack_free_min=4420
[MEM_MON]   task=BUZZER_ALERT     stack_free_min=4424
[MEM_MON]   task=TASK_CHECK_TST_  stack_free_min=7500
[MEM_MON]   task=check_heat_temp  stack_free_min=2976
[MEM_MON]   task=check_temperatu  stack_free_min=3984
[MEM_MON]   task=Tmr Svc          stack_free_min=2348
[MEM_MON]   task=BLINK_TESTS      stack_free_min=6736
[MEM_MON]   task=ipc1             stack_free_min=536
[MEM_MON]   task=httpd            stack_free_min=2944
[MEM_MON]   task=sys_evt          stack_free_min=1588
[MEM_MON]   task=main             stack_free_min=1192
[MEM_MON]   task=daemon           stack_free_min=2128
[MEM_MON]   task=class            stack_free_min=2136
[MEM_MON]   task=HEATER_FAIL      stack_free_min=4368
[MEM_MON]   task=AMP_LEDS_TST     stack_free_min=7240
[MEM_MON]   task=esp_timer        stack_free_min=3632
[MEM_MON]   task=wifi             stack_free_min=4212
[MEM_MON]   task=AMP_LEDS_ERR     stack_free_min=7232
[MEM_MON]   task=ipc0             stack_free_min=532
[MEM_MON] heap_free=85584 heap_min_free=75508 internal_free=85584
[MEM_MON]   task=MEM_MONITOR      stack_free_min=884
[MEM_MON]   task=IDLE1            stack_free_min=756
[MEM_MON]   task=IDLE0            stack_free_min=748
[MEM_MON]   task=READ_AMPOULES    stack_free_min=6648
[MEM_MON]   task=BLINK_TESTS      stack_free_min=6736
[MEM_MON]   task=LED_PANEL        stack_free_min=7216
[MEM_MON]   task=READ_AMPOULES_T  stack_free_min=6856
[MEM_MON]   task=tiT              stack_free_min=1468
[MEM_MON]   task=PRINT_CHECK      stack_free_min=6852
[MEM_MON]   task=PRINT_TST        stack_free_min=7020
[MEM_MON]   task=button_event     stack_free_min=7188
[MEM_MON]   task=BUZZER_ALARM     stack_free_min=4420
[MEM_MON]   task=BUZZER_ALERT     stack_free_min=4424
[MEM_MON]   task=TASK_CHECK_TST_  stack_free_min=7500
[MEM_MON]   task=BLINK_HEATER     stack_free_min=6904
[MEM_MON]   task=check_heat_temp  stack_free_min=2976
[MEM_MON]   task=check_temperatu  stack_free_min=3984
[MEM_MON]   task=Tmr Svc          stack_free_min=2348
[MEM_MON]   task=button_task      stack_free_min=6716
[MEM_MON]   task=httpd            stack_free_min=2944
[MEM_MON]   task=sys_evt          stack_free_min=1588
[MEM_MON]   task=main             stack_free_min=1192
[MEM_MON]   task=daemon           stack_free_min=2128
[MEM_MON]   task=class            stack_free_min=2136
[MEM_MON]   task=HEATER_FAIL      stack_free_min=4368
[MEM_MON]   task=AMP_LEDS_TST     stack_free_min=7240
[MEM_MON]   task=AMP_LEDS_ERR     stack_free_min=7232
[MEM_MON]   task=esp_timer        stack_free_min=3632
[MEM_MON]   task=wifi             stack_free_min=4212
[MEM_MON]   task=ipc0             stack_free_min=532
[MEM_MON]   task=ipc1             stack_free_min=536

[0;31mE (390217) HEATER: Temperatura: 26.000[0m
[0;31mE (390217) HEATER: Funcoes Habilitadas: Não[0m
[0;31mE (390217) HEATER: Esta em teste: Nao[0m
[0;31mE (390217) HEATER: Temperatura estabilizada: Nao[0m
[0;31mE (390217) HEATER: Temperatura no Range > 53.0 e < 68.0: Nao[0m

[0;32mI (390227) HEATER: AGUARDE: Temperatura de aquecimento atual: 26.000[0m
[MEM_MON] heap_free=85584 heap_min_free=75508 internal_free=85584
[MEM_MON]   task=MEM_MONITOR      stack_free_min=884
[MEM_MON]   task=IDLE1            stack_free_min=756
[MEM_MON]   task=IDLE0            stack_free_min=748
[MEM_MON]   task=button_task      stack_free_min=6716
[MEM_MON]   task=READ_AMPOULES_T  stack_free_min=6856
[MEM_MON]   task=READ_AMPOULES    stack_free_min=6648
[MEM_MON]   task=tiT              stack_free_min=1468
[MEM_MON]   task=PRINT_CHECK      stack_free_min=6852
[MEM_MON]   task=LED_PANEL        stack_free_min=7216
[MEM_MON]   task=PRINT_TST        stack_free_min=7020
[MEM_MON]   task=BUZZER_ALARM     stack_free_min=4420
[MEM_MON]   task=BUZZER_ALERT     stack_free_min=4424
[MEM_MON]   task=button_event     stack_free_min=7188
[MEM_MON]   task=TASK_CHECK_TST_  stack_free_min=7500
[MEM_MON]   task=BLINK_HEATER     stack_free_min=6904
[MEM_MON]   task=check_temperatu  stack_free_min=3984
[MEM_MON]   task=check_heat_temp  stack_free_min=2976
[MEM_MON]   task=Tmr Svc          stack_free_min=2348
[MEM_MON]   task=BLINK_TESTS      stack_free_min=6736
[MEM_MON]   task=sys_evt          stack_free_min=1588
[MEM_MON]   task=main             stack_free_min=1192
[MEM_MON]   task=daemon           stack_free_min=2128
[MEM_MON]   task=class            stack_free_min=2136
[MEM_MON]   task=HEATER_FAIL      stack_free_min=4368
[MEM_MON]   task=AMP_LEDS_TST     stack_free_min=7240
[MEM_MON]   task=AMP_LEDS_ERR     stack_free_min=7232
[MEM_MON]   task=ipc0             stack_free_min=532
[MEM_MON]   task=esp_timer        stack_free_min=3632
[MEM_MON]   task=wifi             stack_free_min=4212
[MEM_MON]   task=ipc1             stack_free_min=536
[MEM_MON]   task=httpd            stack_free_min=2944
[MEM_MON] heap_free=85584 heap_min_free=75508 internal_free=85584
[MEM_MON]   task=MEM_MONITOR      stack_free_min=884
[MEM_MON]   task=IDLE0            stack_free_min=748
[MEM_MON]   task=IDLE1            stack_free_min=756
[MEM_MON]   task=PRINT_CHECK      stack_free_min=6852
[MEM_MON]   task=button_task      stack_free_min=6716
[MEM_MON]   task=BLINK_TESTS      stack_free_min=6736
[MEM_MON]   task=READ_AMPOULES    stack_free_min=6648
[MEM_MON]   task=LED_PANEL        stack_free_min=7216
[MEM_MON]   task=BUZZER_ALARM     stack_free_min=4420
[MEM_MON]   task=BUZZER_ALERT     stack_free_min=4424
[MEM_MON]   task=TASK_CHECK_TST_  stack_free_min=7500
[MEM_MON]   task=button_event     stack_free_min=7188
[MEM_MON]   task=tiT              stack_free_min=1468
[MEM_MON]   task=BLINK_HEATER     stack_free_min=6904
[MEM_MON]   task=READ_AMPOULES_T  stack_free_min=6856
[MEM_MON]   task=check_temperatu  stack_free_min=3984
[MEM_MON]   task=check_heat_temp  stack_free_min=2976
[MEM_MON]   task=Tmr Svc          stack_free_min=2348
[MEM_MON]   task=PRINT_TST        stack_free_min=7020
[MEM_MON]   task=main             stack_free_min=1192
[MEM_MON]   task=daemon           stack_free_min=2128
[MEM_MON]   task=class            stack_free_min=2136
[MEM_MON]   task=HEATER_FAIL      stack_free_min=4368
[MEM_MON]   task=AMP_LEDS_TST     stack_free_min=7240
[MEM_MON]   task=AMP_LEDS_ERR     stack_free_min=7232
[MEM_MON]   task=ipc0             stack_free_min=532
[MEM_MON]   task=ipc1             stack_free_min=536
[MEM_MON]   task=wifi             stack_free_min=4212
[MEM_MON]   task=esp_timer        stack_free_min=3632
[MEM_MON]   task=httpd            stack_free_min=2944
[MEM_MON]   task=sys_evt          stack_free_min=1588
[MEM_MON] heap_free=85404 heap_min_free=75508 internal_free=85404
[MEM_MON]   task=MEM_MONITOR      stack_free_min=884
[MEM_MON]   task=IDLE1            stack_free_min=756
[MEM_MON]   task=IDLE0            stack_free_min=748
[MEM_MON]   task=BLINK_HEATER     stack_free_min=6904
[MEM_MON]   task=PRINT_TST        stack_free_min=7020
[MEM_MON]   task=BLINK_TESTS      stack_free_min=6736
[MEM_MON]   task=READ_AMPOULES    stack_free_min=6648
[MEM_MON]   task=BUZZER_ALARM     stack_free_min=4420
[MEM_MON]   task=BUZZER_ALERT     stack_free_min=4424
[MEM_MON]   task=LED_PANEL        stack_free_min=7216
[MEM_MON]   task=TASK_CHECK_TST_  stack_free_min=7500
[MEM_MON]   task=tiT              stack_free_min=1468
[MEM_MON]   task=button_event     stack_free_min=7188
[MEM_MON]   task=check_heat_temp  stack_free_min=2976
[MEM_MON]   task=READ_AMPOULES_T  stack_free_min=6856
[MEM_MON]   task=PRINT_CHECK      stack_free_min=6852
[MEM_MON]   task=button_task      stack_free_min=6716
[MEM_MON]   task=Tmr Svc          stack_free_min=2348
[MEM_MON]   task=check_temperatu  stack_free_min=3984
[MEM_MON]   task=daemon           stack_free_min=2128
[MEM_MON]   task=class            stack_free_min=2136
[MEM_MON]   task=HEATER_FAIL      stack_free_min=4368
[MEM_MON]   task=AMP_LEDS_TST     stack_free_min=7240
[MEM_MON]   task=AMP_LEDS_ERR     stack_free_min=7232
[MEM_MON]   task=ipc0             stack_free_min=532
[MEM_MON]   task=ipc1             stack_free_min=536
[MEM_MON]   task=httpd            stack_free_min=2944
[MEM_MON]   task=esp_timer        stack_free_min=3632
[MEM_MON]   task=wifi             stack_free_min=4212
[MEM_MON]   task=sys_evt          stack_free_min=1588
[MEM_MON]   task=main             stack_free_min=1192

[0;31mE (393457) HEATER: Temperatura: 26.000[0m
[0;31mE (393457) HEATER: Funcoes Habilitadas: Não[0m
[0;31mE (393457) HEATER: Esta em teste: Nao[0m
[0;31mE (393457) HEATER: Temperatura estabilizada: Nao[0m
[0;31mE (393467) HEATER: Temperatura no Range > 53.0 e < 68.0: Nao[0m

[0;32mI (393467) HEATER: AGUARDE: Temperatura de aquecimento atual: 26.000[0m
[MEM_MON] heap_free=85584 heap_min_free=75508 internal_free=85584
[MEM_MON]   task=MEM_MONITOR      stack_free_min=884
[MEM_MON]   task=IDLE0            stack_free_min=748
[MEM_MON]   task=IDLE1            stack_free_min=756
[MEM_MON]   task=PRINT_TST        stack_free_min=7020
[MEM_MON]   task=BLINK_TESTS      stack_free_min=6736
[MEM_MON]   task=BUZZER_ALARM     stack_free_min=4420
[MEM_MON]   task=BUZZER_ALERT     stack_free_min=4424
[MEM_MON]   task=TASK_CHECK_TST_  stack_free_min=7500
[MEM_MON]   task=READ_AMPOULES    stack_free_min=6648
[MEM_MON]   task=tiT              stack_free_min=1468
[MEM_MON]   task=LED_PANEL        stack_free_min=7216
[MEM_MON]   task=button_event     stack_free_min=7188
[MEM_MON]   task=READ_AMPOULES_T  stack_free_min=6856
[MEM_MON]   task=PRINT_CHECK      stack_free_min=6852
[MEM_MON]   task=BLINK_HEATER     stack_free_min=6904
[MEM_MON]   task=check_heat_temp  stack_free_min=2976
[MEM_MON]   task=check_temperatu  stack_free_min=3984
[MEM_MON]   task=Tmr Svc          stack_free_min=2348
[MEM_MON]   task=button_task      stack_free_min=6716
[MEM_MON]   task=class            stack_free_min=2136
[MEM_MON]   task=HEATER_FAIL      stack_free_min=4368
[MEM_MON]   task=AMP_LEDS_TST     stack_free_min=7240
[MEM_MON]   task=AMP_LEDS_ERR     stack_free_min=7232
[MEM_MON]   task=ipc0             stack_free_min=532
[MEM_MON]   task=ipc1             stack_free_min=536
[MEM_MON]   task=httpd            stack_free_min=2944
[MEM_MON]   task=sys_evt          stack_free_min=1588
[MEM_MON]   task=esp_timer        stack_free_min=3632
[MEM_MON]   task=wifi             stack_free_min=4212
[MEM_MON]   task=main             stack_free_min=1192
[MEM_MON]   task=daemon           stack_free_min=2128
[MEM_MON] heap_free=85584 heap_min_free=75508 internal_free=85584
[MEM_MON]   task=MEM_MONITOR      stack_free_min=884
[MEM_MON]   task=IDLE1            stack_free_min=756
[MEM_MON]   task=IDLE0            stack_free_min=748
[MEM_MON]   task=BUZZER_ALARM     stack_free_min=4420
[MEM_MON]   task=READ_AMPOULES    stack_free_min=6648
[MEM_MON]   task=BUZZER_ALERT     stack_free_min=4424
[MEM_MON]   task=PRINT_TST        stack_free_min=7020
[MEM_MON]   task=TASK_CHECK_TST_  stack_free_min=7500
[MEM_MON]   task=BLINK_TESTS      stack_free_min=6736
[MEM_MON]   task=tiT              stack_free_min=1468
[MEM_MON]   task=button_event     stack_free_min=7188
[MEM_MON]   task=LED_PANEL        stack_free_min=7216
[MEM_MON]   task=READ_AMPOULES_T  stack_free_min=6856
[MEM_MON]   task=PRINT_CHECK      stack_free_min=6852
[MEM_MON]   task=BLINK_HEATER     stack_free_min=6904
[MEM_MON]   task=check_heat_temp  stack_free_min=2976
[MEM_MON]   task=check_temperatu  stack_free_min=3984
[MEM_MON]   task=Tmr Svc          stack_free_min=2348
[MEM_MON]   task=button_task      stack_free_min=6716
[MEM_MON]   task=HEATER_FAIL      stack_free_min=4368
[MEM_MON]   task=AMP_LEDS_TST     stack_free_min=7240
[MEM_MON]   task=AMP_LEDS_ERR     stack_free_min=7232
[MEM_MON]   task=ipc0             stack_free_min=532
[MEM_MON]   task=ipc1             stack_free_min=536
[MEM_MON]   task=httpd            stack_free_min=2944
[MEM_MON]   task=sys_evt          stack_free_min=1588
[MEM_MON]   task=main             stack_free_min=1192
[MEM_MON]   task=esp_timer        stack_free_min=3632
[MEM_MON]   task=wifi             stack_free_min=4212
[MEM_MON]   task=daemon           stack_free_min=2128
[MEM_MON]   task=class            stack_free_min=2136
[MEM_MON] heap_free=85584 heap_min_free=75508 internal_free=85584
[MEM_MON]   task=MEM_MONITOR      stack_free_min=884
[MEM_MON]   task=IDLE1            stack_free_min=756
[MEM_MON]   task=IDLE0            stack_free_min=748
[MEM_MON]   task=button_task      stack_free_min=6716
[MEM_MON]   task=tiT              stack_free_min=1468
[MEM_MON]   task=READ_AMPOULES    stack_free_min=6648
[MEM_MON]   task=PRINT_TST        stack_free_min=7020
[MEM_MON]   task=BLINK_TESTS      stack_free_min=6736
[MEM_MON]   task=check_heat_temp  stack_free_min=2976
[MEM_MON]   task=READ_AMPOULES_T  stack_free_min=6856
[MEM_MON]   task=button_event     stack_free_min=7188
[MEM_MON]   task=PRINT_CHECK      stack_free_min=6852
[MEM_MON]   task=BLINK_HEATER     stack_free_min=6904
[MEM_MON]   task=BUZZER_ALARM     stack_free_min=4420
[MEM_MON]   task=BUZZER_ALERT     stack_free_min=4424
[MEM_MON]   task=TASK_CHECK_TST_  stack_free_min=7500
[MEM_MON]   task=check_temperatu  stack_free_min=3984
[MEM_MON]   task=Tmr Svc          stack_free_min=2348
[MEM_MON]   task=LED_PANEL        stack_free_min=7216
[MEM_MON]   task=AMP_LEDS_TST     stack_free_min=7240
[MEM_MON]   task=AMP_LEDS_ERR     stack_free_min=7232
[MEM_MON]   task=ipc0             stack_free_min=532
[MEM_MON]   task=ipc1             stack_free_min=536
[MEM_MON]   task=httpd            stack_free_min=2944
[MEM_MON]   task=sys_evt          stack_free_min=1588
[MEM_MON]   task=main             stack_free_min=1192
[MEM_MON]   task=daemon           stack_free_min=2128
[MEM_MON]   task=esp_timer        stack_free_min=3632
[MEM_MON]   task=wifi             stack_free_min=4212
[MEM_MON]   task=class            stack_free_min=2136
[MEM_MON]   task=HEATER_FAIL      stack_free_min=4368
[MEM_MON] heap_free=85584 heap_min_free=75508 internal_free=85584
[MEM_MON]   task=MEM_MONITOR      stack_free_min=884
[MEM_MON]   task=IDLE1            stack_free_min=756
[MEM_MON]   task=IDLE0            stack_free_min=748
[MEM_MON]   task=button_task      stack_free_min=6716
[MEM_MON]   task=LED_PANEL        stack_free_min=7216
[MEM_MON]   task=READ_AMPOULES    stack_free_min=6648
[MEM_MON]   task=PRINT_TST        stack_free_min=7020
[MEM_MON]   task=check_heat_temp  stack_free_min=2976
[MEM_MON]   task=READ_AMPOULES_T  stack_free_min=6856
[MEM_MON]   task=tiT              stack_free_min=1468
[MEM_MON]   task=PRINT_CHECK      stack_free_min=6852
[MEM_MON]   task=button_event     stack_free_min=7188
[MEM_MON]   task=BLINK_TESTS      stack_free_min=6736
[MEM_MON]   task=BUZZER_ALARM     stack_free_min=4420
[MEM_MON]   task=BUZZER_ALERT     stack_free_min=4424
[MEM_MON]   task=TASK_CHECK_TST_  stack_free_min=7500
[MEM_MON]   task=check_temperatu  stack_free_min=3984
[MEM_MON]   task=Tmr Svc          stack_free_min=2348
[MEM_MON]   task=BLINK_HEATER     stack_free_min=6904
[MEM_MON]   task=AMP_LEDS_ERR     stack_free_min=7232
[MEM_MON]   task=ipc0             stack_free_min=532
[MEM_MON]   task=ipc1             stack_free_min=536
[MEM_MON]   task=httpd            stack_free_min=2944
[MEM_MON]   task=sys_evt          stack_free_min=1588
[MEM_MON]   task=main             stack_free_min=1192
[MEM_MON]   task=daemon           stack_free_min=2128
[MEM_MON]   task=class            stack_free_min=2136
[MEM_MON]   task=esp_timer        stack_free_min=3632
[MEM_MON]   task=wifi             stack_free_min=4212
[MEM_MON]   task=HEATER_FAIL      stack_free_min=4368
[MEM_MON]   task=AMP_LEDS_TST     stack_free_min=7240
[MEM_MON] heap_free=85404 heap_min_free=75508 internal_free=85404
[MEM_MON]   task=MEM_MONITOR      stack_free_min=884
[MEM_MON]   task=IDLE1            stack_free_min=756
[MEM_MON]   task=IDLE0            stack_free_min=748
[MEM_MON]   task=check_temperatu  stack_free_min=3984
[MEM_MON]   task=READ_AMPOULES_T  stack_free_min=6856
[MEM_MON]   task=BLINK_TESTS      stack_free_min=6736
[MEM_MON]   task=tiT              stack_free_min=1468
[MEM_MON]   task=PRINT_CHECK      stack_free_min=6852
[MEM_MON]   task=READ_AMPOULES    stack_free_min=6648
[MEM_MON]   task=PRINT_TST        stack_free_min=7020
[MEM_MON]   task=button_event     stack_free_min=7188
[MEM_MON]   task=BUZZER_ALARM     stack_free_min=4420
[MEM_MON]   task=BUZZER_ALERT     stack_free_min=4424
[MEM_MON]   task=TASK_CHECK_TST_  stack_free_min=7500
[MEM_MON]   task=BLINK_HEATER     stack_free_min=6904
[MEM_MON]   task=button_task      stack_free_min=6716
[MEM_MON]   task=check_heat_temp  stack_free_min=2976
[MEM_MON]   task=Tmr Svc          stack_free_min=2348
[MEM_MON]   task=LED_PANEL        stack_free_min=7216
[MEM_MON]   task=ipc0             stack_free_min=532
[MEM_MON]   task=ipc1             stack_free_min=536
[MEM_MON]   task=httpd            stack_free_min=2944
[MEM_MON]   task=sys_evt          stack_free_min=1588
[MEM_MON]   task=main             stack_free_min=1192
[MEM_MON]   task=daemon           stack_free_min=2128
[MEM_MON]   task=class            stack_free_min=2136
[MEM_MON]   task=HEATER_FAIL      stack_free_min=4368
[MEM_MON]   task=esp_timer        stack_free_min=3632
[MEM_MON]   task=wifi             stack_free_min=4212
[MEM_MON]   task=AMP_LEDS_TST     stack_free_min=7240
[MEM_MON]   task=AMP_LEDS_ERR     stack_free_min=7232
[MEM_MON] heap_free=85584 heap_min_free=75508 internal_free=85584
[MEM_MON]   task=MEM_MONITOR      stack_free_min=884
[MEM_MON]   task=IDLE0            stack_free_min=748
[MEM_MON]   task=IDLE1            stack_free_min=756
[MEM_MON]   task=tiT              stack_free_min=1468
[MEM_MON]   task=PRINT_CHECK      stack_free_min=6852
[MEM_MON]   task=LED_PANEL        stack_free_min=7216
[MEM_MON]   task=BLINK_TESTS      stack_free_min=6736
[MEM_MON]   task=BLINK_HEATER     stack_free_min=6904
[MEM_MON]   task=READ_AMPOULES    stack_free_min=6648
[MEM_MON]   task=button_event     stack_free_min=7188
[MEM_MON]   task=PRINT_TST        stack_free_min=7020
[MEM_MON]   task=BUZZER_ALARM     stack_free_min=4420
[MEM_MON]   task=BUZZER_ALERT     stack_free_min=4424
[MEM_MON]   task=TASK_CHECK_TST_  stack_free_min=7500
[MEM_MON]   task=check_heat_temp  stack_free_min=2976
[MEM_MON]   task=READ_AMPOULES_T  stack_free_min=6856
[MEM_MON]   task=check_temperatu  stack_free_min=3984
[MEM_MON]   task=Tmr Svc          stack_free_min=2348
[MEM_MON]   task=button_task      stack_free_min=6716
[MEM_MON]   task=ipc1             stack_free_min=536
[MEM_MON]   task=httpd            stack_free_min=2944
[MEM_MON]   task=sys_evt          stack_free_min=1588
[MEM_MON]   task=main             stack_free_min=1192
[MEM_MON]   task=daemon           stack_free_min=2128
[MEM_MON]   task=class            stack_free_min=2136
[MEM_MON]   task=HEATER_FAIL      stack_free_min=4368
[MEM_MON]   task=AMP_LEDS_TST     stack_free_min=7240
[MEM_MON]   task=esp_timer        stack_free_min=3632
[MEM_MON]   task=wifi             stack_free_min=4212
[MEM_MON]   task=AMP_LEDS_ERR     stack_free_min=7232
[MEM_MON]   task=ipc0             stack_free_min=532

[0;31mE (400477) HEATER: Temperatura: 26.000[0m
[0;31mE (400477) HEATER: Funcoes Habilitadas: Não[0m
[0;31mE (400477) HEATER: Esta em teste: Nao[0m
[0;31mE (400477) HEATER: Temperatura estabilizada: Nao[0m
[0;31mE (400477) HEATER: Temperatura no Range > 53.0 e < 68.0: Nao[0m

[0;32mI (400487) HEATER: AGUARDE: Temperatura de aquecimento atual: 26.000[0m
[MEM_MON] heap_free=85584 heap_min_free=75508 internal_free=85584
[MEM_MON]   task=MEM_MONITOR      stack_free_min=884
[MEM_MON]   task=IDLE0            stack_free_min=748
[MEM_MON]   task=IDLE1            stack_free_min=756
[MEM_MON]   task=READ_AMPOULES    stack_free_min=6648
[MEM_MON]   task=BLINK_HEATER     stack_free_min=6904
[MEM_MON]   task=LED_PANEL        stack_free_min=7216
[MEM_MON]   task=button_event     stack_free_min=7188
[MEM_MON]   task=BUZZER_ALARM     stack_free_min=4420
[MEM_MON]   task=BUZZER_ALERT     stack_free_min=4424
[MEM_MON]   task=PRINT_TST        stack_free_min=7020
[MEM_MON]   task=TASK_CHECK_TST_  stack_free_min=7500
[MEM_MON]   task=BLINK_TESTS      stack_free_min=6736
[MEM_MON]   task=tiT              stack_free_min=1468
[MEM_MON]   task=READ_AMPOULES_T  stack_free_min=6856
[MEM_MON]   task=PRINT_CHECK      stack_free_min=6852
[MEM_MON]   task=check_heat_temp  stack_free_min=2976
[MEM_MON]   task=check_temperatu  stack_free_min=3984
[MEM_MON]   task=Tmr Svc          stack_free_min=2348
[MEM_MON]   task=button_task      stack_free_min=6716
[MEM_MON]   task=httpd            stack_free_min=2944
[MEM_MON]   task=sys_evt          stack_free_min=1588
[MEM_MON]   task=main             stack_free_min=1192
[MEM_MON]   task=daemon           stack_free_min=2128
[MEM_MON]   task=class            stack_free_min=2136
[MEM_MON]   task=HEATER_FAIL      stack_free_min=4368
[MEM_MON]   task=AMP_LEDS_TST     stack_free_min=7240
[MEM_MON]   task=AMP_LEDS_ERR     stack_free_min=7232
[MEM_MON]   task=wifi             stack_free_min=4212
[MEM_MON]   task=esp_timer        stack_free_min=3632
[MEM_MON]   task=ipc0             stack_free_min=532
[MEM_MON]   task=ipc1             stack_free_min=536
[MEM_MON] heap_free=85584 heap_min_free=75508 internal_free=85584
[MEM_MON]   task=MEM_MONITOR      stack_free_min=884
[MEM_MON]   task=IDLE0            stack_free_min=748
[MEM_MON]   task=IDLE1            stack_free_min=756
[MEM_MON]   task=READ_AMPOULES    stack_free_min=6648
[MEM_MON]   task=BUZZER_ALARM     stack_free_min=4420
[MEM_MON]   task=BUZZER_ALERT     stack_free_min=4424
[MEM_MON]   task=button_event     stack_free_min=7188
[MEM_MON]   task=LED_PANEL        stack_free_min=7216
[MEM_MON]   task=BLINK_TESTS      stack_free_min=6736
[MEM_MON]   task=TASK_CHECK_TST_  stack_free_min=7500
[MEM_MON]   task=tiT              stack_free_min=1468
[MEM_MON]   task=PRINT_TST        stack_free_min=7020
[MEM_MON]   task=READ_AMPOULES_T  stack_free_min=6856
[MEM_MON]   task=PRINT_CHECK      stack_free_min=6852
[MEM_MON]   task=BLINK_HEATER     stack_free_min=6904
[MEM_MON]   task=check_heat_temp  stack_free_min=2976
[MEM_MON]   task=check_temperatu  stack_free_min=3984
[MEM_MON]   task=Tmr Svc          stack_free_min=2348
[MEM_MON]   task=button_task      stack_free_min=6716
[MEM_MON]   task=sys_evt          stack_free_min=1588
[MEM_MON]   task=main             stack_free_min=1192
[MEM_MON]   task=daemon           stack_free_min=2128
[MEM_MON]   task=class            stack_free_min=2136
[MEM_MON]   task=HEATER_FAIL      stack_free_min=4368
[MEM_MON]   task=AMP_LEDS_TST     stack_free_min=7240
[MEM_MON]   task=AMP_LEDS_ERR     stack_free_min=7232
[MEM_MON]   task=ipc0             stack_free_min=532
[MEM_MON]   task=esp_timer        stack_free_min=3632
[MEM_MON]   task=wifi             stack_free_min=4212
[MEM_MON]   task=ipc1             stack_free_min=536
[MEM_MON]   task=httpd            stack_free_min=2944
[MEM_MON] heap_free=85584 heap_min_free=75508 internal_free=85584
[MEM_MON]   task=MEM_MONITOR      stack_free_min=884
[MEM_MON]   task=IDLE1            stack_free_min=756
[MEM_MON]   task=IDLE0            stack_free_min=748
[MEM_MON]   task=button_task      stack_free_min=6716
[MEM_MON]   task=BUZZER_ALARM     stack_free_min=4420
[MEM_MON]   task=BUZZER_ALERT     stack_free_min=4424
[MEM_MON]   task=TASK_CHECK_TST_  stack_free_min=7500
[MEM_MON]   task=READ_AMPOULES    stack_free_min=6648
[MEM_MON]   task=button_event     stack_free_min=7188
[MEM_MON]   task=tiT              stack_free_min=1468
[MEM_MON]   task=LED_PANEL        stack_free_min=7216
[MEM_MON]   task=BLINK_TESTS      stack_free_min=6736
[MEM_MON]   task=check_heat_temp  stack_free_min=2976
[MEM_MON]   task=READ_AMPOULES_T  stack_free_min=6856
[MEM_MON]   task=PRINT_CHECK      stack_free_min=6852
[MEM_MON]   task=BLINK_HEATER     stack_free_min=6904
[MEM_MON]   task=check_temperatu  stack_free_min=3984
[MEM_MON]   task=Tmr Svc          stack_free_min=2348
[MEM_MON]   task=PRINT_TST        stack_free_min=7020
[MEM_MON]   task=main             stack_free_min=1192
[MEM_MON]   task=daemon           stack_free_min=2128
[MEM_MON]   task=class            stack_free_min=2136
[MEM_MON]   task=HEATER_FAIL      stack_free_min=4368
[MEM_MON]   task=AMP_LEDS_TST     stack_free_min=7240
[MEM_MON]   task=AMP_LEDS_ERR     stack_free_min=7232
[MEM_MON]   task=ipc0             stack_free_min=532
[MEM_MON]   task=ipc1             stack_free_min=536
[MEM_MON]   task=esp_timer        stack_free_min=3632
[MEM_MON]   task=wifi             stack_free_min=4212
[MEM_MON]   task=httpd            stack_free_min=2944
[MEM_MON]   task=sys_evt          stack_free_min=1588
[MEM_MON] heap_free=85404 heap_min_free=75508 internal_free=85404
[MEM_MON]   task=MEM_MONITOR      stack_free_min=884
[MEM_MON]   task=IDLE1            stack_free_min=756
[MEM_MON]   task=IDLE0            stack_free_min=748
[MEM_MON]   task=BLINK_TESTS      stack_free_min=6736
[MEM_MON]   task=tiT              stack_free_min=1468
[MEM_MON]   task=PRINT_TST        stack_free_min=7020
[MEM_MON]   task=button_event     stack_free_min=7188
[MEM_MON]   task=check_temperatu  stack_free_min=3984
[MEM_MON]   task=BLINK_HEATER     stack_free_min=6904
[MEM_MON]   task=READ_AMPOULES    stack_free_min=6648
[MEM_MON]   task=LED_PANEL        stack_free_min=7216
[MEM_MON]   task=check_heat_temp  stack_free_min=2976
[MEM_MON]   task=READ_AMPOULES_T  stack_free_min=6856
[MEM_MON]   task=PRINT_CHECK      stack_free_min=6852
[MEM_MON]   task=BUZZER_ALARM     stack_free_min=4420
[MEM_MON]   task=BUZZER_ALERT     stack_free_min=4424
[MEM_MON]   task=button_task      stack_free_min=6716
[MEM_MON]   task=Tmr Svc          stack_free_min=2348
[MEM_MON]   task=TASK_CHECK_TST_  stack_free_min=7500
[MEM_MON]   task=daemon           stack_free_min=2128
[MEM_MON]   task=class            stack_free_min=2136
[MEM_MON]   task=HEATER_FAIL      stack_free_min=4368
[MEM_MON]   task=AMP_LEDS_TST     stack_free_min=7240
[MEM_MON]   task=AMP_LEDS_ERR     stack_free_min=7232
[MEM_MON]   task=ipc0             stack_free_min=532
[MEM_MON]   task=ipc1             stack_free_min=536
[MEM_MON]   task=httpd            stack_free_min=2944
[MEM_MON]   task=esp_timer        stack_free_min=3632
[MEM_MON]   task=wifi             stack_free_min=4212
[MEM_MON]   task=sys_evt          stack_free_min=1588
[MEM_MON]   task=main             stack_free_min=1192
[MEM_MON] heap_free=85584 heap_min_free=75508 internal_free=85584
[MEM_MON]   task=MEM_MONITOR      stack_free_min=884
[MEM_MON]   task=IDLE0            stack_free_min=748
[MEM_MON]   task=IDLE1            stack_free_min=756
[MEM_MON]   task=button_task      stack_free_min=6716
[MEM_MON]   task=BLINK_HEATER     stack_free_min=6904
[MEM_MON]   task=PRINT_TST        stack_free_min=7020
[MEM_MON]   task=button_event     stack_free_min=7188
[MEM_MON]   task=READ_AMPOULES    stack_free_min=6648
[MEM_MON]   task=READ_AMPOULES_T  stack_free_min=6856
[MEM_MON]   task=tiT              stack_free_min=1468
[MEM_MON]   task=PRINT_CHECK      stack_free_min=6852
[MEM_MON]   task=LED_PANEL        stack_free_min=7216
[MEM_MON]   task=BUZZER_ALARM     stack_free_min=4420
[MEM_MON]   task=BUZZER_ALERT     stack_free_min=4424
[MEM_MON]   task=TASK_CHECK_TST_  stack_free_min=7500
[MEM_MON]   task=check_heat_temp  stack_free_min=2976
[MEM_MON]   task=check_temperatu  stack_free_min=3984
[MEM_MON]   task=Tmr Svc          stack_free_min=2348
[MEM_MON]   task=BLINK_TESTS      stack_free_min=6736
[MEM_MON]   task=class            stack_free_min=2136
[MEM_MON]   task=HEATER_FAIL      stack_free_min=4368
[MEM_MON]   task=AMP_LEDS_TST     stack_free_min=7240
[MEM_MON]   task=AMP_LEDS_ERR     stack_free_min=7232
[MEM_MON]   task=ipc0             stack_free_min=532
[MEM_MON]   task=ipc1             stack_free_min=536
[MEM_MON]   task=httpd            stack_free_min=2944
[MEM_MON]   task=sys_evt          stack_free_min=1588
[MEM_MON]   task=esp_timer        stack_free_min=3632
[MEM_MON]   task=wifi             stack_free_min=4212
[MEM_MON]   task=main             stack_free_min=1192
[MEM_MON]   task=daemon           stack_free_min=2128
[MEM_MON] heap_free=85584 heap_min_free=75508 internal_free=85584
[MEM_MON]   task=MEM_MONITOR      stack_free_min=884
[MEM_MON]   task=IDLE1            stack_free_min=756
[MEM_MON]   task=IDLE0            stack_free_min=748
[MEM_MON]   task=READ_AMPOULES    stack_free_min=6648
[MEM_MON]   task=button_event     stack_free_min=7188
[MEM_MON]   task=BLINK_TESTS      stack_free_min=6736
[MEM_MON]   task=PRINT_TST        stack_free_min=7020
[MEM_MON]   task=READ_AMPOULES_T  stack_free_min=6856
[MEM_MON]   task=tiT              stack_free_min=1468
[MEM_MON]   task=PRINT_CHECK      stack_free_min=6852
[MEM_MON]   task=BLINK_HEATER     stack_free_min=6904
[MEM_MON]   task=LED_PANEL        stack_free_min=7216
[MEM_MON]   task=BUZZER_ALARM     stack_free_min=4420
[MEM_MON]   task=BUZZER_ALERT     stack_free_min=4424
[MEM_MON]   task=TASK_CHECK_TST_  stack_free_min=7500
[MEM_MON]   task=check_heat_temp  stack_free_min=2976
[MEM_MON]   task=check_temperatu  stack_free_min=3984
[MEM_MON]   task=Tmr Svc          stack_free_min=2348
[MEM_MON]   task=button_task      stack_free_min=6716
[MEM_MON]   task=HEATER_FAIL      stack_free_min=4368
[MEM_MON]   task=AMP_LEDS_TST     stack_free_min=7240
[MEM_MON]   task=AMP_LEDS_ERR     stack_free_min=7232
[MEM_MON]   task=ipc0             stack_free_min=532
[MEM_MON]   task=ipc1             stack_free_min=536
[MEM_MON]   task=httpd            stack_free_min=2944
[MEM_MON]   task=sys_evt          stack_free_min=1588
[MEM_MON]   task=main             stack_free_min=1192
[MEM_MON]   task=esp_timer        stack_free_min=3632
[MEM_MON]   task=wifi             stack_free_min=4212
[MEM_MON]   task=daemon           stack_free_min=2128
[MEM_MON]   task=class            stack_free_min=2136
[MEM_MON] heap_free=85584 heap_min_free=75508 internal_free=85584
[MEM_MON]   task=MEM_MONITOR      stack_free_min=884
[MEM_MON]   task=IDLE1            stack_free_min=756
[MEM_MON]   task=IDLE0            stack_free_min=748
[MEM_MON]   task=check_heat_temp  stack_free_min=2976
[MEM_MON]   task=READ_AMPOULES_T  stack_free_min=6856
[MEM_MON]   task=LED_PANEL        stack_free_min=7216
[MEM_MON]   task=button_task      stack_free_min=6716

[0;31mE (407497) HEATER: Temperatura: 26.000[0m
[MEM_MON]   task=tiT              stack_free_min=1468
[0;31mE (407497) HEATER: Funcoes Habilitadas: Não[0m
[MEM_MON]   task=PRINT_CHECK      stack_free_min=6852
[MEM_MON]   task=READ_AMPOULES    stack_free_min=6648
[MEM_MON]   task=BLINK_TESTS      stack_free_min=6736
[MEM_MON]   task=PRINT_TST        stack_free_min=7020
[MEM_MON]   task=BLINK_HEATER     stack_free_min=6904
[0;31mE (407507) HEATER: Esta em teste: Nao[0m
[MEM_MON]   task=BUZZER_ALARM     stack_free_min=4420
[0;31mE (407537) HEATER: Temperatura estabilizada: Nao[0m
[MEM_MON]   task=BUZZER_ALERT     stack_free_min=4424
[0;31mE (407547) HEATER: Temperatura no Range > 53.0 e < 68.0: Nao[0m

[MEM_MON]   task=TASK_CHECK_TST_  stack_free_min=7500
[0;32mI (407557) HEATER: AGUARDE: Temperatura de aquecimento atual: 26.000[0m
[MEM_MON]   task=check_temperatu  stack_free_min=3984
[MEM_MON]   task=Tmr Svc          stack_free_min=2348
[MEM_MON]   task=button_event     stack_free_min=7188
[MEM_MON]   task=AMP_LEDS_TST     stack_free_min=7240
[MEM_MON]   task=AMP_LEDS_ERR     stack_free_min=7232
[MEM_MON]   task=ipc0             stack_free_min=532
[MEM_MON]   task=ipc1             stack_free_min=536
[MEM_MON]   task=httpd            stack_free_min=2944
[MEM_MON]   task=sys_evt          stack_free_min=1588
[MEM_MON]   task=main             stack_free_min=1192
[MEM_MON]   task=daemon           stack_free_min=2128
[MEM_MON]   task=esp_timer        stack_free_min=3632
[MEM_MON]   task=wifi             stack_free_min=4212
[MEM_MON]   task=class            stack_free_min=2136
[MEM_MON]   task=HEATER_FAIL      stack_free_min=4368
[MEM_MON] heap_free=85404 heap_min_free=75508 internal_free=85404
[MEM_MON]   task=MEM_MONITOR      stack_free_min=884
[MEM_MON]   task=IDLE1            stack_free_min=756
[MEM_MON]   task=IDLE0            stack_free_min=748
[MEM_MON]   task=BLINK_TESTS      stack_free_min=6736
[MEM_MON]   task=LED_PANEL        stack_free_min=7216
[MEM_MON]   task=BLINK_HEATER     stack_free_min=6904
[MEM_MON]   task=READ_AMPOULES    stack_free_min=6648
[MEM_MON]   task=PRINT_TST        stack_free_min=7020
[MEM_MON]   task=BUZZER_ALARM     stack_free_min=4420
[MEM_MON]   task=BUZZER_ALERT     stack_free_min=4424
[MEM_MON]   task=TASK_CHECK_TST_  stack_free_min=7500
[MEM_MON]   task=tiT              stack_free_min=1468
[MEM_MON]   task=READ_AMPOULES_T  stack_free_min=6856
[MEM_MON]   task=PRINT_CHECK      stack_free_min=6852
[MEM_MON]   task=button_task      stack_free_min=6716
[MEM_MON]   task=check_temperatu  stack_free_min=3984
[MEM_MON]   task=check_heat_temp  stack_free_min=2976
[MEM_MON]   task=Tmr Svc          stack_free_min=2348
[MEM_MON]   task=button_event     stack_free_min=7188
[MEM_MON]   task=AMP_LEDS_ERR     stack_free_min=7232
[MEM_MON]   task=ipc0             stack_free_min=532
[MEM_MON]   task=ipc1             stack_free_min=536
[MEM_MON]   task=httpd            stack_free_min=2944
[MEM_MON]   task=sys_evt          stack_free_min=1588
[MEM_MON]   task=main             stack_free_min=1192
[MEM_MON]   task=daemon           stack_free_min=2128
[MEM_MON]   task=class            stack_free_min=2136
[MEM_MON]   task=esp_timer        stack_free_min=3632
[MEM_MON]   task=wifi             stack_free_min=4212
[MEM_MON]   task=HEATER_FAIL      stack_free_min=4368
[MEM_MON]   task=AMP_LEDS_TST     stack_free_min=7240
[MEM_MON] heap_free=85584 heap_min_free=75508 internal_free=85584
[MEM_MON]   task=MEM_MONITOR      stack_free_min=884
[MEM_MON]   task=IDLE1            stack_free_min=756
[MEM_MON]   task=IDLE0            stack_free_min=748
[MEM_MON]   task=button_task      stack_free_min=6716
[MEM_MON]   task=BLINK_TESTS      stack_free_min=6736
[MEM_MON]   task=check_temperatu  stack_free_min=3984
[MEM_MON]   task=BUZZER_ALARM     stack_free_min=4420
[MEM_MON]   task=READ_AMPOULES    stack_free_min=6648
[MEM_MON]   task=BUZZER_ALERT     stack_free_min=4424
[MEM_MON]   task=PRINT_TST        stack_free_min=7020
[MEM_MON]   task=TASK_CHECK_TST_  stack_free_min=7500
[MEM_MON]   task=tiT              stack_free_min=1468
[MEM_MON]   task=READ_AMPOULES_T  stack_free_min=6856
[MEM_MON]   task=PRINT_CHECK      stack_free_min=6852
[MEM_MON]   task=check_heat_temp  stack_free_min=2976
[MEM_MON]   task=BLINK_HEATER     stack_free_min=6904
[MEM_MON]   task=button_event     stack_free_min=7188
[MEM_MON]   task=Tmr Svc          stack_free_min=2348
[MEM_MON]   task=LED_PANEL        stack_free_min=7216
[MEM_MON]   task=ipc0             stack_free_min=532
[MEM_MON]   task=ipc1             stack_free_min=536
[MEM_MON]   task=httpd            stack_free_min=2944
[MEM_MON]   task=sys_evt          stack_free_min=1588
[MEM_MON]   task=main             stack_free_min=1192
[MEM_MON]   task=daemon           stack_free_min=2128
[MEM_MON]   task=class            stack_free_min=2136
[MEM_MON]   task=HEATER_FAIL      stack_free_min=4368
[MEM_MON]   task=esp_timer        stack_free_min=3632
[MEM_MON]   task=wifi             stack_free_min=4212
[MEM_MON]   task=AMP_LEDS_TST     stack_free_min=7240
[MEM_MON]   task=AMP_LEDS_ERR     stack_free_min=7232

[0;31mE (410737) HEATER: Temperatura: 26.500[0m
[0;31mE (410737) HEATER: Funcoes Habilitadas: Não[0m
[0;31mE (410737) HEATER: Esta em teste: Nao[0m
[0;31mE (410737) HEATER: Temperatura estabilizada: Nao[0m
[0;31mE (410747) HEATER: Temperatura no Range > 53.0 e < 68.0: Nao[0m

[0;32mI (410747) HEATER: AGUARDE: Temperatura de aquecimento atual: 26.500[0m
[MEM_MON] heap_free=85584 heap_min_free=75508 internal_free=85584
[MEM_MON]   task=MEM_MONITOR      stack_free_min=884
[MEM_MON]   task=IDLE1            stack_free_min=756
[MEM_MON]   task=IDLE0            stack_free_min=748
[MEM_MON]   task=BUZZER_ALARM     stack_free_min=4420
[MEM_MON]   task=BUZZER_ALERT     stack_free_min=4424
[MEM_MON]   task=LED_PANEL        stack_free_min=7216
[MEM_MON]   task=TASK_CHECK_TST_  stack_free_min=7500
[MEM_MON]   task=BLINK_TESTS      stack_free_min=6736
[MEM_MON]   task=tiT              stack_free_min=1468
[MEM_MON]   task=READ_AMPOULES    stack_free_min=6648
[MEM_MON]   task=PRINT_TST        stack_free_min=7020
[MEM_MON]   task=READ_AMPOULES_T  stack_free_min=6856
[MEM_MON]   task=PRINT_CHECK      stack_free_min=6852
[MEM_MON]   task=BLINK_HEATER     stack_free_min=6904
[MEM_MON]   task=button_event     stack_free_min=7188
[MEM_MON]   task=check_heat_temp  stack_free_min=2976
[MEM_MON]   task=check_temperatu  stack_free_min=3984
[MEM_MON]   task=Tmr Svc          stack_free_min=2348
[MEM_MON]   task=button_task      stack_free_min=6716
[MEM_MON]   task=ipc1             stack_free_min=536
[MEM_MON]   task=httpd            stack_free_min=2944
[MEM_MON]   task=sys_evt          stack_free_min=1588
[MEM_MON]   task=main             stack_free_min=1192
[MEM_MON]   task=daemon           stack_free_min=2128
[MEM_MON]   task=class            stack_free_min=2136
[MEM_MON]   task=HEATER_FAIL      stack_free_min=4368
[MEM_MON]   task=AMP_LEDS_TST     stack_free_min=7240
[MEM_MON]   task=esp_timer        stack_free_min=3632
[MEM_MON]   task=wifi             stack_free_min=4212
[MEM_MON]   task=AMP_LEDS_ERR     stack_free_min=7232
[MEM_MON]   task=ipc0             stack_free_min=532
[MEM_MON] heap_free=85584 heap_min_free=75508 internal_free=85584
[MEM_MON]   task=MEM_MONITOR      stack_free_min=884
[MEM_MON]   task=IDLE1            stack_free_min=756
[MEM_MON]   task=IDLE0            stack_free_min=748
[MEM_MON]   task=BLINK_TESTS      stack_free_min=6736
[MEM_MON]   task=button_task      stack_free_min=6716
[MEM_MON]   task=tiT              stack_free_min=1468
[MEM_MON]   task=LED_PANEL        stack_free_min=7216
[MEM_MON]   task=PRINT_TST        stack_free_min=7020
[MEM_MON]   task=READ_AMPOULES_T  stack_free_min=6856
[MEM_MON]   task=PRINT_CHECK      stack_free_min=6852
[MEM_MON]   task=BLINK_HEATER     stack_free_min=6904
[MEM_MON]   task=BUZZER_ALARM     stack_free_min=4420
[MEM_MON]   task=BUZZER_ALERT     stack_free_min=4424
[MEM_MON]   task=button_event     stack_free_min=7188
[MEM_MON]   task=TASK_CHECK_TST_  stack_free_min=7500
[MEM_MON]   task=check_heat_temp  stack_free_min=2976
[MEM_MON]   task=check_temperatu  stack_free_min=3984
[MEM_MON]   task=Tmr Svc          stack_free_min=2348
[MEM_MON]   task=READ_AMPOULES    stack_free_min=6648
[MEM_MON]   task=httpd            stack_free_min=2944
[MEM_MON]   task=sys_evt          stack_free_min=1588
[MEM_MON]   task=main             stack_free_min=1192
[MEM_MON]   task=daemon           stack_free_min=2128
[MEM_MON]   task=class            stack_free_min=2136
[MEM_MON]   task=HEATER_FAIL      stack_free_min=4368
[MEM_MON]   task=AMP_LEDS_TST     stack_free_min=7240
[MEM_MON]   task=AMP_LEDS_ERR     stack_free_min=7232
[MEM_MON]   task=esp_timer        stack_free_min=3632
[MEM_MON]   task=wifi             stack_free_min=4212
[MEM_MON]   task=ipc0             stack_free_min=532
[MEM_MON]   task=ipc1             stack_free_min=536
[MEM_MON] heap_free=85584 heap_min_free=7550